block_seed,architecture,condition,family,lambda,rho,mu,graph_index,graph_id,log_loss,accuracy,brier
17,mean,source,source,24.0,0.6,0.35,0,target:17:source:0:1780177112,0.04327660799026489,0.984375,0.01237780787050724
17,mean_degree,source,source,24.0,0.6,0.35,0,target:17:source:0:1780177112,0.04071862995624542,0.98486328125,0.011938102543354034
17,sum,source,source,24.0,0.6,0.35,0,target:17:source:0:1780177112,0.045720379799604416,0.982666015625,0.013413378968834877
17,pna,source,source,24.0,0.6,0.35,0,target:17:source:0:1780177112,0.05565859377384186,0.980224609375,0.015423917211592197
17,mean,source,source,24.0,0.6,0.35,1,target:17:source:1:549493605,0.04170599952340126,0.985595703125,0.011278358288109303
17,mean_degree,source,source,24.0,0.6,0.35,1,target:17:source:1:549493605,0.03927674517035484,0.986083984375,0.010712823830544949
17,sum,source,source,24.0,0.6,0.35,1,target:17:source:1:549493605,0.04089972376823425,0.98583984375,0.010862572118639946
17,pna,source,source,24.0,0.6,0.35,1,target:17:source:1:549493605,0.06375809013843536,0.977783203125,0.017604954540729523
17,mean,source,source,24.0,0.6,0.35,2,target:17:source:2:1978673763,0.0436285063624382,0.983642578125,0.011942267417907715
17,mean_degree,source,source,24.0,0.6,0.35,2,target:17:source:2:1978673763,0.041488442569971085,0.985107421875,0.011523408815264702
17,sum,source,source,24.0,0.6,0.35,2,target:17:source:2:1978673763,0.04177611321210861,0.984619140625,0.011732568964362144
17,pna,source,source,24.0,0.6,0.35,2,target:17:source:2:1978673763,0.059897202998399734,0.978515625,0.016248680651187897
17,mean,source,source,24.0,0.6,0.35,3,target:17:source:3:2112723038,0.046407900750637054,0.98388671875,0.01247404608875513
17,mean_degree,source,source,24.0,0.6,0.35,3,target:17:source:3:2112723038,0.043142713606357574,0.985107421875,0.011841846629977226
17,sum,source,source,24.0,0.6,0.35,3,target:17:source:3:2112723038,0.05330682173371315,0.98193359375,0.014347715303301811
17,pna,source,source,24.0,0.6,0.35,3,target:17:source:3:2112723038,0.052167244255542755,0.98291015625,0.013958025723695755
17,mean,source,source,24.0,0.6,0.35,4,target:17:source:4:1694960662,0.03635070472955704,0.988525390625,0.009893704205751419
17,mean_degree,source,source,24.0,0.6,0.35,4,target:17:source:4:1694960662,0.03685789182782173,0.9873046875,0.00993381068110466
17,sum,source,source,24.0,0.6,0.35,4,target:17:source:4:1694960662,0.03861388936638832,0.984619140625,0.010734798386693
17,pna,source,source,24.0,0.6,0.35,4,target:17:source:4:1694960662,0.04701029881834984,0.9853515625,0.0123706990852952
17,mean,source,source,24.0,0.6,0.35,5,target:17:source:5:813481915,0.0864228755235672,0.968505859375,0.02365846559405327
17,mean_degree,source,source,24.0,0.6,0.35,5,target:17:source:5:813481915,0.07915660738945007,0.97021484375,0.022289298474788666
17,sum,source,source,24.0,0.6,0.35,5,target:17:source:5:813481915,0.09315835684537888,0.967041015625,0.025179104879498482
17,pna,source,source,24.0,0.6,0.35,5,target:17:source:5:813481915,0.09564761817455292,0.962158203125,0.027070069685578346
17,mean,source,source,24.0,0.6,0.35,6,target:17:source:6:296457972,0.035500138998031616,0.986572265625,0.009852476418018341
17,mean_degree,source,source,24.0,0.6,0.35,6,target:17:source:6:296457972,0.035455867648124695,0.986328125,0.009797399863600731
17,sum,source,source,24.0,0.6,0.35,6,target:17:source:6:296457972,0.039443355053663254,0.98681640625,0.010317811742424965
17,pna,source,source,24.0,0.6,0.35,6,target:17:source:6:296457972,0.05034324899315834,0.9833984375,0.013242306187748909
17,mean,source,source,24.0,0.6,0.35,7,target:17:source:7:1412573783,0.038799948990345,0.984619140625,0.011104823090136051
17,mean_degree,source,source,24.0,0.6,0.35,7,target:17:source:7:1412573783,0.03551916778087616,0.985107421875,0.010260584764182568
17,sum,source,source,24.0,0.6,0.35,7,target:17:source:7:1412573783,0.039134904742240906,0.9853515625,0.011183361522853374
17,pna,source,source,24.0,0.6,0.35,7,target:17:source:7:1412573783,0.05413191765546799,0.97998046875,0.014848622493445873
17,mean,lambda_low,degree,12.0,0.6,0.35,0,target:17:lambda_low:0:945522146,0.42126113176345825,0.9013671875,0.08260053396224976
17,mean_degree,lambda_low,degree,12.0,0.6,0.35,0,target:17:lambda_low:0:945522146,0.26017099618911743,0.89404296875,0.07778124511241913
17,sum,lambda_low,degree,12.0,0.6,0.35,0,target:17:lambda_low:0:945522146,0.2505984902381897,0.895263671875,0.0767698734998703
17,pna,lambda_low,degree,12.0,0.6,0.35,0,target:17:lambda_low:0:945522146,0.3636547029018402,0.893310546875,0.08672041445970535
17,mean,lambda_low,degree,12.0,0.6,0.35,1,target:17:lambda_low:1:1229450425,0.3891123831272125,0.906982421875,0.07828637957572937
17,mean_degree,lambda_low,degree,12.0,0.6,0.35,1,target:17:lambda_low:1:1229450425,0.24302369356155396,0.9013671875,0.0732387825846672
17,sum,lambda_low,degree,12.0,0.6,0.35,1,target:17:lambda_low:1:1229450425,0.2513994872570038,0.89794921875,0.07627220451831818
17,pna,lambda_low,degree,12.0,0.6,0.35,1,target:17:lambda_low:1:1229450425,0.34467417001724243,0.897216796875,0.08259307593107224
17,mean,lambda_low,degree,12.0,0.6,0.35,2,target:17:lambda_low:2:46004625,0.4177793264389038,0.8974609375,0.08501330018043518
17,mean_degree,lambda_low,degree,12.0,0.6,0.35,2,target:17:lambda_low:2:46004625,0.2832760214805603,0.88818359375,0.08310970664024353
17,sum,lambda_low,degree,12.0,0.6,0.35,2,target:17:lambda_low:2:46004625,0.27404123544692993,0.884033203125,0.08443550020456314
17,pna,lambda_low,degree,12.0,0.6,0.35,2,target:17:lambda_low:2:46004625,0.3761986792087555,0.8876953125,0.09091675281524658
17,mean,lambda_low,degree,12.0,0.6,0.35,3,target:17:lambda_low:3:1300491172,0.458950936794281,0.8916015625,0.0908512994647026
17,mean_degree,lambda_low,degree,12.0,0.6,0.35,3,target:17:lambda_low:3:1300491172,0.25277334451675415,0.891357421875,0.07762758433818817
17,sum,lambda_low,degree,12.0,0.6,0.35,3,target:17:lambda_low:3:1300491172,0.274004727602005,0.885986328125,0.08418911695480347
17,pna,lambda_low,degree,12.0,0.6,0.35,3,target:17:lambda_low:3:1300491172,0.3859238624572754,0.88427734375,0.09350401163101196
17,mean,lambda_low,degree,12.0,0.6,0.35,4,target:17:lambda_low:4:893903361,0.40006524324417114,0.90234375,0.08005580306053162
17,mean_degree,lambda_low,degree,12.0,0.6,0.35,4,target:17:lambda_low:4:893903361,0.2829670310020447,0.885009765625,0.08415569365024567
17,sum,lambda_low,degree,12.0,0.6,0.35,4,target:17:lambda_low:4:893903361,0.26156798005104065,0.887451171875,0.08013761788606644
17,pna,lambda_low,degree,12.0,0.6,0.35,4,target:17:lambda_low:4:893903361,0.3503864109516144,0.898193359375,0.08348489552736282
17,mean,lambda_low,degree,12.0,0.6,0.35,5,target:17:lambda_low:5:586393993,0.3707054853439331,0.909912109375,0.07454168051481247
17,mean_degree,lambda_low,degree,12.0,0.6,0.35,5,target:17:lambda_low:5:586393993,0.22827348113059998,0.909423828125,0.06802502274513245
17,sum,lambda_low,degree,12.0,0.6,0.35,5,target:17:lambda_low:5:586393993,0.24187037348747253,0.900390625,0.0726877823472023
17,pna,lambda_low,degree,12.0,0.6,0.35,5,target:17:lambda_low:5:586393993,0.3291204571723938,0.900634765625,0.08086259663105011
17,mean,lambda_low,degree,12.0,0.6,0.35,6,target:17:lambda_low:6:2025916203,0.38106873631477356,0.90966796875,0.07656155526638031
17,mean_degree,lambda_low,degree,12.0,0.6,0.35,6,target:17:lambda_low:6:2025916203,0.2567159831523895,0.8974609375,0.07566756010055542
17,sum,lambda_low,degree,12.0,0.6,0.35,6,target:17:lambda_low:6:2025916203,0.24903009831905365,0.8984375,0.07464607059955597
17,pna,lambda_low,degree,12.0,0.6,0.35,6,target:17:lambda_low:6:2025916203,0.34451425075531006,0.900146484375,0.0814293920993805
17,mean,lambda_low,degree,12.0,0.6,0.35,7,target:17:lambda_low:7:1173028096,0.32160142064094543,0.91259765625,0.06802051514387131
17,mean_degree,lambda_low,degree,12.0,0.6,0.35,7,target:17:lambda_low:7:1173028096,0.23997998237609863,0.899658203125,0.07168655097484589
17,sum,lambda_low,degree,12.0,0.6,0.35,7,target:17:lambda_low:7:1173028096,0.2292146384716034,0.90869140625,0.06867071986198425
17,pna,lambda_low,degree,12.0,0.6,0.35,7,target:17:lambda_low:7:1173028096,0.30378055572509766,0.903076171875,0.07559223473072052
17,mean,lambda_high,degree,48.0,0.6,0.35,0,target:17:lambda_high:0:741037617,0.005783996544778347,0.99853515625,0.001034260611049831
17,mean_degree,lambda_high,degree,48.0,0.6,0.35,0,target:17:lambda_high:0:741037617,0.002991999266669154,0.99853515625,0.0008969674818217754
17,sum,lambda_high,degree,48.0,0.6,0.35,0,target:17:lambda_high:0:741037617,0.0012618590844795108,0.99951171875,0.0003742068074643612
17,pna,lambda_high,degree,48.0,0.6,0.35,0,target:17:lambda_high:0:741037617,0.01021181233227253,0.998291015625,0.0015481305308640003
17,mean,lambda_high,degree,48.0,0.6,0.35,1,target:17:lambda_high:1:908358658,0.004759025759994984,1.0,0.0004393013077788055
17,mean_degree,lambda_high,degree,48.0,0.6,0.35,1,target:17:lambda_high:1:908358658,0.0006242030649445951,1.0,5.4125110182212666e-05
17,sum,lambda_high,degree,48.0,0.6,0.35,1,target:17:lambda_high:1:908358658,0.002978211734443903,0.998779296875,0.0008201824966818094
17,pna,lambda_high,degree,48.0,0.6,0.35,1,target:17:lambda_high:1:908358658,0.018441468477249146,0.995849609375,0.0036174915730953217
17,mean,lambda_high,degree,48.0,0.6,0.35,2,target:17:lambda_high:2:1885738713,0.004692757502198219,0.999267578125,0.0006788450991734862
17,mean_degree,lambda_high,degree,48.0,0.6,0.35,2,target:17:lambda_high:2:1885738713,0.0022676156368106604,0.99951171875,0.0005605355836451054
17,sum,lambda_high,degree,48.0,0.6,0.35,2,target:17:lambda_high:2:1885738713,0.0015665696701034904,0.999755859375,0.0002526090247556567
17,pna,lambda_high,degree,48.0,0.6,0.35,2,target:17:lambda_high:2:1885738713,0.008602987974882126,0.9990234375,0.0010752584785223007
17,mean,lambda_high,degree,48.0,0.6,0.35,3,target:17:lambda_high:3:98247267,0.004504042211920023,0.999267578125,0.0007360236486420035
17,mean_degree,lambda_high,degree,48.0,0.6,0.35,3,target:17:lambda_high:3:98247267,0.002701318357139826,0.999267578125,0.0006541841430589557
17,sum,lambda_high,degree,48.0,0.6,0.35,3,target:17:lambda_high:3:98247267,0.002437450923025608,0.99951171875,0.00048122648149728775
17,pna,lambda_high,degree,48.0,0.6,0.35,3,target:17:lambda_high:3:98247267,0.009137257933616638,0.99853515625,0.0013629770837724209
17,mean,lambda_high,degree,48.0,0.6,0.35,4,target:17:lambda_high:4:1272563245,0.006453637033700943,0.999267578125,0.001049820682965219
17,mean_degree,lambda_high,degree,48.0,0.6,0.35,4,target:17:lambda_high:4:1272563245,0.003256552154198289,0.9990234375,0.0008145472966134548
17,sum,lambda_high,degree,48.0,0.6,0.35,4,target:17:lambda_high:4:1272563245,0.0008360414649359882,0.999755859375,0.00026679752045311034
17,pna,lambda_high,degree,48.0,0.6,0.35,4,target:17:lambda_high:4:1272563245,0.010952875949442387,0.998779296875,0.001540787285193801
17,mean,lambda_high,degree,48.0,0.6,0.35,5,target:17:lambda_high:5:560792613,0.0033988612703979015,1.0,0.0003400581772439182
17,mean_degree,lambda_high,degree,48.0,0.6,0.35,5,target:17:lambda_high:5:560792613,0.001122666522860527,0.999755859375,0.0002212336694356054
17,sum,lambda_high,degree,48.0,0.6,0.35,5,target:17:lambda_high:5:560792613,6.781066622352228e-05,1.0,1.055737266142387e-05
17,pna,lambda_high,degree,48.0,0.6,0.35,5,target:17:lambda_high:5:560792613,0.00750672398135066,0.999267578125,0.0009233648888766766
17,mean,lambda_high,degree,48.0,0.6,0.35,6,target:17:lambda_high:6:1599338009,0.021655187010765076,0.99560546875,0.00457839434966445
17,mean_degree,lambda_high,degree,48.0,0.6,0.35,6,target:17:lambda_high:6:1599338009,0.015936944633722305,0.994873046875,0.004257624037563801
17,sum,lambda_high,degree,48.0,0.6,0.35,6,target:17:lambda_high:6:1599338009,0.005003216676414013,0.998291015625,0.001394955557771027
17,pna,lambda_high,degree,48.0,0.6,0.35,6,target:17:lambda_high:6:1599338009,0.025438522920012474,0.99462890625,0.0051221344619989395
17,mean,lambda_high,degree,48.0,0.6,0.35,7,target:17:lambda_high:7:1427507940,0.003308524377644062,0.999755859375,0.00045118987327441573
17,mean_degree,lambda_high,degree,48.0,0.6,0.35,7,target:17:lambda_high:7:1427507940,0.0015591654228046536,0.999755859375,0.0003597451141104102
17,sum,lambda_high,degree,48.0,0.6,0.35,7,target:17:lambda_high:7:1427507940,0.00213077524676919,0.99951171875,0.00036802151589654386
17,pna,lambda_high,degree,48.0,0.6,0.35,7,target:17:lambda_high:7:1427507940,0.00660879909992218,0.999267578125,0.0007936838665045798
17,mean,rho_low,homophily,24.0,0.3,0.35,0,target:17:rho_low:0:966328468,0.5532366037368774,0.78857421875,0.15811049938201904
17,mean_degree,rho_low,homophily,24.0,0.3,0.35,0,target:17:rho_low:0:966328468,0.5437295436859131,0.793701171875,0.15698020160198212
17,sum,rho_low,homophily,24.0,0.3,0.35,0,target:17:rho_low:0:966328468,0.6043254137039185,0.790771484375,0.1622822880744934
17,pna,rho_low,homophily,24.0,0.3,0.35,0,target:17:rho_low:0:966328468,0.5490623116493225,0.771484375,0.16648387908935547
17,mean,rho_low,homophily,24.0,0.3,0.35,1,target:17:rho_low:1:192936225,0.5398938655853271,0.80078125,0.15146863460540771
17,mean_degree,rho_low,homophily,24.0,0.3,0.35,1,target:17:rho_low:1:192936225,0.5418514013290405,0.802734375,0.15209880471229553
17,sum,rho_low,homophily,24.0,0.3,0.35,1,target:17:rho_low:1:192936225,0.5768853425979614,0.806884765625,0.1505139172077179
17,pna,rho_low,homophily,24.0,0.3,0.35,1,target:17:rho_low:1:192936225,0.5229392647743225,0.787841796875,0.15561291575431824
17,mean,rho_low,homophily,24.0,0.3,0.35,2,target:17:rho_low:2:48191980,0.7546889185905457,0.733642578125,0.20467853546142578
17,mean_degree,rho_low,homophily,24.0,0.3,0.35,2,target:17:rho_low:2:48191980,0.7766043543815613,0.734619140625,0.2076779305934906
17,sum,rho_low,homophily,24.0,0.3,0.35,2,target:17:rho_low:2:48191980,0.8532291054725647,0.74169921875,0.20822618901729584
17,pna,rho_low,homophily,24.0,0.3,0.35,2,target:17:rho_low:2:48191980,0.6544560194015503,0.746337890625,0.19298061728477478
17,mean,rho_low,homophily,24.0,0.3,0.35,3,target:17:rho_low:3:365984379,0.5695170164108276,0.77734375,0.16264158487319946
17,mean_degree,rho_low,homophily,24.0,0.3,0.35,3,target:17:rho_low:3:365984379,0.5543145537376404,0.780029296875,0.1604880690574646
17,sum,rho_low,homophily,24.0,0.3,0.35,3,target:17:rho_low:3:365984379,0.6230600476264954,0.788330078125,0.16610082983970642
17,pna,rho_low,homophily,24.0,0.3,0.35,3,target:17:rho_low:3:365984379,0.5392168760299683,0.77783203125,0.16291415691375732
17,mean,rho_low,homophily,24.0,0.3,0.35,4,target:17:rho_low:4:597497015,0.5749416947364807,0.77978515625,0.16533403098583221
17,mean_degree,rho_low,homophily,24.0,0.3,0.35,4,target:17:rho_low:4:597497015,0.5620003938674927,0.7802734375,0.16335320472717285
17,sum,rho_low,homophily,24.0,0.3,0.35,4,target:17:rho_low:4:597497015,0.6176590323448181,0.781005859375,0.16820965707302094
17,pna,rho_low,homophily,24.0,0.3,0.35,4,target:17:rho_low:4:597497015,0.5530652403831482,0.766845703125,0.16855648159980774
17,mean,rho_low,homophily,24.0,0.3,0.35,5,target:17:rho_low:5:1320169094,0.6596706509590149,0.759033203125,0.1837526559829712
17,mean_degree,rho_low,homophily,24.0,0.3,0.35,5,target:17:rho_low:5:1320169094,0.6686415076255798,0.757080078125,0.18505048751831055
17,sum,rho_low,homophily,24.0,0.3,0.35,5,target:17:rho_low:5:1320169094,0.7423809766769409,0.76171875,0.18658053874969482
17,pna,rho_low,homophily,24.0,0.3,0.35,5,target:17:rho_low:5:1320169094,0.6431781649589539,0.740478515625,0.19149374961853027
17,mean,rho_low,homophily,24.0,0.3,0.35,6,target:17:rho_low:6:1947459754,0.6729059815406799,0.7646484375,0.18124446272850037
17,mean_degree,rho_low,homophily,24.0,0.3,0.35,6,target:17:rho_low:6:1947459754,0.6873133182525635,0.760498046875,0.1830262839794159
17,sum,rho_low,homophily,24.0,0.3,0.35,6,target:17:rho_low:6:1947459754,0.7768091559410095,0.77001953125,0.18670421838760376
17,pna,rho_low,homophily,24.0,0.3,0.35,6,target:17:rho_low:6:1947459754,0.644294261932373,0.752197265625,0.18597041070461273
17,mean,rho_low,homophily,24.0,0.3,0.35,7,target:17:rho_low:7:1468638280,0.6693059206008911,0.749267578125,0.18835192918777466
17,mean_degree,rho_low,homophily,24.0,0.3,0.35,7,target:17:rho_low:7:1468638280,0.6740738749504089,0.749267578125,0.1886167675256729
17,sum,rho_low,homophily,24.0,0.3,0.35,7,target:17:rho_low:7:1468638280,0.7527918815612793,0.755615234375,0.19131341576576233
17,pna,rho_low,homophily,24.0,0.3,0.35,7,target:17:rho_low:7:1468638280,0.633245050907135,0.747314453125,0.18685907125473022
17,mean,rho_high,homophily,24.0,0.8,0.35,0,target:17:rho_high:0:1721344470,0.0009207151597365737,0.99951171875,0.00025071512209251523
17,mean_degree,rho_high,homophily,24.0,0.8,0.35,0,target:17:rho_high:0:1721344470,0.0008052473422139883,1.0,0.00016655426588840783
17,sum,rho_high,homophily,24.0,0.8,0.35,0,target:17:rho_high:0:1721344470,0.0014651723904535174,0.999267578125,0.0004064266395289451
17,pna,rho_high,homophily,24.0,0.8,0.35,0,target:17:rho_high:0:1721344470,0.0031057370360940695,0.999267578125,0.0006841723807156086
17,mean,rho_high,homophily,24.0,0.8,0.35,1,target:17:rho_high:1:507576631,0.001966622658073902,0.99951171875,0.0004931529983878136
17,mean_degree,rho_high,homophily,24.0,0.8,0.35,1,target:17:rho_high:1:507576631,0.0017982282442972064,0.99951171875,0.00046528520761057734
17,sum,rho_high,homophily,24.0,0.8,0.35,1,target:17:rho_high:1:507576631,0.0019193195039406419,0.9990234375,0.0005220683524385095
17,pna,rho_high,homophily,24.0,0.8,0.35,1,target:17:rho_high:1:507576631,0.00431831693276763,0.9990234375,0.0010960502550005913
17,mean,rho_high,homophily,24.0,0.8,0.35,2,target:17:rho_high:2:30488370,0.0005218509468249977,1.0,8.978787809610367e-05
17,mean_degree,rho_high,homophily,24.0,0.8,0.35,2,target:17:rho_high:2:30488370,0.0005493813659995794,0.999755859375,9.330699685961008e-05
17,sum,rho_high,homophily,24.0,0.8,0.35,2,target:17:rho_high:2:30488370,0.0007141540991142392,0.999755859375,0.00013737220433540642
17,pna,rho_high,homophily,24.0,0.8,0.35,2,target:17:rho_high:2:30488370,0.0018955321284011006,0.999755859375,0.0002700595941860229
17,mean,rho_high,homophily,24.0,0.8,0.35,3,target:17:rho_high:3:1647993584,0.0007935046451166272,0.999755859375,0.0001645928859943524
17,mean_degree,rho_high,homophily,24.0,0.8,0.35,3,target:17:rho_high:3:1647993584,0.0007822040934115648,0.999755859375,0.00014885791460983455
17,sum,rho_high,homophily,24.0,0.8,0.35,3,target:17:rho_high:3:1647993584,0.0009642966324463487,1.0,0.00017477129586040974
17,pna,rho_high,homophily,24.0,0.8,0.35,3,target:17:rho_high:3:1647993584,0.002650645561516285,0.99951171875,0.00046424460015259683
17,mean,rho_high,homophily,24.0,0.8,0.35,4,target:17:rho_high:4:2100795558,0.0016690653283149004,0.999267578125,0.0004577172512654215
17,mean_degree,rho_high,homophily,24.0,0.8,0.35,4,target:17:rho_high:4:2100795558,0.0017185867764055729,0.999267578125,0.0004207628662697971
17,sum,rho_high,homophily,24.0,0.8,0.35,4,target:17:rho_high:4:2100795558,0.0025707618333399296,0.999267578125,0.0006123706116341054
17,pna,rho_high,homophily,24.0,0.8,0.35,4,target:17:rho_high:4:2100795558,0.0037458199076354504,0.998779296875,0.0008234204724431038
17,mean,rho_high,homophily,24.0,0.8,0.35,5,target:17:rho_high:5:496034729,0.0006679950165562332,0.999755859375,0.00013881253835279495
17,mean_degree,rho_high,homophily,24.0,0.8,0.35,5,target:17:rho_high:5:496034729,0.0006370862247422338,1.0,0.00010288180783390999
17,sum,rho_high,homophily,24.0,0.8,0.35,5,target:17:rho_high:5:496034729,0.0009696657070890069,0.999755859375,0.0002384619729127735
17,pna,rho_high,homophily,24.0,0.8,0.35,5,target:17:rho_high:5:496034729,0.001829048153012991,0.999755859375,0.0002666845393832773
17,mean,rho_high,homophily,24.0,0.8,0.35,6,target:17:rho_high:6:1003557833,0.0014025454875081778,0.99951171875,0.0003692893369589001
17,mean_degree,rho_high,homophily,24.0,0.8,0.35,6,target:17:rho_high:6:1003557833,0.0013961070217192173,0.999755859375,0.00034075567964464426
17,sum,rho_high,homophily,24.0,0.8,0.35,6,target:17:rho_high:6:1003557833,0.0021035405807197094,0.999267578125,0.0005255676805973053
17,pna,rho_high,homophily,24.0,0.8,0.35,6,target:17:rho_high:6:1003557833,0.0031279120594263077,0.9990234375,0.0006798923132009804
17,mean,rho_high,homophily,24.0,0.8,0.35,7,target:17:rho_high:7:1751389818,0.002519877627491951,0.999267578125,0.000655648997053504
17,mean_degree,rho_high,homophily,24.0,0.8,0.35,7,target:17:rho_high:7:1751389818,0.002288630697876215,0.999267578125,0.0006536514265462756
17,sum,rho_high,homophily,24.0,0.8,0.35,7,target:17:rho_high:7:1751389818,0.0019919497426599264,0.999267578125,0.0006248627323657274
17,pna,rho_high,homophily,24.0,0.8,0.35,7,target:17:rho_high:7:1751389818,0.0038424006197601557,0.998779296875,0.0009885170729830861
17,mean,mu_low,feature_signal,24.0,0.6,0.2,0,target:17:mu_low:0:1973316722,0.11813794821500778,0.951904296875,0.03512365743517876
17,mean_degree,mu_low,feature_signal,24.0,0.6,0.2,0,target:17:mu_low:0:1973316722,0.11557437479496002,0.951416015625,0.03464555740356445
17,sum,mu_low,feature_signal,24.0,0.6,0.2,0,target:17:mu_low:0:1973316722,0.1347094476222992,0.947509765625,0.039058618247509
17,pna,mu_low,feature_signal,24.0,0.6,0.2,0,target:17:mu_low:0:1973316722,0.16253650188446045,0.93212890625,0.04866304248571396
17,mean,mu_low,feature_signal,24.0,0.6,0.2,1,target:17:mu_low:1:137259309,0.1908605694770813,0.922119140625,0.056115493178367615
17,mean_degree,mu_low,feature_signal,24.0,0.6,0.2,1,target:17:mu_low:1:137259309,0.1844242811203003,0.925537109375,0.05448669195175171
17,sum,mu_low,feature_signal,24.0,0.6,0.2,1,target:17:mu_low:1:137259309,0.2135043740272522,0.91845703125,0.061578940600156784
17,pna,mu_low,feature_signal,24.0,0.6,0.2,1,target:17:mu_low:1:137259309,0.21066732704639435,0.913330078125,0.06327010691165924
17,mean,mu_low,feature_signal,24.0,0.6,0.2,2,target:17:mu_low:2:65018042,0.14639775454998016,0.949462890625,0.041024625301361084
17,mean_degree,mu_low,feature_signal,24.0,0.6,0.2,2,target:17:mu_low:2:65018042,0.13912275433540344,0.94970703125,0.039855509996414185
17,sum,mu_low,feature_signal,24.0,0.6,0.2,2,target:17:mu_low:2:65018042,0.15095628798007965,0.941650390625,0.04398553445935249
17,pna,mu_low,feature_signal,24.0,0.6,0.2,2,target:17:mu_low:2:65018042,0.19247426092624664,0.921875,0.05642273277044296
17,mean,mu_low,feature_signal,24.0,0.6,0.2,3,target:17:mu_low:3:358714915,0.207259863615036,0.91650390625,0.06170661747455597
17,mean_degree,mu_low,feature_signal,24.0,0.6,0.2,3,target:17:mu_low:3:358714915,0.19366610050201416,0.918701171875,0.0587332658469677
17,sum,mu_low,feature_signal,24.0,0.6,0.2,3,target:17:mu_low:3:358714915,0.23742109537124634,0.910888671875,0.06785155087709427
17,pna,mu_low,feature_signal,24.0,0.6,0.2,3,target:17:mu_low:3:358714915,0.22915515303611755,0.909423828125,0.06954337656497955
17,mean,mu_low,feature_signal,24.0,0.6,0.2,4,target:17:mu_low:4:558810624,0.11886221170425415,0.954345703125,0.034601710736751556
17,mean_degree,mu_low,feature_signal,24.0,0.6,0.2,4,target:17:mu_low:4:558810624,0.11148630082607269,0.953857421875,0.03241051733493805
17,sum,mu_low,feature_signal,24.0,0.6,0.2,4,target:17:mu_low:4:558810624,0.13355377316474915,0.951904296875,0.03777054697275162
17,pna,mu_low,feature_signal,24.0,0.6,0.2,4,target:17:mu_low:4:558810624,0.14977875351905823,0.939208984375,0.04439337179064751
17,mean,mu_low,feature_signal,24.0,0.6,0.2,5,target:17:mu_low:5:1468346518,0.17940077185630798,0.931396484375,0.0519741028547287
17,mean_degree,mu_low,feature_signal,24.0,0.6,0.2,5,target:17:mu_low:5:1468346518,0.1676279604434967,0.932373046875,0.04939663037657738
17,sum,mu_low,feature_signal,24.0,0.6,0.2,5,target:17:mu_low:5:1468346518,0.20388339459896088,0.9228515625,0.05769938975572586
17,pna,mu_low,feature_signal,24.0,0.6,0.2,5,target:17:mu_low:5:1468346518,0.207936093211174,0.918212890625,0.06164602190256119
17,mean,mu_low,feature_signal,24.0,0.6,0.2,6,target:17:mu_low:6:345560369,0.1767539530992508,0.925537109375,0.0524943545460701
17,mean_degree,mu_low,feature_signal,24.0,0.6,0.2,6,target:17:mu_low:6:345560369,0.16111788153648376,0.93212890625,0.04877740144729614
17,sum,mu_low,feature_signal,24.0,0.6,0.2,6,target:17:mu_low:6:345560369,0.1860843449831009,0.92578125,0.055600885301828384
17,pna,mu_low,feature_signal,24.0,0.6,0.2,6,target:17:mu_low:6:345560369,0.20438385009765625,0.914306640625,0.06178691238164902
17,mean,mu_low,feature_signal,24.0,0.6,0.2,7,target:17:mu_low:7:1125729520,0.21524691581726074,0.91748046875,0.06254147738218307
17,mean_degree,mu_low,feature_signal,24.0,0.6,0.2,7,target:17:mu_low:7:1125729520,0.20656366646289825,0.91943359375,0.06050132215023041
17,sum,mu_low,feature_signal,24.0,0.6,0.2,7,target:17:mu_low:7:1125729520,0.2463054656982422,0.911865234375,0.06827408075332642
17,pna,mu_low,feature_signal,24.0,0.6,0.2,7,target:17:mu_low:7:1125729520,0.2597694993019104,0.887451171875,0.07869550585746765
17,mean,mu_high,feature_signal,24.0,0.6,0.5,0,target:17:mu_high:0:865562569,0.020375099033117294,0.9931640625,0.00537619274109602
17,mean_degree,mu_high,feature_signal,24.0,0.6,0.5,0,target:17:mu_high:0:865562569,0.020549636334180832,0.994140625,0.005394905339926481
17,sum,mu_high,feature_signal,24.0,0.6,0.5,0,target:17:mu_high:0:865562569,0.024654163047671318,0.99169921875,0.006336351856589317
17,pna,mu_high,feature_signal,24.0,0.6,0.5,0,target:17:mu_high:0:865562569,0.02576276659965515,0.9921875,0.006705072242766619
17,mean,mu_high,feature_signal,24.0,0.6,0.5,1,target:17:mu_high:1:1676254469,0.019694874063134193,0.99365234375,0.005034280009567738
17,mean_degree,mu_high,feature_signal,24.0,0.6,0.5,1,target:17:mu_high:1:1676254469,0.01813662238419056,0.99365234375,0.004663580562919378
17,sum,mu_high,feature_signal,24.0,0.6,0.5,1,target:17:mu_high:1:1676254469,0.021701306104660034,0.99267578125,0.005500654689967632
17,pna,mu_high,feature_signal,24.0,0.6,0.5,1,target:17:mu_high:1:1676254469,0.026908831670880318,0.989501953125,0.007589022628962994
17,mean,mu_high,feature_signal,24.0,0.6,0.5,2,target:17:mu_high:2:559613230,0.016664719209074974,0.99462890625,0.004214947111904621
17,mean_degree,mu_high,feature_signal,24.0,0.6,0.5,2,target:17:mu_high:2:559613230,0.014475503005087376,0.995361328125,0.0036787870340049267
17,sum,mu_high,feature_signal,24.0,0.6,0.5,2,target:17:mu_high:2:559613230,0.015921851620078087,0.995361328125,0.003971240483224392
17,pna,mu_high,feature_signal,24.0,0.6,0.5,2,target:17:mu_high:2:559613230,0.024105899035930634,0.9921875,0.006345890462398529
17,mean,mu_high,feature_signal,24.0,0.6,0.5,3,target:17:mu_high:3:1658864630,0.011349587701261044,0.995849609375,0.0031288592144846916
17,mean_degree,mu_high,feature_signal,24.0,0.6,0.5,3,target:17:mu_high:3:1658864630,0.011543720960617065,0.996337890625,0.003236353863030672
17,sum,mu_high,feature_signal,24.0,0.6,0.5,3,target:17:mu_high:3:1658864630,0.014254849404096603,0.99462890625,0.003924268763512373
17,pna,mu_high,feature_signal,24.0,0.6,0.5,3,target:17:mu_high:3:1658864630,0.017260398715734482,0.99462890625,0.004537033848464489
17,mean,mu_high,feature_signal,24.0,0.6,0.5,4,target:17:mu_high:4:387507023,0.014242783188819885,0.993408203125,0.004241247661411762
17,mean_degree,mu_high,feature_signal,24.0,0.6,0.5,4,target:17:mu_high:4:387507023,0.014396598562598228,0.994384765625,0.004318650811910629
17,sum,mu_high,feature_signal,24.0,0.6,0.5,4,target:17:mu_high:4:387507023,0.016217462718486786,0.994384765625,0.0045545571483671665
17,pna,mu_high,feature_signal,24.0,0.6,0.5,4,target:17:mu_high:4:387507023,0.021851157769560814,0.9921875,0.006313168443739414
17,mean,mu_high,feature_signal,24.0,0.6,0.5,5,target:17:mu_high:5:949102050,0.019737781956791878,0.992919921875,0.005135613493621349
17,mean_degree,mu_high,feature_signal,24.0,0.6,0.5,5,target:17:mu_high:5:949102050,0.019387925043702126,0.99267578125,0.00497652031481266
17,sum,mu_high,feature_signal,24.0,0.6,0.5,5,target:17:mu_high:5:949102050,0.02148275263607502,0.993896484375,0.005009050015360117
17,pna,mu_high,feature_signal,24.0,0.6,0.5,5,target:17:mu_high:5:949102050,0.023234903812408447,0.991455078125,0.006189529784023762
17,mean,mu_high,feature_signal,24.0,0.6,0.5,6,target:17:mu_high:6:863370653,0.017826981842517853,0.9931640625,0.005134891252964735
17,mean_degree,mu_high,feature_signal,24.0,0.6,0.5,6,target:17:mu_high:6:863370653,0.017023328691720963,0.99365234375,0.004809427075088024
17,sum,mu_high,feature_signal,24.0,0.6,0.5,6,target:17:mu_high:6:863370653,0.019407164305448532,0.9931640625,0.005351134110242128
17,pna,mu_high,feature_signal,24.0,0.6,0.5,6,target:17:mu_high:6:863370653,0.024289492517709732,0.991455078125,0.006512402091175318
17,mean,mu_high,feature_signal,24.0,0.6,0.5,7,target:17:mu_high:7:1602373390,0.012881506234407425,0.99560546875,0.0033196727745234966
17,mean_degree,mu_high,feature_signal,24.0,0.6,0.5,7,target:17:mu_high:7:1602373390,0.012379816733300686,0.995361328125,0.003340069903060794
17,sum,mu_high,feature_signal,24.0,0.6,0.5,7,target:17:mu_high:7:1602373390,0.01465056836605072,0.994384765625,0.004305840935558081
17,pna,mu_high,feature_signal,24.0,0.6,0.5,7,target:17:mu_high:7:1602373390,0.0193948894739151,0.994384765625,0.004739266354590654
17,mean,combined_l12_r03_m02,combined,12.0,0.3,0.2,0,target:17:combined_l12_r03_m02:0:194032332,1.697004795074463,0.633544921875,0.3107374310493469
17,mean_degree,combined_l12_r03_m02,combined,12.0,0.3,0.2,0,target:17:combined_l12_r03_m02:0:194032332,0.9119504690170288,0.63232421875,0.2710583209991455
17,sum,combined_l12_r03_m02,combined,12.0,0.3,0.2,0,target:17:combined_l12_r03_m02:0:194032332,0.7580943703651428,0.619140625,0.2537961006164551
17,pna,combined_l12_r03_m02,combined,12.0,0.3,0.2,0,target:17:combined_l12_r03_m02:0:194032332,1.3273906707763672,0.637939453125,0.3002357482910156
17,mean,combined_l12_r03_m02,combined,12.0,0.3,0.2,1,target:17:combined_l12_r03_m02:1:1281182932,1.822061538696289,0.61572265625,0.32878440618515015
17,mean_degree,combined_l12_r03_m02,combined,12.0,0.3,0.2,1,target:17:combined_l12_r03_m02:1:1281182932,1.0105419158935547,0.604248046875,0.29234182834625244
17,sum,combined_l12_r03_m02,combined,12.0,0.3,0.2,1,target:17:combined_l12_r03_m02:1:1281182932,0.7995572090148926,0.593505859375,0.26879894733428955
17,pna,combined_l12_r03_m02,combined,12.0,0.3,0.2,1,target:17:combined_l12_r03_m02:1:1281182932,1.4357895851135254,0.609375,0.3220994472503662
17,mean,combined_l12_r03_m02,combined,12.0,0.3,0.2,2,target:17:combined_l12_r03_m02:2:1746389616,1.5868823528289795,0.64990234375,0.2978220283985138
17,mean_degree,combined_l12_r03_m02,combined,12.0,0.3,0.2,2,target:17:combined_l12_r03_m02:2:1746389616,0.8172187805175781,0.657958984375,0.24701321125030518
17,sum,combined_l12_r03_m02,combined,12.0,0.3,0.2,2,target:17:combined_l12_r03_m02:2:1746389616,0.7292890548706055,0.6435546875,0.2426571249961853
17,pna,combined_l12_r03_m02,combined,12.0,0.3,0.2,2,target:17:combined_l12_r03_m02:2:1746389616,1.1993268728256226,0.658203125,0.28155437111854553
17,mean,combined_l12_r03_m02,combined,12.0,0.3,0.2,3,target:17:combined_l12_r03_m02:3:979181110,1.8346410989761353,0.6240234375,0.32409119606018066
17,mean_degree,combined_l12_r03_m02,combined,12.0,0.3,0.2,3,target:17:combined_l12_r03_m02:3:979181110,1.0466728210449219,0.6103515625,0.2963671088218689
17,sum,combined_l12_r03_m02,combined,12.0,0.3,0.2,3,target:17:combined_l12_r03_m02:3:979181110,0.8158743977546692,0.593505859375,0.27348485589027405
17,pna,combined_l12_r03_m02,combined,12.0,0.3,0.2,3,target:17:combined_l12_r03_m02:3:979181110,1.4967774152755737,0.610107421875,0.3232332468032837
17,mean,combined_l12_r03_m02,combined,12.0,0.3,0.2,4,target:17:combined_l12_r03_m02:4:1767242296,1.7862886190414429,0.62353515625,0.3248096704483032
17,mean_degree,combined_l12_r03_m02,combined,12.0,0.3,0.2,4,target:17:combined_l12_r03_m02:4:1767242296,0.914997935295105,0.61962890625,0.2786211669445038
17,sum,combined_l12_r03_m02,combined,12.0,0.3,0.2,4,target:17:combined_l12_r03_m02:4:1767242296,0.7922894954681396,0.60595703125,0.2669132649898529
17,pna,combined_l12_r03_m02,combined,12.0,0.3,0.2,4,target:17:combined_l12_r03_m02:4:1767242296,1.3691617250442505,0.618408203125,0.3159771263599396
17,mean,combined_l12_r03_m02,combined,12.0,0.3,0.2,5,target:17:combined_l12_r03_m02:5:157880642,1.6042296886444092,0.650146484375,0.299252450466156
17,mean_degree,combined_l12_r03_m02,combined,12.0,0.3,0.2,5,target:17:combined_l12_r03_m02:5:157880642,0.9581127166748047,0.62841796875,0.2772994637489319
17,sum,combined_l12_r03_m02,combined,12.0,0.3,0.2,5,target:17:combined_l12_r03_m02:5:157880642,0.7320789098739624,0.6474609375,0.2444167137145996
17,pna,combined_l12_r03_m02,combined,12.0,0.3,0.2,5,target:17:combined_l12_r03_m02:5:157880642,1.3000192642211914,0.649658203125,0.2916612923145294
17,mean,combined_l12_r03_m02,combined,12.0,0.3,0.2,6,target:17:combined_l12_r03_m02:6:1081793130,1.9596855640411377,0.611572265625,0.3393018841743469
17,mean_degree,combined_l12_r03_m02,combined,12.0,0.3,0.2,6,target:17:combined_l12_r03_m02:6:1081793130,0.9501190781593323,0.614013671875,0.28295719623565674
17,sum,combined_l12_r03_m02,combined,12.0,0.3,0.2,6,target:17:combined_l12_r03_m02:6:1081793130,0.8383328914642334,0.588134765625,0.2782467007637024
17,pna,combined_l12_r03_m02,combined,12.0,0.3,0.2,6,target:17:combined_l12_r03_m02:6:1081793130,1.4125516414642334,0.61181640625,0.3183528780937195
17,mean,combined_l12_r03_m02,combined,12.0,0.3,0.2,7,target:17:combined_l12_r03_m02:7:2453353,1.729981780052185,0.62451171875,0.32083386182785034
17,mean_degree,combined_l12_r03_m02,combined,12.0,0.3,0.2,7,target:17:combined_l12_r03_m02:7:2453353,0.9888076782226562,0.606689453125,0.291354775428772
17,sum,combined_l12_r03_m02,combined,12.0,0.3,0.2,7,target:17:combined_l12_r03_m02:7:2453353,0.7845242619514465,0.604736328125,0.265309602022171
17,pna,combined_l12_r03_m02,combined,12.0,0.3,0.2,7,target:17:combined_l12_r03_m02:7:2453353,1.4071284532546997,0.61962890625,0.31763193011283875
17,mean,combined_l12_r03_m05,combined,12.0,0.3,0.5,0,target:17:combined_l12_r03_m05:0:703376940,1.1530094146728516,0.753662109375,0.2131349742412567
17,mean_degree,combined_l12_r03_m05,combined,12.0,0.3,0.5,0,target:17:combined_l12_r03_m05:0:703376940,0.6496360301971436,0.73486328125,0.1930868923664093
17,sum,combined_l12_r03_m05,combined,12.0,0.3,0.5,0,target:17:combined_l12_r03_m05:0:703376940,0.6265692710876465,0.701171875,0.2052692174911499
17,pna,combined_l12_r03_m05,combined,12.0,0.3,0.5,0,target:17:combined_l12_r03_m05:0:703376940,0.9020747542381287,0.741943359375,0.21011623740196228
17,mean,combined_l12_r03_m05,combined,12.0,0.3,0.5,1,target:17:combined_l12_r03_m05:1:482636100,1.1871039867401123,0.749755859375,0.21368280053138733
17,mean_degree,combined_l12_r03_m05,combined,12.0,0.3,0.5,1,target:17:combined_l12_r03_m05:1:482636100,0.6791136264801025,0.736083984375,0.19813483953475952
17,sum,combined_l12_r03_m05,combined,12.0,0.3,0.5,1,target:17:combined_l12_r03_m05:1:482636100,0.633656919002533,0.707763671875,0.20458950102329254
17,pna,combined_l12_r03_m05,combined,12.0,0.3,0.5,1,target:17:combined_l12_r03_m05:1:482636100,0.9272735118865967,0.74609375,0.20924431085586548
17,mean,combined_l12_r03_m05,combined,12.0,0.3,0.5,2,target:17:combined_l12_r03_m05:2:402643353,1.3001989126205444,0.724853515625,0.23437513411045074
17,mean_degree,combined_l12_r03_m05,combined,12.0,0.3,0.5,2,target:17:combined_l12_r03_m05:2:402643353,0.7759146690368652,0.703857421875,0.21988344192504883
17,sum,combined_l12_r03_m05,combined,12.0,0.3,0.5,2,target:17:combined_l12_r03_m05:2:402643353,0.6556281447410583,0.6865234375,0.21413683891296387
17,pna,combined_l12_r03_m05,combined,12.0,0.3,0.5,2,target:17:combined_l12_r03_m05:2:402643353,1.0418838262557983,0.72314453125,0.2286243438720703
17,mean,combined_l12_r03_m05,combined,12.0,0.3,0.5,3,target:17:combined_l12_r03_m05:3:698091806,1.1694669723510742,0.75830078125,0.2082623541355133
17,mean_degree,combined_l12_r03_m05,combined,12.0,0.3,0.5,3,target:17:combined_l12_r03_m05:3:698091806,0.6321842074394226,0.75390625,0.18315032124519348
17,sum,combined_l12_r03_m05,combined,12.0,0.3,0.5,3,target:17:combined_l12_r03_m05:3:698091806,0.5898885726928711,0.724609375,0.1900523602962494
17,pna,combined_l12_r03_m05,combined,12.0,0.3,0.5,3,target:17:combined_l12_r03_m05:3:698091806,0.878608763217926,0.76025390625,0.19673722982406616
17,mean,combined_l12_r03_m05,combined,12.0,0.3,0.5,4,target:17:combined_l12_r03_m05:4:1852828461,1.2760581970214844,0.748779296875,0.21805548667907715
17,mean_degree,combined_l12_r03_m05,combined,12.0,0.3,0.5,4,target:17:combined_l12_r03_m05:4:1852828461,0.6492704749107361,0.745361328125,0.1895243525505066
17,sum,combined_l12_r03_m05,combined,12.0,0.3,0.5,4,target:17:combined_l12_r03_m05:4:1852828461,0.6338033676147461,0.71240234375,0.20402902364730835
17,pna,combined_l12_r03_m05,combined,12.0,0.3,0.5,4,target:17:combined_l12_r03_m05:4:1852828461,0.9314327836036682,0.746337890625,0.20870377123355865
17,mean,combined_l12_r03_m05,combined,12.0,0.3,0.5,5,target:17:combined_l12_r03_m05:5:150483070,1.2638556957244873,0.74072265625,0.2242637723684311
17,mean_degree,combined_l12_r03_m05,combined,12.0,0.3,0.5,5,target:17:combined_l12_r03_m05:5:150483070,0.7805893421173096,0.708740234375,0.21920368075370789
17,sum,combined_l12_r03_m05,combined,12.0,0.3,0.5,5,target:17:combined_l12_r03_m05:5:150483070,0.6425552368164062,0.705078125,0.20747974514961243
17,pna,combined_l12_r03_m05,combined,12.0,0.3,0.5,5,target:17:combined_l12_r03_m05:5:150483070,1.0178718566894531,0.732177734375,0.2224370241165161
17,mean,combined_l12_r03_m05,combined,12.0,0.3,0.5,6,target:17:combined_l12_r03_m05:6:849075975,1.1891860961914062,0.751953125,0.2128516286611557
17,mean_degree,combined_l12_r03_m05,combined,12.0,0.3,0.5,6,target:17:combined_l12_r03_m05:6:849075975,0.6028538942337036,0.756591796875,0.1783391833305359
17,sum,combined_l12_r03_m05,combined,12.0,0.3,0.5,6,target:17:combined_l12_r03_m05:6:849075975,0.6245105266571045,0.7158203125,0.19994933903217316
17,pna,combined_l12_r03_m05,combined,12.0,0.3,0.5,6,target:17:combined_l12_r03_m05:6:849075975,0.8772550821304321,0.757080078125,0.2008829116821289
17,mean,combined_l12_r03_m05,combined,12.0,0.3,0.5,7,target:17:combined_l12_r03_m05:7:542864719,1.1689107418060303,0.757080078125,0.2089536041021347
17,mean_degree,combined_l12_r03_m05,combined,12.0,0.3,0.5,7,target:17:combined_l12_r03_m05:7:542864719,0.6284959316253662,0.75634765625,0.18091431260108948
17,sum,combined_l12_r03_m05,combined,12.0,0.3,0.5,7,target:17:combined_l12_r03_m05:7:542864719,0.6056542992591858,0.72607421875,0.19496679306030273
17,pna,combined_l12_r03_m05,combined,12.0,0.3,0.5,7,target:17:combined_l12_r03_m05:7:542864719,0.8838465213775635,0.76123046875,0.199041485786438
17,mean,combined_l12_r08_m02,combined,12.0,0.8,0.2,0,target:17:combined_l12_r08_m02:0:826897611,0.317421555519104,0.913818359375,0.06983746588230133
17,mean_degree,combined_l12_r08_m02,combined,12.0,0.8,0.2,0,target:17:combined_l12_r08_m02:0:826897611,0.21196843683719635,0.9189453125,0.06301027536392212
17,sum,combined_l12_r08_m02,combined,12.0,0.8,0.2,0,target:17:combined_l12_r08_m02:0:826897611,0.2295249104499817,0.907470703125,0.06770043075084686
17,pna,combined_l12_r08_m02,combined,12.0,0.8,0.2,0,target:17:combined_l12_r08_m02:0:826897611,0.3201559782028198,0.9013671875,0.07929252088069916
17,mean,combined_l12_r08_m02,combined,12.0,0.8,0.2,1,target:17:combined_l12_r08_m02:1:1630669289,0.4010927677154541,0.8935546875,0.0853341594338417
17,mean_degree,combined_l12_r08_m02,combined,12.0,0.8,0.2,1,target:17:combined_l12_r08_m02:1:1630669289,0.2839863896369934,0.884521484375,0.08562694489955902
17,sum,combined_l12_r08_m02,combined,12.0,0.8,0.2,1,target:17:combined_l12_r08_m02:1:1630669289,0.2526097297668457,0.89697265625,0.07566515356302261
17,pna,combined_l12_r08_m02,combined,12.0,0.8,0.2,1,target:17:combined_l12_r08_m02:1:1630669289,0.4035554528236389,0.871826171875,0.10065916180610657
17,mean,combined_l12_r08_m02,combined,12.0,0.8,0.2,2,target:17:combined_l12_r08_m02:2:916503602,0.27465716004371643,0.927734375,0.05896594002842903
17,mean_degree,combined_l12_r08_m02,combined,12.0,0.8,0.2,2,target:17:combined_l12_r08_m02:2:916503602,0.19390717148780823,0.921630859375,0.05738372355699539
17,sum,combined_l12_r08_m02,combined,12.0,0.8,0.2,2,target:17:combined_l12_r08_m02:2:916503602,0.186695858836174,0.93212890625,0.05242825672030449
17,pna,combined_l12_r08_m02,combined,12.0,0.8,0.2,2,target:17:combined_l12_r08_m02:2:916503602,0.2673436403274536,0.9130859375,0.06751782447099686
17,mean,combined_l12_r08_m02,combined,12.0,0.8,0.2,3,target:17:combined_l12_r08_m02:3:2041236387,0.4292159676551819,0.883056640625,0.09467923641204834
17,mean_degree,combined_l12_r08_m02,combined,12.0,0.8,0.2,3,target:17:combined_l12_r08_m02:3:2041236387,0.26871204376220703,0.889892578125,0.0812721699476242
17,sum,combined_l12_r08_m02,combined,12.0,0.8,0.2,3,target:17:combined_l12_r08_m02:3:2041236387,0.2720676064491272,0.88623046875,0.08235931396484375
17,pna,combined_l12_r08_m02,combined,12.0,0.8,0.2,3,target:17:combined_l12_r08_m02:3:2041236387,0.3678560256958008,0.8828125,0.0922381579875946
17,mean,combined_l12_r08_m02,combined,12.0,0.8,0.2,4,target:17:combined_l12_r08_m02:4:1736319452,0.42863577604293823,0.88330078125,0.09575104713439941
17,mean_degree,combined_l12_r08_m02,combined,12.0,0.8,0.2,4,target:17:combined_l12_r08_m02:4:1736319452,0.3172244727611542,0.861083984375,0.09881696850061417
17,sum,combined_l12_r08_m02,combined,12.0,0.8,0.2,4,target:17:combined_l12_r08_m02:4:1736319452,0.26707014441490173,0.884521484375,0.08159859478473663
17,pna,combined_l12_r08_m02,combined,12.0,0.8,0.2,4,target:17:combined_l12_r08_m02:4:1736319452,0.3911186456680298,0.87353515625,0.10106170177459717
17,mean,combined_l12_r08_m02,combined,12.0,0.8,0.2,5,target:17:combined_l12_r08_m02:5:115194520,0.3110993504524231,0.91845703125,0.06635205447673798
17,mean_degree,combined_l12_r08_m02,combined,12.0,0.8,0.2,5,target:17:combined_l12_r08_m02:5:115194520,0.1795274317264557,0.925537109375,0.0535944327712059
17,sum,combined_l12_r08_m02,combined,12.0,0.8,0.2,5,target:17:combined_l12_r08_m02:5:115194520,0.20894178748130798,0.92236328125,0.060216039419174194
17,pna,combined_l12_r08_m02,combined,12.0,0.8,0.2,5,target:17:combined_l12_r08_m02:5:115194520,0.2703467905521393,0.913818359375,0.06758317351341248
17,mean,combined_l12_r08_m02,combined,12.0,0.8,0.2,6,target:17:combined_l12_r08_m02:6:332058354,0.3028331398963928,0.912109375,0.06976169347763062
17,mean_degree,combined_l12_r08_m02,combined,12.0,0.8,0.2,6,target:17:combined_l12_r08_m02:6:332058354,0.23068000376224518,0.903076171875,0.06965602934360504
17,sum,combined_l12_r08_m02,combined,12.0,0.8,0.2,6,target:17:combined_l12_r08_m02:6:332058354,0.21291661262512207,0.919189453125,0.06190280616283417
17,pna,combined_l12_r08_m02,combined,12.0,0.8,0.2,6,target:17:combined_l12_r08_m02:6:332058354,0.2969043552875519,0.9033203125,0.0752166137099266
17,mean,combined_l12_r08_m02,combined,12.0,0.8,0.2,7,target:17:combined_l12_r08_m02:7:1184566885,0.3307315409183502,0.901611328125,0.0775667354464531
17,mean_degree,combined_l12_r08_m02,combined,12.0,0.8,0.2,7,target:17:combined_l12_r08_m02:7:1184566885,0.21226000785827637,0.90966796875,0.06478048861026764
17,sum,combined_l12_r08_m02,combined,12.0,0.8,0.2,7,target:17:combined_l12_r08_m02:7:1184566885,0.24105609953403473,0.908203125,0.07178638875484467
17,pna,combined_l12_r08_m02,combined,12.0,0.8,0.2,7,target:17:combined_l12_r08_m02:7:1184566885,0.2904832363128662,0.8935546875,0.07954668998718262
17,mean,combined_l12_r08_m05,combined,12.0,0.8,0.5,0,target:17:combined_l12_r08_m05:0:2127032662,0.03916303813457489,0.991455078125,0.006910368334501982
17,mean_degree,combined_l12_r08_m05,combined,12.0,0.8,0.5,0,target:17:combined_l12_r08_m05:0:2127032662,0.03566440939903259,0.9873046875,0.009278594516217709
17,sum,combined_l12_r08_m05,combined,12.0,0.8,0.5,0,target:17:combined_l12_r08_m05:0:2127032662,0.048362404108047485,0.98779296875,0.011572552844882011
17,pna,combined_l12_r08_m05,combined,12.0,0.8,0.5,0,target:17:combined_l12_r08_m05:0:2127032662,0.05007994920015335,0.987060546875,0.010023936629295349
17,mean,combined_l12_r08_m05,combined,12.0,0.8,0.5,1,target:17:combined_l12_r08_m05:1:11241269,0.016361815854907036,0.99658203125,0.0030867154709994793
17,mean_degree,combined_l12_r08_m05,combined,12.0,0.8,0.5,1,target:17:combined_l12_r08_m05:1:11241269,0.01966325007379055,0.9931640625,0.005101781338453293
17,sum,combined_l12_r08_m05,combined,12.0,0.8,0.5,1,target:17:combined_l12_r08_m05:1:11241269,0.036538273096084595,0.98974609375,0.008253749459981918
17,pna,combined_l12_r08_m05,combined,12.0,0.8,0.5,1,target:17:combined_l12_r08_m05:1:11241269,0.01838124543428421,0.995361328125,0.003918275237083435
17,mean,combined_l12_r08_m05,combined,12.0,0.8,0.5,2,target:17:combined_l12_r08_m05:2:1442646790,0.017333347350358963,0.9931640625,0.004754968918859959
17,mean_degree,combined_l12_r08_m05,combined,12.0,0.8,0.5,2,target:17:combined_l12_r08_m05:2:1442646790,0.017687883228063583,0.99462890625,0.004448419436812401
17,sum,combined_l12_r08_m05,combined,12.0,0.8,0.5,2,target:17:combined_l12_r08_m05:2:1442646790,0.04238176345825195,0.989013671875,0.01007987279444933
17,pna,combined_l12_r08_m05,combined,12.0,0.8,0.5,2,target:17:combined_l12_r08_m05:2:1442646790,0.017018746584653854,0.994140625,0.004998985677957535
17,mean,combined_l12_r08_m05,combined,12.0,0.8,0.5,3,target:17:combined_l12_r08_m05:3:1002891755,0.016950823366642,0.99462890625,0.004331151023507118
17,mean_degree,combined_l12_r08_m05,combined,12.0,0.8,0.5,3,target:17:combined_l12_r08_m05:3:1002891755,0.022101981565356255,0.992919921875,0.005572807509452105
17,sum,combined_l12_r08_m05,combined,12.0,0.8,0.5,3,target:17:combined_l12_r08_m05:3:1002891755,0.04273601248860359,0.987548828125,0.010031493380665779
17,pna,combined_l12_r08_m05,combined,12.0,0.8,0.5,3,target:17:combined_l12_r08_m05:3:1002891755,0.023797597736120224,0.991943359375,0.00658548716455698
17,mean,combined_l12_r08_m05,combined,12.0,0.8,0.5,4,target:17:combined_l12_r08_m05:4:578496104,0.02802813984453678,0.99267578125,0.006161104887723923
17,mean_degree,combined_l12_r08_m05,combined,12.0,0.8,0.5,4,target:17:combined_l12_r08_m05:4:578496104,0.025022108107805252,0.989501953125,0.00695161335170269
17,sum,combined_l12_r08_m05,combined,12.0,0.8,0.5,4,target:17:combined_l12_r08_m05:4:578496104,0.03927253186702728,0.9892578125,0.009376843459904194
17,pna,combined_l12_r08_m05,combined,12.0,0.8,0.5,4,target:17:combined_l12_r08_m05:4:578496104,0.02995782531797886,0.990234375,0.007590380497276783
17,mean,combined_l12_r08_m05,combined,12.0,0.8,0.5,5,target:17:combined_l12_r08_m05:5:707249012,0.023343011736869812,0.992919921875,0.0048129986971616745
17,mean_degree,combined_l12_r08_m05,combined,12.0,0.8,0.5,5,target:17:combined_l12_r08_m05:5:707249012,0.02131812833249569,0.993408203125,0.005373069550842047
17,sum,combined_l12_r08_m05,combined,12.0,0.8,0.5,5,target:17:combined_l12_r08_m05:5:707249012,0.04395773634314537,0.989501953125,0.010147537104785442
17,pna,combined_l12_r08_m05,combined,12.0,0.8,0.5,5,target:17:combined_l12_r08_m05:5:707249012,0.025020457804203033,0.9921875,0.006134233437478542
17,mean,combined_l12_r08_m05,combined,12.0,0.8,0.5,6,target:17:combined_l12_r08_m05:6:1926121706,0.036045897752046585,0.992431640625,0.006197884678840637
17,mean_degree,combined_l12_r08_m05,combined,12.0,0.8,0.5,6,target:17:combined_l12_r08_m05:6:1926121706,0.02176324836909771,0.994140625,0.005657189525663853
17,sum,combined_l12_r08_m05,combined,12.0,0.8,0.5,6,target:17:combined_l12_r08_m05:6:1926121706,0.043168775737285614,0.986083984375,0.010625225491821766
17,pna,combined_l12_r08_m05,combined,12.0,0.8,0.5,6,target:17:combined_l12_r08_m05:6:1926121706,0.0340406708419323,0.990234375,0.007908273488283157
17,mean,combined_l12_r08_m05,combined,12.0,0.8,0.5,7,target:17:combined_l12_r08_m05:7:1790142753,0.02395499125123024,0.994140625,0.004714783281087875
17,mean_degree,combined_l12_r08_m05,combined,12.0,0.8,0.5,7,target:17:combined_l12_r08_m05:7:1790142753,0.024022329598665237,0.991943359375,0.00635567307472229
17,sum,combined_l12_r08_m05,combined,12.0,0.8,0.5,7,target:17:combined_l12_r08_m05:7:1790142753,0.03965209424495697,0.99072265625,0.00904984213411808
17,pna,combined_l12_r08_m05,combined,12.0,0.8,0.5,7,target:17:combined_l12_r08_m05:7:1790142753,0.030883170664310455,0.9912109375,0.007218147628009319
17,mean,combined_l48_r03_m02,combined,48.0,0.3,0.2,0,target:17:combined_l48_r03_m02:0:1586947055,0.5905238389968872,0.7080078125,0.19667521119117737
17,mean_degree,combined_l48_r03_m02,combined,48.0,0.3,0.2,0,target:17:combined_l48_r03_m02:0:1586947055,0.6047815084457397,0.747802734375,0.18312084674835205
17,sum,combined_l48_r03_m02,combined,48.0,0.3,0.2,0,target:17:combined_l48_r03_m02:0:1586947055,1.9455139636993408,0.708984375,0.2612391710281372
17,pna,combined_l48_r03_m02,combined,48.0,0.3,0.2,0,target:17:combined_l48_r03_m02:0:1586947055,0.6110680103302002,0.705322265625,0.2021385133266449
17,mean,combined_l48_r03_m02,combined,48.0,0.3,0.2,1,target:17:combined_l48_r03_m02:1:206179499,0.5044185519218445,0.763427734375,0.16440269351005554
17,mean_degree,combined_l48_r03_m02,combined,48.0,0.3,0.2,1,target:17:combined_l48_r03_m02:1:206179499,0.5073756575584412,0.795166015625,0.15077218413352966
17,sum,combined_l48_r03_m02,combined,48.0,0.3,0.2,1,target:17:combined_l48_r03_m02:1:206179499,1.5615298748016357,0.761962890625,0.2158869355916977
17,pna,combined_l48_r03_m02,combined,48.0,0.3,0.2,1,target:17:combined_l48_r03_m02:1:206179499,0.5925897359848022,0.720703125,0.19430966675281525
17,mean,combined_l48_r03_m02,combined,48.0,0.3,0.2,2,target:17:combined_l48_r03_m02:2:1456593132,0.532378077507019,0.75048828125,0.1748424768447876
17,mean_degree,combined_l48_r03_m02,combined,48.0,0.3,0.2,2,target:17:combined_l48_r03_m02:2:1456593132,0.5674659013748169,0.759765625,0.17343619465827942
17,sum,combined_l48_r03_m02,combined,48.0,0.3,0.2,2,target:17:combined_l48_r03_m02:2:1456593132,1.2874844074249268,0.7587890625,0.21250414848327637
17,pna,combined_l48_r03_m02,combined,48.0,0.3,0.2,2,target:17:combined_l48_r03_m02:2:1456593132,0.5527814030647278,0.732666015625,0.18326053023338318
17,mean,combined_l48_r03_m02,combined,48.0,0.3,0.2,3,target:17:combined_l48_r03_m02:3:294594026,0.5785945057868958,0.72265625,0.18997526168823242
17,mean_degree,combined_l48_r03_m02,combined,48.0,0.3,0.2,3,target:17:combined_l48_r03_m02:3:294594026,0.8356130719184875,0.699462890625,0.23330247402191162
17,sum,combined_l48_r03_m02,combined,48.0,0.3,0.2,3,target:17:combined_l48_r03_m02:3:294594026,1.4892797470092773,0.761962890625,0.21342787146568298
17,pna,combined_l48_r03_m02,combined,48.0,0.3,0.2,3,target:17:combined_l48_r03_m02:3:294594026,0.5041447281837463,0.759765625,0.16539466381072998
17,mean,combined_l48_r03_m02,combined,48.0,0.3,0.2,4,target:17:combined_l48_r03_m02:4:578195742,0.4959956407546997,0.769287109375,0.1613318920135498
17,mean_degree,combined_l48_r03_m02,combined,48.0,0.3,0.2,4,target:17:combined_l48_r03_m02:4:578195742,0.5734504461288452,0.766845703125,0.1720929741859436
17,sum,combined_l48_r03_m02,combined,48.0,0.3,0.2,4,target:17:combined_l48_r03_m02:4:578195742,1.1358102560043335,0.789794921875,0.1849631518125534
17,pna,combined_l48_r03_m02,combined,48.0,0.3,0.2,4,target:17:combined_l48_r03_m02:4:578195742,0.525147557258606,0.74951171875,0.17173244059085846
17,mean,combined_l48_r03_m02,combined,48.0,0.3,0.2,5,target:17:combined_l48_r03_m02:5:1576149232,0.5542234182357788,0.736083984375,0.1831144392490387
17,mean_degree,combined_l48_r03_m02,combined,48.0,0.3,0.2,5,target:17:combined_l48_r03_m02:5:1576149232,0.721550464630127,0.717529296875,0.21185889840126038
17,sum,combined_l48_r03_m02,combined,48.0,0.3,0.2,5,target:17:combined_l48_r03_m02:5:1576149232,1.1461176872253418,0.774169921875,0.19578665494918823
17,pna,combined_l48_r03_m02,combined,48.0,0.3,0.2,5,target:17:combined_l48_r03_m02:5:1576149232,0.5754932761192322,0.72509765625,0.19077062606811523
17,mean,combined_l48_r03_m02,combined,48.0,0.3,0.2,6,target:17:combined_l48_r03_m02:6:864672671,0.8905957937240601,0.6162109375,0.279674232006073
17,mean_degree,combined_l48_r03_m02,combined,48.0,0.3,0.2,6,target:17:combined_l48_r03_m02:6:864672671,1.5490877628326416,0.586181640625,0.3558751046657562
17,sum,combined_l48_r03_m02,combined,48.0,0.3,0.2,6,target:17:combined_l48_r03_m02:6:864672671,2.950788974761963,0.65771484375,0.3156994581222534
17,pna,combined_l48_r03_m02,combined,48.0,0.3,0.2,6,target:17:combined_l48_r03_m02:6:864672671,0.7505471706390381,0.660400390625,0.2403567135334015
17,mean,combined_l48_r03_m02,combined,48.0,0.3,0.2,7,target:17:combined_l48_r03_m02:7:627326730,0.5591991543769836,0.7333984375,0.1839609444141388
17,mean_degree,combined_l48_r03_m02,combined,48.0,0.3,0.2,7,target:17:combined_l48_r03_m02:7:627326730,0.5650702118873596,0.76123046875,0.17197060585021973
17,sum,combined_l48_r03_m02,combined,48.0,0.3,0.2,7,target:17:combined_l48_r03_m02:7:627326730,1.751276969909668,0.722900390625,0.24655093252658844
17,pna,combined_l48_r03_m02,combined,48.0,0.3,0.2,7,target:17:combined_l48_r03_m02:7:627326730,0.5855426788330078,0.7197265625,0.19277071952819824
17,mean,combined_l48_r03_m05,combined,48.0,0.3,0.5,0,target:17:combined_l48_r03_m05:0:1874875465,0.22789044678211212,0.90771484375,0.06858360767364502
17,mean_degree,combined_l48_r03_m05,combined,48.0,0.3,0.5,0,target:17:combined_l48_r03_m05:0:1874875465,0.24732926487922668,0.900634765625,0.07173028588294983
17,sum,combined_l48_r03_m05,combined,48.0,0.3,0.5,0,target:17:combined_l48_r03_m05:0:1874875465,0.2732749581336975,0.9423828125,0.04943017661571503
17,pna,combined_l48_r03_m05,combined,48.0,0.3,0.5,0,target:17:combined_l48_r03_m05:0:1874875465,0.23571616411209106,0.89990234375,0.07166380435228348
17,mean,combined_l48_r03_m05,combined,48.0,0.3,0.5,1,target:17:combined_l48_r03_m05:1:255163861,0.23530912399291992,0.908203125,0.06897854804992676
17,mean_degree,combined_l48_r03_m05,combined,48.0,0.3,0.5,1,target:17:combined_l48_r03_m05:1:255163861,0.2832390069961548,0.90087890625,0.07512764632701874
17,sum,combined_l48_r03_m05,combined,48.0,0.3,0.5,1,target:17:combined_l48_r03_m05:1:255163861,0.2999536991119385,0.946044921875,0.04696615785360336
17,pna,combined_l48_r03_m05,combined,48.0,0.3,0.5,1,target:17:combined_l48_r03_m05:1:255163861,0.24897298216819763,0.903076171875,0.0736071988940239
17,mean,combined_l48_r03_m05,combined,48.0,0.3,0.5,2,target:17:combined_l48_r03_m05:2:68160219,0.28015249967575073,0.87939453125,0.08627323061227798
17,mean_degree,combined_l48_r03_m05,combined,48.0,0.3,0.5,2,target:17:combined_l48_r03_m05:2:68160219,0.3769289553165436,0.86767578125,0.10195052623748779
17,sum,combined_l48_r03_m05,combined,48.0,0.3,0.5,2,target:17:combined_l48_r03_m05:2:68160219,0.38907212018966675,0.931396484375,0.06058654934167862
17,pna,combined_l48_r03_m05,combined,48.0,0.3,0.5,2,target:17:combined_l48_r03_m05:2:68160219,0.2560580372810364,0.8916015625,0.0790623128414154
17,mean,combined_l48_r03_m05,combined,48.0,0.3,0.5,3,target:17:combined_l48_r03_m05:3:736264050,0.21832260489463806,0.911376953125,0.06559854745864868
17,mean_degree,combined_l48_r03_m05,combined,48.0,0.3,0.5,3,target:17:combined_l48_r03_m05:3:736264050,0.2430669069290161,0.907958984375,0.06967080384492874
17,sum,combined_l48_r03_m05,combined,48.0,0.3,0.5,3,target:17:combined_l48_r03_m05:3:736264050,0.2742331922054291,0.942138671875,0.04812537878751755
17,pna,combined_l48_r03_m05,combined,48.0,0.3,0.5,3,target:17:combined_l48_r03_m05:3:736264050,0.2414400279521942,0.897216796875,0.07334855198860168
17,mean,combined_l48_r03_m05,combined,48.0,0.3,0.5,4,target:17:combined_l48_r03_m05:4:1799344323,0.4660549759864807,0.795654296875,0.14461709558963776
17,mean_degree,combined_l48_r03_m05,combined,48.0,0.3,0.5,4,target:17:combined_l48_r03_m05:4:1799344323,0.7163227796554565,0.770263671875,0.180406853556633
17,sum,combined_l48_r03_m05,combined,48.0,0.3,0.5,4,target:17:combined_l48_r03_m05:4:1799344323,0.869146466255188,0.86474609375,0.12086028605699539
17,pna,combined_l48_r03_m05,combined,48.0,0.3,0.5,4,target:17:combined_l48_r03_m05:4:1799344323,0.35483184456825256,0.8408203125,0.11152607947587967
17,mean,combined_l48_r03_m05,combined,48.0,0.3,0.5,5,target:17:combined_l48_r03_m05:5:948483300,0.2061493992805481,0.91748046875,0.061731502413749695
17,mean_degree,combined_l48_r03_m05,combined,48.0,0.3,0.5,5,target:17:combined_l48_r03_m05:5:948483300,0.18508723378181458,0.926025390625,0.0546673908829689
17,sum,combined_l48_r03_m05,combined,48.0,0.3,0.5,5,target:17:combined_l48_r03_m05:5:948483300,0.30420199036598206,0.942138671875,0.049349650740623474
17,pna,combined_l48_r03_m05,combined,48.0,0.3,0.5,5,target:17:combined_l48_r03_m05:5:948483300,0.23755861818790436,0.900146484375,0.07171861082315445
17,mean,combined_l48_r03_m05,combined,48.0,0.3,0.5,6,target:17:combined_l48_r03_m05:6:2063555709,0.2997108995914459,0.876708984375,0.09036833792924881
17,mean_degree,combined_l48_r03_m05,combined,48.0,0.3,0.5,6,target:17:combined_l48_r03_m05:6:2063555709,0.38208264112472534,0.8681640625,0.1026189923286438
17,sum,combined_l48_r03_m05,combined,48.0,0.3,0.5,6,target:17:combined_l48_r03_m05:6:2063555709,0.3845284581184387,0.92626953125,0.06283409893512726
17,pna,combined_l48_r03_m05,combined,48.0,0.3,0.5,6,target:17:combined_l48_r03_m05:6:2063555709,0.2790873050689697,0.8828125,0.0861179530620575
17,mean,combined_l48_r03_m05,combined,48.0,0.3,0.5,7,target:17:combined_l48_r03_m05:7:1179904228,0.21173126995563507,0.912841796875,0.06352853775024414
17,mean_degree,combined_l48_r03_m05,combined,48.0,0.3,0.5,7,target:17:combined_l48_r03_m05:7:1179904228,0.21085888147354126,0.91748046875,0.06080581247806549
17,sum,combined_l48_r03_m05,combined,48.0,0.3,0.5,7,target:17:combined_l48_r03_m05:7:1179904228,0.31472325325012207,0.942138671875,0.05109722167253494
17,pna,combined_l48_r03_m05,combined,48.0,0.3,0.5,7,target:17:combined_l48_r03_m05:7:1179904228,0.2343141883611679,0.8994140625,0.07121597230434418
17,mean,combined_l48_r08_m02,combined,48.0,0.8,0.2,0,target:17:combined_l48_r08_m02:0:191931295,0.001481635496020317,1.0,4.705926403403282e-05
17,mean_degree,combined_l48_r08_m02,combined,48.0,0.8,0.2,0,target:17:combined_l48_r08_m02:0:191931295,8.001767855603248e-05,1.0,1.6184524156415137e-06
17,sum,combined_l48_r08_m02,combined,48.0,0.8,0.2,0,target:17:combined_l48_r08_m02:0:191931295,2.3642280666535953e-06,1.0,1.1625902907042018e-08
17,pna,combined_l48_r08_m02,combined,48.0,0.8,0.2,0,target:17:combined_l48_r08_m02:0:191931295,0.00472644716501236,1.0,0.00024369788297917694
17,mean,combined_l48_r08_m02,combined,48.0,0.8,0.2,1,target:17:combined_l48_r08_m02:1:1039081757,0.0006662635132670403,1.0,1.089829584088875e-05
17,mean_degree,combined_l48_r08_m02,combined,48.0,0.8,0.2,1,target:17:combined_l48_r08_m02:1:1039081757,2.9613178412546404e-05,1.0,4.217182549837162e-07
17,sum,combined_l48_r08_m02,combined,48.0,0.8,0.2,1,target:17:combined_l48_r08_m02:1:1039081757,1.0436428254934071e-07,1.0,4.059213035145781e-11
17,pna,combined_l48_r08_m02,combined,48.0,0.8,0.2,1,target:17:combined_l48_r08_m02:1:1039081757,0.0028434679843485355,1.0,0.00015564986097160727
17,mean,combined_l48_r08_m02,combined,48.0,0.8,0.2,2,target:17:combined_l48_r08_m02:2:527677001,0.003935998305678368,1.0,0.00032058541546575725
17,mean_degree,combined_l48_r08_m02,combined,48.0,0.8,0.2,2,target:17:combined_l48_r08_m02:2:527677001,0.00033619313035160303,1.0,1.923148192872759e-05
17,sum,combined_l48_r08_m02,combined,48.0,0.8,0.2,2,target:17:combined_l48_r08_m02:2:527677001,0.0008571146754547954,0.99951171875,0.00030340952798724174
17,pna,combined_l48_r08_m02,combined,48.0,0.8,0.2,2,target:17:combined_l48_r08_m02:2:527677001,0.014656399376690388,0.998779296875,0.0022044815123081207
17,mean,combined_l48_r08_m02,combined,48.0,0.8,0.2,3,target:17:combined_l48_r08_m02:3:2071672702,0.001451619784347713,1.0,5.725229857489467e-05
17,mean_degree,combined_l48_r08_m02,combined,48.0,0.8,0.2,3,target:17:combined_l48_r08_m02:3:2071672702,5.975018939352594e-05,1.0,6.812270498812723e-07
17,sum,combined_l48_r08_m02,combined,48.0,0.8,0.2,3,target:17:combined_l48_r08_m02:3:2071672702,7.348605140578002e-05,1.0,1.3562773347075563e-05
17,pna,combined_l48_r08_m02,combined,48.0,0.8,0.2,3,target:17:combined_l48_r08_m02:3:2071672702,0.005190487951040268,0.99951171875,0.0004812151310034096
17,mean,combined_l48_r08_m02,combined,48.0,0.8,0.2,4,target:17:combined_l48_r08_m02:4:635120916,0.0014177445555105805,1.0,4.49363978987094e-05
17,mean_degree,combined_l48_r08_m02,combined,48.0,0.8,0.2,4,target:17:combined_l48_r08_m02:4:635120916,0.00010225703590549529,1.0,3.7728514143964276e-06
17,sum,combined_l48_r08_m02,combined,48.0,0.8,0.2,4,target:17:combined_l48_r08_m02:4:635120916,4.5828736006114923e-07,1.0,4.569807032783757e-10
17,pna,combined_l48_r08_m02,combined,48.0,0.8,0.2,4,target:17:combined_l48_r08_m02:4:635120916,0.00554858660325408,0.999755859375,0.0005278508178889751
17,mean,combined_l48_r08_m02,combined,48.0,0.8,0.2,5,target:17:combined_l48_r08_m02:5:1186913032,0.0009013231028802693,1.0,1.621252522454597e-05
17,mean_degree,combined_l48_r08_m02,combined,48.0,0.8,0.2,5,target:17:combined_l48_r08_m02:5:1186913032,4.774698390974663e-05,1.0,6.735735382790153e-07
17,sum,combined_l48_r08_m02,combined,48.0,0.8,0.2,5,target:17:combined_l48_r08_m02:5:1186913032,1.4316468366359913e-07,1.0,6.417231329658435e-11
17,pna,combined_l48_r08_m02,combined,48.0,0.8,0.2,5,target:17:combined_l48_r08_m02:5:1186913032,0.003063675481826067,1.0,0.00010489410487934947
17,mean,combined_l48_r08_m02,combined,48.0,0.8,0.2,6,target:17:combined_l48_r08_m02:6:1983590143,0.005951902363449335,0.99951171875,0.0005995790706947446
17,mean_degree,combined_l48_r08_m02,combined,48.0,0.8,0.2,6,target:17:combined_l48_r08_m02:6:1983590143,0.0012626162497326732,0.99951171875,0.00027531987871043384
17,sum,combined_l48_r08_m02,combined,48.0,0.8,0.2,6,target:17:combined_l48_r08_m02:6:1983590143,7.963924872456118e-06,1.0,6.712125610874864e-08
17,pna,combined_l48_r08_m02,combined,48.0,0.8,0.2,6,target:17:combined_l48_r08_m02:6:1983590143,0.013719242066144943,0.999267578125,0.001324906013906002
17,mean,combined_l48_r08_m02,combined,48.0,0.8,0.2,7,target:17:combined_l48_r08_m02:7:1044035463,0.002193876076489687,1.0,5.8468751376494765e-05
17,mean_degree,combined_l48_r08_m02,combined,48.0,0.8,0.2,7,target:17:combined_l48_r08_m02:7:1044035463,0.00011306736269034445,1.0,1.084023097064346e-06
17,sum,combined_l48_r08_m02,combined,48.0,0.8,0.2,7,target:17:combined_l48_r08_m02:7:1044035463,6.106040382292122e-05,1.0,1.0902002031798474e-05
17,pna,combined_l48_r08_m02,combined,48.0,0.8,0.2,7,target:17:combined_l48_r08_m02:7:1044035463,0.010011617094278336,0.9990234375,0.0011113776126876473
17,mean,combined_l48_r08_m05,combined,48.0,0.8,0.5,0,target:17:combined_l48_r08_m05:0:778779848,2.8140462404735445e-07,1.0,2.6059925051225008e-11
17,mean_degree,combined_l48_r08_m05,combined,48.0,0.8,0.5,0,target:17:combined_l48_r08_m05:0:778779848,1.0493404756228841e-11,1.0,3.402008901845636e-17
17,sum,combined_l48_r08_m05,combined,48.0,0.8,0.5,0,target:17:combined_l48_r08_m05:0:778779848,1.0255827905307124e-21,1.0,1.1619729985358523e-28
17,pna,combined_l48_r08_m05,combined,48.0,0.8,0.5,0,target:17:combined_l48_r08_m05:0:778779848,1.5562287444481626e-05,1.0,1.115967851461619e-08
17,mean,combined_l48_r08_m05,combined,48.0,0.8,0.5,1,target:17:combined_l48_r08_m05:1:1926227210,1.0141773287841716e-07,1.0,4.031502996021397e-12
17,mean_degree,combined_l48_r08_m05,combined,48.0,0.8,0.5,1,target:17:combined_l48_r08_m05:1:1926227210,1.3048863378717357e-10,1.0,3.6348489946229825e-17
17,sum,combined_l48_r08_m05,combined,48.0,0.8,0.5,1,target:17:combined_l48_r08_m05:1:1926227210,3.5043785339589614e-21,1.0,8.725663047852892e-24
17,pna,combined_l48_r08_m05,combined,48.0,0.8,0.5,1,target:17:combined_l48_r08_m05:1:1926227210,8.62332854012493e-06,1.0,8.505872672870396e-10
17,mean,combined_l48_r08_m05,combined,48.0,0.8,0.5,2,target:17:combined_l48_r08_m05:2:1682261940,9.869694395092665e-08,1.0,1.6822523192169814e-12
17,mean_degree,combined_l48_r08_m05,combined,48.0,0.8,0.5,2,target:17:combined_l48_r08_m05:2:1682261940,5.873001390765964e-11,1.0,4.093896349717858e-18
17,sum,combined_l48_r08_m05,combined,48.0,0.8,0.5,2,target:17:combined_l48_r08_m05:2:1682261940,5.965278127899398e-19,1.0,4.857004904353455e-33
17,pna,combined_l48_r08_m05,combined,48.0,0.8,0.5,2,target:17:combined_l48_r08_m05:2:1682261940,1.0340128937968984e-05,1.0,3.0255211669327764e-09
17,mean,combined_l48_r08_m05,combined,48.0,0.8,0.5,3,target:17:combined_l48_r08_m05:3:1778121946,3.429482831052155e-07,1.0,1.0834397615178126e-11
17,mean_degree,combined_l48_r08_m05,combined,48.0,0.8,0.5,3,target:17:combined_l48_r08_m05:3:1778121946,3.578581875274267e-10,1.0,4.643333700813343e-17
17,sum,combined_l48_r08_m05,combined,48.0,0.8,0.5,3,target:17:combined_l48_r08_m05:3:1778121946,2.030486039898205e-17,1.0,1.5679474891405829e-34
17,pna,combined_l48_r08_m05,combined,48.0,0.8,0.5,3,target:17:combined_l48_r08_m05:3:1778121946,1.945403346326202e-05,1.0,5.191541418980705e-09
17,mean,combined_l48_r08_m05,combined,48.0,0.8,0.5,4,target:17:combined_l48_r08_m05:4:2054819869,2.0917643439588574e-07,1.0,4.376747228529432e-12
17,mean_degree,combined_l48_r08_m05,combined,48.0,0.8,0.5,4,target:17:combined_l48_r08_m05:4:2054819869,3.644737844865631e-10,1.0,1.4572520260685494e-16
17,sum,combined_l48_r08_m05,combined,48.0,0.8,0.5,4,target:17:combined_l48_r08_m05:4:2054819869,1.3809961272331793e-20,1.0,6.550256541849767e-32
17,pna,combined_l48_r08_m05,combined,48.0,0.8,0.5,4,target:17:combined_l48_r08_m05:4:2054819869,1.4211780580808409e-05,1.0,1.7553187792174185e-09
17,mean,combined_l48_r08_m05,combined,48.0,0.8,0.5,5,target:17:combined_l48_r08_m05:5:1799659710,5.5879791460711203e-08,1.0,9.580671759407133e-13
17,mean_degree,combined_l48_r08_m05,combined,48.0,0.8,0.5,5,target:17:combined_l48_r08_m05:5:1799659710,1.4129933334494638e-10,1.0,5.55139107057813e-17
17,sum,combined_l48_r08_m05,combined,48.0,0.8,0.5,5,target:17:combined_l48_r08_m05:5:1799659710,8.312948538235016e-19,1.0,1.09209301228215e-36
17,pna,combined_l48_r08_m05,combined,48.0,0.8,0.5,5,target:17:combined_l48_r08_m05:5:1799659710,7.634178473381326e-06,1.0,1.8889827479995347e-09
17,mean,combined_l48_r08_m05,combined,48.0,0.8,0.5,6,target:17:combined_l48_r08_m05:6:687360665,1.337740940243748e-07,1.0,7.70045312237233e-12
17,mean_degree,combined_l48_r08_m05,combined,48.0,0.8,0.5,6,target:17:combined_l48_r08_m05:6:687360665,2.837326762428205e-10,1.0,1.120104325699368e-16
17,sum,combined_l48_r08_m05,combined,48.0,0.8,0.5,6,target:17:combined_l48_r08_m05:6:687360665,4.758535351518756e-19,1.0,4.236083853075206e-31
17,pna,combined_l48_r08_m05,combined,48.0,0.8,0.5,6,target:17:combined_l48_r08_m05:6:687360665,1.0186719009652734e-05,1.0,1.5718240042872367e-09
17,mean,combined_l48_r08_m05,combined,48.0,0.8,0.5,7,target:17:combined_l48_r08_m05:7:20861450,4.827269322049688e-07,1.0,1.345411282382969e-10
17,mean_degree,combined_l48_r08_m05,combined,48.0,0.8,0.5,7,target:17:combined_l48_r08_m05:7:20861450,6.295002297207475e-09,1.0,9.039644033315142e-14
17,sum,combined_l48_r08_m05,combined,48.0,0.8,0.5,7,target:17:combined_l48_r08_m05:7:20861450,1.4709768714898252e-16,1.0,5.605193857299268e-45
17,pna,combined_l48_r08_m05,combined,48.0,0.8,0.5,7,target:17:combined_l48_r08_m05:7:20861450,1.509693083789898e-05,1.0,3.452926478075824e-08
29,mean,source,source,24.0,0.6,0.35,0,target:29:source:0:1644223976,0.041493967175483704,0.98583984375,0.011191274970769882
29,mean_degree,source,source,24.0,0.6,0.35,0,target:29:source:0:1644223976,0.04302836209535599,0.98583984375,0.011487642303109169
29,sum,source,source,24.0,0.6,0.35,0,target:29:source:0:1644223976,0.04922552779316902,0.9833984375,0.012630240991711617
29,pna,source,source,24.0,0.6,0.35,0,target:29:source:0:1644223976,0.07517862319946289,0.972412109375,0.02077026292681694
29,mean,source,source,24.0,0.6,0.35,1,target:29:source:1:37958616,0.023320632055401802,0.992431640625,0.006145897787064314
29,mean_degree,source,source,24.0,0.6,0.35,1,target:29:source:1:37958616,0.02425476163625717,0.990966796875,0.00646483339369297
29,sum,source,source,24.0,0.6,0.35,1,target:29:source:1:37958616,0.025971408933401108,0.990966796875,0.007096890825778246
29,pna,source,source,24.0,0.6,0.35,1,target:29:source:1:37958616,0.041253648698329926,0.984375,0.011331738904118538
29,mean,source,source,24.0,0.6,0.35,2,target:29:source:2:1170807559,0.03409093618392944,0.987548828125,0.009306675754487514
29,mean_degree,source,source,24.0,0.6,0.35,2,target:29:source:2:1170807559,0.03640168905258179,0.98828125,0.009805424138903618
29,sum,source,source,24.0,0.6,0.35,2,target:29:source:2:1170807559,0.045095302164554596,0.98291015625,0.012498172000050545
29,pna,source,source,24.0,0.6,0.35,2,target:29:source:2:1170807559,0.05662728101015091,0.977294921875,0.01559925265610218
29,mean,source,source,24.0,0.6,0.35,3,target:29:source:3:1210071121,0.06924590468406677,0.974609375,0.01967327855527401
29,mean_degree,source,source,24.0,0.6,0.35,3,target:29:source:3:1210071121,0.06030179560184479,0.976806640625,0.017286043614149094
29,sum,source,source,24.0,0.6,0.35,3,target:29:source:3:1210071121,0.07305251061916351,0.971923828125,0.020385228097438812
29,pna,source,source,24.0,0.6,0.35,3,target:29:source:3:1210071121,0.07447412610054016,0.972900390625,0.0202847458422184
29,mean,source,source,24.0,0.6,0.35,4,target:29:source:4:555120963,0.05795540660619736,0.978515625,0.016148054972290993
29,mean_degree,source,source,24.0,0.6,0.35,4,target:29:source:4:555120963,0.058418869972229004,0.97900390625,0.016329418867826462
29,sum,source,source,24.0,0.6,0.35,4,target:29:source:4:555120963,0.06307561695575714,0.9775390625,0.017687007784843445
29,pna,source,source,24.0,0.6,0.35,4,target:29:source:4:555120963,0.09904943406581879,0.9619140625,0.02871716581285
29,mean,source,source,24.0,0.6,0.35,5,target:29:source:5:1449247431,0.04818017780780792,0.98388671875,0.012719621881842613
29,mean_degree,source,source,24.0,0.6,0.35,5,target:29:source:5:1449247431,0.04641817510128021,0.98388671875,0.012388434261083603
29,sum,source,source,24.0,0.6,0.35,5,target:29:source:5:1449247431,0.051652587950229645,0.98046875,0.01434065867215395
29,pna,source,source,24.0,0.6,0.35,5,target:29:source:5:1449247431,0.05807987228035927,0.979736328125,0.015575671568512917
29,mean,source,source,24.0,0.6,0.35,6,target:29:source:6:591525455,0.034119442105293274,0.98779296875,0.009505538269877434
29,mean_degree,source,source,24.0,0.6,0.35,6,target:29:source:6:591525455,0.03373899310827255,0.9873046875,0.009241197258234024
29,sum,source,source,24.0,0.6,0.35,6,target:29:source:6:591525455,0.03624838590621948,0.98681640625,0.01027744822204113
29,pna,source,source,24.0,0.6,0.35,6,target:29:source:6:591525455,0.05609395354986191,0.978515625,0.0159657821059227
29,mean,source,source,24.0,0.6,0.35,7,target:29:source:7:1455647149,0.05286484956741333,0.980712890625,0.014575416222214699
29,mean_degree,source,source,24.0,0.6,0.35,7,target:29:source:7:1455647149,0.050968874245882034,0.98291015625,0.013795727863907814
29,sum,source,source,24.0,0.6,0.35,7,target:29:source:7:1455647149,0.058655235916376114,0.97802734375,0.016638891771435738
29,pna,source,source,24.0,0.6,0.35,7,target:29:source:7:1455647149,0.0702679455280304,0.97607421875,0.01922467350959778
29,mean,lambda_low,degree,12.0,0.6,0.35,0,target:29:lambda_low:0:542666342,0.36530745029449463,0.90673828125,0.07615841180086136
29,mean_degree,lambda_low,degree,12.0,0.6,0.35,0,target:29:lambda_low:0:542666342,0.2539612352848053,0.8955078125,0.07567685842514038
29,sum,lambda_low,degree,12.0,0.6,0.35,0,target:29:lambda_low:0:542666342,0.24014191329479218,0.90185546875,0.07163473963737488
29,pna,lambda_low,degree,12.0,0.6,0.35,0,target:29:lambda_low:0:542666342,0.36181527376174927,0.8896484375,0.08856725692749023
29,mean,lambda_low,degree,12.0,0.6,0.35,1,target:29:lambda_low:1:579718593,0.40087705850601196,0.902587890625,0.08034241199493408
29,mean_degree,lambda_low,degree,12.0,0.6,0.35,1,target:29:lambda_low:1:579718593,0.24944224953651428,0.90283203125,0.072177954018116
29,sum,lambda_low,degree,12.0,0.6,0.35,1,target:29:lambda_low:1:579718593,0.2406889945268631,0.907470703125,0.07151710987091064
29,pna,lambda_low,degree,12.0,0.6,0.35,1,target:29:lambda_low:1:579718593,0.3856912851333618,0.89013671875,0.08962249755859375
29,mean,lambda_low,degree,12.0,0.6,0.35,2,target:29:lambda_low:2:1154150869,0.3906426429748535,0.9013671875,0.0828283503651619
29,mean_degree,lambda_low,degree,12.0,0.6,0.35,2,target:29:lambda_low:2:1154150869,0.25247472524642944,0.89990234375,0.07477452605962753
29,sum,lambda_low,degree,12.0,0.6,0.35,2,target:29:lambda_low:2:1154150869,0.24916154146194458,0.900390625,0.07394522428512573
29,pna,lambda_low,degree,12.0,0.6,0.35,2,target:29:lambda_low:2:1154150869,0.383500337600708,0.884765625,0.09310120344161987
29,mean,lambda_low,degree,12.0,0.6,0.35,3,target:29:lambda_low:3:748620713,0.37951499223709106,0.90771484375,0.07622580230236053
29,mean_degree,lambda_low,degree,12.0,0.6,0.35,3,target:29:lambda_low:3:748620713,0.24139511585235596,0.90380859375,0.0707261860370636
29,sum,lambda_low,degree,12.0,0.6,0.35,3,target:29:lambda_low:3:748620713,0.25277209281921387,0.896484375,0.07620082795619965
29,pna,lambda_low,degree,12.0,0.6,0.35,3,target:29:lambda_low:3:748620713,0.3698291480541229,0.892333984375,0.08776891976594925
29,mean,lambda_low,degree,12.0,0.6,0.35,4,target:29:lambda_low:4:1726498445,0.40680357813835144,0.901611328125,0.08101913332939148
29,mean_degree,lambda_low,degree,12.0,0.6,0.35,4,target:29:lambda_low:4:1726498445,0.23976123332977295,0.9072265625,0.07008926570415497
29,sum,lambda_low,degree,12.0,0.6,0.35,4,target:29:lambda_low:4:1726498445,0.24965253472328186,0.90087890625,0.07401050627231598
29,pna,lambda_low,degree,12.0,0.6,0.35,4,target:29:lambda_low:4:1726498445,0.3684656620025635,0.891845703125,0.0876813530921936
29,mean,lambda_low,degree,12.0,0.6,0.35,5,target:29:lambda_low:5:1842558763,0.37724798917770386,0.904541015625,0.07948420941829681
29,mean_degree,lambda_low,degree,12.0,0.6,0.35,5,target:29:lambda_low:5:1842558763,0.2345370352268219,0.90771484375,0.06960973888635635
29,sum,lambda_low,degree,12.0,0.6,0.35,5,target:29:lambda_low:5:1842558763,0.2465585172176361,0.90380859375,0.07334744185209274
29,pna,lambda_low,degree,12.0,0.6,0.35,5,target:29:lambda_low:5:1842558763,0.34731149673461914,0.8994140625,0.08239582926034927
29,mean,lambda_low,degree,12.0,0.6,0.35,6,target:29:lambda_low:6:1420509458,0.37970221042633057,0.90234375,0.07907859981060028
29,mean_degree,lambda_low,degree,12.0,0.6,0.35,6,target:29:lambda_low:6:1420509458,0.25395846366882324,0.898193359375,0.07537681609392166
29,sum,lambda_low,degree,12.0,0.6,0.35,6,target:29:lambda_low:6:1420509458,0.24651482701301575,0.900390625,0.07385771721601486
29,pna,lambda_low,degree,12.0,0.6,0.35,6,target:29:lambda_low:6:1420509458,0.36743447184562683,0.888671875,0.08900360018014908
29,mean,lambda_low,degree,12.0,0.6,0.35,7,target:29:lambda_low:7:1367356551,0.4123399257659912,0.89794921875,0.08465516567230225
29,mean_degree,lambda_low,degree,12.0,0.6,0.35,7,target:29:lambda_low:7:1367356551,0.2772180438041687,0.887939453125,0.08237148076295853
29,sum,lambda_low,degree,12.0,0.6,0.35,7,target:29:lambda_low:7:1367356551,0.2580855190753937,0.892578125,0.07794657349586487
29,pna,lambda_low,degree,12.0,0.6,0.35,7,target:29:lambda_low:7:1367356551,0.39720311760902405,0.880859375,0.09671995043754578
29,mean,lambda_high,degree,48.0,0.6,0.35,0,target:29:lambda_high:0:1340308532,0.009070523083209991,0.998046875,0.0017215826082974672
29,mean_degree,lambda_high,degree,48.0,0.6,0.35,0,target:29:lambda_high:0:1340308532,0.004293553531169891,0.99853515625,0.001038386020809412
29,sum,lambda_high,degree,48.0,0.6,0.35,0,target:29:lambda_high:0:1340308532,0.003047236008569598,0.999267578125,0.0006057701539248228
29,pna,lambda_high,degree,48.0,0.6,0.35,0,target:29:lambda_high:0:1340308532,0.010763660073280334,0.9990234375,0.0014388447161763906
29,mean,lambda_high,degree,48.0,0.6,0.35,1,target:29:lambda_high:1:2091616188,0.012890417128801346,0.99755859375,0.002593820448964834
29,mean_degree,lambda_high,degree,48.0,0.6,0.35,1,target:29:lambda_high:1:2091616188,0.007112974300980568,0.99755859375,0.0017274930141866207
29,sum,lambda_high,degree,48.0,0.6,0.35,1,target:29:lambda_high:1:2091616188,0.006612231023609638,0.99853515625,0.0013062817743048072
29,pna,lambda_high,degree,48.0,0.6,0.35,1,target:29:lambda_high:1:2091616188,0.01236485131084919,0.998291015625,0.002048420486971736
29,mean,lambda_high,degree,48.0,0.6,0.35,2,target:29:lambda_high:2:283521644,0.006846500560641289,0.999267578125,0.0010253340005874634
29,mean_degree,lambda_high,degree,48.0,0.6,0.35,2,target:29:lambda_high:2:283521644,0.002827852498739958,0.999755859375,0.0005382110248319805
29,sum,lambda_high,degree,48.0,0.6,0.35,2,target:29:lambda_high:2:283521644,0.006456785835325718,0.998779296875,0.0011036279611289501
29,pna,lambda_high,degree,48.0,0.6,0.35,2,target:29:lambda_high:2:283521644,0.010701514780521393,0.999267578125,0.0013211688492447138
29,mean,lambda_high,degree,48.0,0.6,0.35,3,target:29:lambda_high:3:515801744,0.005744917783886194,0.9990234375,0.0008187927887775004
29,mean_degree,lambda_high,degree,48.0,0.6,0.35,3,target:29:lambda_high:3:515801744,0.002017008839175105,0.99951171875,0.0003420385764911771
29,sum,lambda_high,degree,48.0,0.6,0.35,3,target:29:lambda_high:3:515801744,0.0003242860548198223,0.999755859375,0.00011584821913857013
29,pna,lambda_high,degree,48.0,0.6,0.35,3,target:29:lambda_high:3:515801744,0.009736072272062302,0.9990234375,0.0011455686762928963
29,mean,lambda_high,degree,48.0,0.6,0.35,4,target:29:lambda_high:4:1527093559,0.004217340610921383,1.0,0.00039256172021850944
29,mean_degree,lambda_high,degree,48.0,0.6,0.35,4,target:29:lambda_high:4:1527093559,0.001369292614981532,1.0,0.00014329029363580048
29,sum,lambda_high,degree,48.0,0.6,0.35,4,target:29:lambda_high:4:1527093559,0.0009713328909128904,0.999755859375,0.00025014084530994296
29,pna,lambda_high,degree,48.0,0.6,0.35,4,target:29:lambda_high:4:1527093559,0.008038593456149101,0.99951171875,0.000762653595302254
29,mean,lambda_high,degree,48.0,0.6,0.35,5,target:29:lambda_high:5:159265231,0.0055921198800206184,0.998779296875,0.0009075641864910722
29,mean_degree,lambda_high,degree,48.0,0.6,0.35,5,target:29:lambda_high:5:159265231,0.0021585358772426844,0.999755859375,0.0004207321326248348
29,sum,lambda_high,degree,48.0,0.6,0.35,5,target:29:lambda_high:5:159265231,0.0009664015960879624,0.999755859375,0.00026981497649103403
29,pna,lambda_high,degree,48.0,0.6,0.35,5,target:29:lambda_high:5:159265231,0.007269565481692553,0.9990234375,0.0009115014690905809
29,mean,lambda_high,degree,48.0,0.6,0.35,6,target:29:lambda_high:6:1027512310,0.01715269684791565,0.99609375,0.0035663540475070477
29,mean_degree,lambda_high,degree,48.0,0.6,0.35,6,target:29:lambda_high:6:1027512310,0.007943538017570972,0.99755859375,0.001878994284197688
29,sum,lambda_high,degree,48.0,0.6,0.35,6,target:29:lambda_high:6:1027512310,0.006584343500435352,0.99755859375,0.0016273480141535401
29,pna,lambda_high,degree,48.0,0.6,0.35,6,target:29:lambda_high:6:1027512310,0.02418113872408867,0.9951171875,0.0048018814995884895
29,mean,lambda_high,degree,48.0,0.6,0.35,7,target:29:lambda_high:7:1633212246,0.003994701895862818,0.999755859375,0.00038188317557796836
29,mean_degree,lambda_high,degree,48.0,0.6,0.35,7,target:29:lambda_high:7:1633212246,0.001450074603781104,0.999755859375,0.0002384448889642954
29,sum,lambda_high,degree,48.0,0.6,0.35,7,target:29:lambda_high:7:1633212246,0.0012395036173984408,0.999267578125,0.0004493581654969603
29,pna,lambda_high,degree,48.0,0.6,0.35,7,target:29:lambda_high:7:1633212246,0.007877824828028679,0.99951171875,0.0009042745805345476
29,mean,rho_low,homophily,24.0,0.3,0.35,0,target:29:rho_low:0:1358686662,0.5916076302528381,0.779541015625,0.1678282916545868
29,mean_degree,rho_low,homophily,24.0,0.3,0.35,0,target:29:rho_low:0:1358686662,0.5457596182823181,0.779296875,0.16200220584869385
29,sum,rho_low,homophily,24.0,0.3,0.35,0,target:29:rho_low:0:1358686662,0.6449655294418335,0.775634765625,0.17274925112724304
29,pna,rho_low,homophily,24.0,0.3,0.35,0,target:29:rho_low:0:1358686662,0.6215277314186096,0.755615234375,0.18476076424121857
29,mean,rho_low,homophily,24.0,0.3,0.35,1,target:29:rho_low:1:125189149,0.5411098003387451,0.797119140625,0.15440374612808228
29,mean_degree,rho_low,homophily,24.0,0.3,0.35,1,target:29:rho_low:1:125189149,0.49180105328559875,0.800048828125,0.14800062775611877
29,sum,rho_low,homophily,24.0,0.3,0.35,1,target:29:rho_low:1:125189149,0.5988724231719971,0.802490234375,0.15742477774620056
29,pna,rho_low,homophily,24.0,0.3,0.35,1,target:29:rho_low:1:125189149,0.5254583358764648,0.781494140625,0.15856343507766724
29,mean,rho_low,homophily,24.0,0.3,0.35,2,target:29:rho_low:2:597108677,0.6451394557952881,0.7626953125,0.18174612522125244
29,mean_degree,rho_low,homophily,24.0,0.3,0.35,2,target:29:rho_low:2:597108677,0.5566965341567993,0.77587890625,0.16713789105415344
29,sum,rho_low,homophily,24.0,0.3,0.35,2,target:29:rho_low:2:597108677,0.6857122778892517,0.776123046875,0.17815691232681274
29,pna,rho_low,homophily,24.0,0.3,0.35,2,target:29:rho_low:2:597108677,0.544877827167511,0.777587890625,0.16360215842723846
29,mean,rho_low,homophily,24.0,0.3,0.35,3,target:29:rho_low:3:526208440,0.6796594858169556,0.7568359375,0.18527406454086304
29,mean_degree,rho_low,homophily,24.0,0.3,0.35,3,target:29:rho_low:3:526208440,0.5874468088150024,0.770751953125,0.17155838012695312
29,sum,rho_low,homophily,24.0,0.3,0.35,3,target:29:rho_low:3:526208440,0.7367995977401733,0.7724609375,0.1840382218360901
29,pna,rho_low,homophily,24.0,0.3,0.35,3,target:29:rho_low:3:526208440,0.5624296069145203,0.77734375,0.165066659450531
29,mean,rho_low,homophily,24.0,0.3,0.35,4,target:29:rho_low:4:716602987,0.5411198139190674,0.7890625,0.15680614113807678
29,mean_degree,rho_low,homophily,24.0,0.3,0.35,4,target:29:rho_low:4:716602987,0.5081813335418701,0.790771484375,0.15321801602840424
29,sum,rho_low,homophily,24.0,0.3,0.35,4,target:29:rho_low:4:716602987,0.5768221020698547,0.794677734375,0.15831293165683746
29,pna,rho_low,homophily,24.0,0.3,0.35,4,target:29:rho_low:4:716602987,0.5609441995620728,0.768798828125,0.16985192894935608
29,mean,rho_low,homophily,24.0,0.3,0.35,5,target:29:rho_low:5:574613264,0.5705584287643433,0.786865234375,0.16256242990493774
29,mean_degree,rho_low,homophily,24.0,0.3,0.35,5,target:29:rho_low:5:574613264,0.512357234954834,0.795654296875,0.15372398495674133
29,sum,rho_low,homophily,24.0,0.3,0.35,5,target:29:rho_low:5:574613264,0.6125737428665161,0.7958984375,0.16151365637779236
29,pna,rho_low,homophily,24.0,0.3,0.35,5,target:29:rho_low:5:574613264,0.5378958582878113,0.776611328125,0.16237547993659973
29,mean,rho_low,homophily,24.0,0.3,0.35,6,target:29:rho_low:6:344262094,0.5320051908493042,0.80078125,0.14997147023677826
29,mean_degree,rho_low,homophily,24.0,0.3,0.35,6,target:29:rho_low:6:344262094,0.4746984839439392,0.808349609375,0.14102134108543396
29,sum,rho_low,homophily,24.0,0.3,0.35,6,target:29:rho_low:6:344262094,0.5514146685600281,0.807373046875,0.14855057001113892
29,pna,rho_low,homophily,24.0,0.3,0.35,6,target:29:rho_low:6:344262094,0.5219664573669434,0.790771484375,0.15517863631248474
29,mean,rho_low,homophily,24.0,0.3,0.35,7,target:29:rho_low:7:1303836014,0.770584225654602,0.73583984375,0.20684869587421417
29,mean_degree,rho_low,homophily,24.0,0.3,0.35,7,target:29:rho_low:7:1303836014,0.672072172164917,0.7431640625,0.19470970332622528
29,sum,rho_low,homophily,24.0,0.3,0.35,7,target:29:rho_low:7:1303836014,0.8218144178390503,0.74365234375,0.20364707708358765
29,pna,rho_low,homophily,24.0,0.3,0.35,7,target:29:rho_low:7:1303836014,0.5896593332290649,0.758544921875,0.17688430845737457
29,mean,rho_high,homophily,24.0,0.8,0.35,0,target:29:rho_high:0:570659256,0.0023768949322402477,0.998779296875,0.0006838437402620912
29,mean_degree,rho_high,homophily,24.0,0.8,0.35,0,target:29:rho_high:0:570659256,0.002619829261675477,0.999267578125,0.0006928321672603488
29,sum,rho_high,homophily,24.0,0.8,0.35,0,target:29:rho_high:0:570659256,0.0026502320542931557,0.9990234375,0.000735132081899792
29,pna,rho_high,homophily,24.0,0.8,0.35,0,target:29:rho_high:0:570659256,0.005336854141205549,0.998046875,0.0013126333942636847
29,mean,rho_high,homophily,24.0,0.8,0.35,1,target:29:rho_high:1:2018639630,0.0010723056038841605,0.99951171875,0.0002951064379885793
29,mean_degree,rho_high,homophily,24.0,0.8,0.35,1,target:29:rho_high:1:2018639630,0.0011509950272738934,0.999755859375,0.0002509893092792481
29,sum,rho_high,homophily,24.0,0.8,0.35,1,target:29:rho_high:1:2018639630,0.0014730810653418303,0.999755859375,0.0003409484343137592
29,pna,rho_high,homophily,24.0,0.8,0.35,1,target:29:rho_high:1:2018639630,0.0049915192648768425,0.998779296875,0.0012118995655328035
29,mean,rho_high,homophily,24.0,0.8,0.35,2,target:29:rho_high:2:317954797,0.00033916294341906905,1.0,6.14488308201544e-05
29,mean_degree,rho_high,homophily,24.0,0.8,0.35,2,target:29:rho_high:2:317954797,0.0004078721103724092,1.0,6.042286622687243e-05
29,sum,rho_high,homophily,24.0,0.8,0.35,2,target:29:rho_high:2:317954797,0.0006365345907397568,0.999755859375,0.00013686424063052982
29,pna,rho_high,homophily,24.0,0.8,0.35,2,target:29:rho_high:2:317954797,0.0011427849531173706,1.0,0.00016697800310794264
29,mean,rho_high,homophily,24.0,0.8,0.35,3,target:29:rho_high:3:1354625492,0.0008665335481055081,1.0,0.00012046405754517764
29,mean_degree,rho_high,homophily,24.0,0.8,0.35,3,target:29:rho_high:3:1354625492,0.0013410369865596294,0.999755859375,0.0001844731013989076
29,sum,rho_high,homophily,24.0,0.8,0.35,3,target:29:rho_high:3:1354625492,0.0014631554950028658,0.99951171875,0.0002670732792466879
29,pna,rho_high,homophily,24.0,0.8,0.35,3,target:29:rho_high:3:1354625492,0.004874421749264002,0.99853515625,0.0010707509936764836
29,mean,rho_high,homophily,24.0,0.8,0.35,4,target:29:rho_high:4:1894201362,0.00041800428880378604,1.0,4.568188887787983e-05
29,mean_degree,rho_high,homophily,24.0,0.8,0.35,4,target:29:rho_high:4:1894201362,0.0005784572567790747,1.0,4.741958400700241e-05
29,sum,rho_high,homophily,24.0,0.8,0.35,4,target:29:rho_high:4:1894201362,0.0009952187538146973,0.999755859375,0.00019960253848694265
29,pna,rho_high,homophily,24.0,0.8,0.35,4,target:29:rho_high:4:1894201362,0.002616435755044222,0.99951171875,0.0005546489264816046
29,mean,rho_high,homophily,24.0,0.8,0.35,5,target:29:rho_high:5:1511282678,0.0013814880512654781,0.99951171875,0.0003872954403050244
29,mean_degree,rho_high,homophily,24.0,0.8,0.35,5,target:29:rho_high:5:1511282678,0.0014680973254144192,0.99951171875,0.0003820837300736457
29,sum,rho_high,homophily,24.0,0.8,0.35,5,target:29:rho_high:5:1511282678,0.001857273979112506,0.999267578125,0.0005307296523824334
29,pna,rho_high,homophily,24.0,0.8,0.35,5,target:29:rho_high:5:1511282678,0.0029826085083186626,0.999267578125,0.0006395502714440227
29,mean,rho_high,homophily,24.0,0.8,0.35,6,target:29:rho_high:6:201466446,0.0004249860066920519,1.0,3.231909067835659e-05
29,mean_degree,rho_high,homophily,24.0,0.8,0.35,6,target:29:rho_high:6:201466446,0.0006727314321324229,1.0,4.697929762187414e-05
29,sum,rho_high,homophily,24.0,0.8,0.35,6,target:29:rho_high:6:201466446,0.0006652206066064537,1.0,5.079269612906501e-05
29,pna,rho_high,homophily,24.0,0.8,0.35,6,target:29:rho_high:6:201466446,0.0017441876698285341,1.0,0.00015964751946739852
29,mean,rho_high,homophily,24.0,0.8,0.35,7,target:29:rho_high:7:827541478,0.0003221492806915194,1.0,4.8491114284843206e-05
29,mean_degree,rho_high,homophily,24.0,0.8,0.35,7,target:29:rho_high:7:827541478,0.0004836569132748991,1.0,5.576637340709567e-05
29,sum,rho_high,homophily,24.0,0.8,0.35,7,target:29:rho_high:7:827541478,0.000788155710324645,1.0,0.00015749494195915759
29,pna,rho_high,homophily,24.0,0.8,0.35,7,target:29:rho_high:7:827541478,0.0027084085159003735,0.99853515625,0.0007755376282148063
29,mean,mu_low,feature_signal,24.0,0.6,0.2,0,target:29:mu_low:0:605794356,0.13148446381092072,0.948974609375,0.0383945107460022
29,mean_degree,mu_low,feature_signal,24.0,0.6,0.2,0,target:29:mu_low:0:605794356,0.12121263146400452,0.951904296875,0.035458505153656006
29,sum,mu_low,feature_signal,24.0,0.6,0.2,0,target:29:mu_low:0:605794356,0.14265990257263184,0.946533203125,0.04144808277487755
29,pna,mu_low,feature_signal,24.0,0.6,0.2,0,target:29:mu_low:0:605794356,0.1571926474571228,0.93798828125,0.04580393061041832
29,mean,mu_low,feature_signal,24.0,0.6,0.2,1,target:29:mu_low:1:1343352140,0.14255833625793457,0.9462890625,0.040965817868709564
29,mean_degree,mu_low,feature_signal,24.0,0.6,0.2,1,target:29:mu_low:1:1343352140,0.13805025815963745,0.948974609375,0.03920719027519226
29,sum,mu_low,feature_signal,24.0,0.6,0.2,1,target:29:mu_low:1:1343352140,0.17178820073604584,0.932373046875,0.04991579055786133
29,pna,mu_low,feature_signal,24.0,0.6,0.2,1,target:29:mu_low:1:1343352140,0.17721182107925415,0.9306640625,0.05157104879617691
29,mean,mu_low,feature_signal,24.0,0.6,0.2,2,target:29:mu_low:2:1773741192,0.15050500631332397,0.943115234375,0.04290931671857834
29,mean_degree,mu_low,feature_signal,24.0,0.6,0.2,2,target:29:mu_low:2:1773741192,0.1513184905052185,0.939208984375,0.04364738613367081
29,sum,mu_low,feature_signal,24.0,0.6,0.2,2,target:29:mu_low:2:1773741192,0.1719318926334381,0.931640625,0.04990134760737419
29,pna,mu_low,feature_signal,24.0,0.6,0.2,2,target:29:mu_low:2:1773741192,0.21183161437511444,0.91015625,0.06359468400478363
29,mean,mu_low,feature_signal,24.0,0.6,0.2,3,target:29:mu_low:3:1879024929,0.3061426281929016,0.882080078125,0.08765006810426712
29,mean_degree,mu_low,feature_signal,24.0,0.6,0.2,3,target:29:mu_low:3:1879024929,0.25944310426712036,0.893798828125,0.07729971408843994
29,sum,mu_low,feature_signal,24.0,0.6,0.2,3,target:29:mu_low:3:1879024929,0.35065650939941406,0.87939453125,0.09393324702978134
29,pna,mu_low,feature_signal,24.0,0.6,0.2,3,target:29:mu_low:3:1879024929,0.25431424379348755,0.896484375,0.07537183910608292
29,mean,mu_low,feature_signal,24.0,0.6,0.2,4,target:29:mu_low:4:1138588239,0.12664300203323364,0.9521484375,0.03629586473107338
29,mean_degree,mu_low,feature_signal,24.0,0.6,0.2,4,target:29:mu_low:4:1138588239,0.12599635124206543,0.952392578125,0.035995762795209885
29,sum,mu_low,feature_signal,24.0,0.6,0.2,4,target:29:mu_low:4:1138588239,0.15971890091896057,0.9404296875,0.04519147798418999
29,pna,mu_low,feature_signal,24.0,0.6,0.2,4,target:29:mu_low:4:1138588239,0.16929614543914795,0.933837890625,0.048962369561195374
29,mean,mu_low,feature_signal,24.0,0.6,0.2,5,target:29:mu_low:5:232640727,0.09827685356140137,0.964111328125,0.027324508875608444
29,mean_degree,mu_low,feature_signal,24.0,0.6,0.2,5,target:29:mu_low:5:232640727,0.10132760554552078,0.961669921875,0.028241252526640892
29,sum,mu_low,feature_signal,24.0,0.6,0.2,5,target:29:mu_low:5:232640727,0.11371061205863953,0.9560546875,0.03248412907123566
29,pna,mu_low,feature_signal,24.0,0.6,0.2,5,target:29:mu_low:5:232640727,0.15245796740055084,0.9384765625,0.04484734684228897
29,mean,mu_low,feature_signal,24.0,0.6,0.2,6,target:29:mu_low:6:2143641504,0.2104678750038147,0.92138671875,0.06106754392385483
29,mean_degree,mu_low,feature_signal,24.0,0.6,0.2,6,target:29:mu_low:6:2143641504,0.18541085720062256,0.92626953125,0.05505030229687691
29,sum,mu_low,feature_signal,24.0,0.6,0.2,6,target:29:mu_low:6:2143641504,0.24833780527114868,0.90869140625,0.07115961611270905
29,pna,mu_low,feature_signal,24.0,0.6,0.2,6,target:29:mu_low:6:2143641504,0.20164337754249573,0.918212890625,0.0599990040063858
29,mean,mu_low,feature_signal,24.0,0.6,0.2,7,target:29:mu_low:7:1866867539,0.13498206436634064,0.9443359375,0.03878354653716087
29,mean_degree,mu_low,feature_signal,24.0,0.6,0.2,7,target:29:mu_low:7:1866867539,0.13225096464157104,0.949462890625,0.03794187679886818
29,sum,mu_low,feature_signal,24.0,0.6,0.2,7,target:29:mu_low:7:1866867539,0.1506226509809494,0.942626953125,0.043062325567007065
29,pna,mu_low,feature_signal,24.0,0.6,0.2,7,target:29:mu_low:7:1866867539,0.18515996634960175,0.924560546875,0.05498795211315155
29,mean,mu_high,feature_signal,24.0,0.6,0.5,0,target:29:mu_high:0:1449455094,0.015069087035953999,0.9951171875,0.0036809765733778477
29,mean_degree,mu_high,feature_signal,24.0,0.6,0.5,0,target:29:mu_high:0:1449455094,0.014463331550359726,0.99609375,0.003533177776262164
29,sum,mu_high,feature_signal,24.0,0.6,0.5,0,target:29:mu_high:0:1449455094,0.014706376008689404,0.9951171875,0.0038452784065157175
29,pna,mu_high,feature_signal,24.0,0.6,0.5,0,target:29:mu_high:0:1449455094,0.021429572254419327,0.99169921875,0.00581087451428175
29,mean,mu_high,feature_signal,24.0,0.6,0.5,1,target:29:mu_high:1:967083344,0.018482614308595657,0.993408203125,0.004862014204263687
29,mean_degree,mu_high,feature_signal,24.0,0.6,0.5,1,target:29:mu_high:1:967083344,0.01750650629401207,0.993896484375,0.0046249874867498875
29,sum,mu_high,feature_signal,24.0,0.6,0.5,1,target:29:mu_high:1:967083344,0.02069976180791855,0.991943359375,0.005534113384783268
29,pna,mu_high,feature_signal,24.0,0.6,0.5,1,target:29:mu_high:1:967083344,0.043843746185302734,0.982177734375,0.012864899821579456
29,mean,mu_high,feature_signal,24.0,0.6,0.5,2,target:29:mu_high:2:1792172255,0.01125047355890274,0.996337890625,0.003047061152756214
29,mean_degree,mu_high,feature_signal,24.0,0.6,0.5,2,target:29:mu_high:2:1792172255,0.010378671810030937,0.995849609375,0.0028940902557224035
29,sum,mu_high,feature_signal,24.0,0.6,0.5,2,target:29:mu_high:2:1792172255,0.012870623730123043,0.99462890625,0.0037872300017625093
29,pna,mu_high,feature_signal,24.0,0.6,0.5,2,target:29:mu_high:2:1792172255,0.016886703670024872,0.994384765625,0.0045676929876208305
29,mean,mu_high,feature_signal,24.0,0.6,0.5,3,target:29:mu_high:3:875963061,0.0201734509319067,0.99267578125,0.005480524152517319
29,mean_degree,mu_high,feature_signal,24.0,0.6,0.5,3,target:29:mu_high:3:875963061,0.018228352069854736,0.993408203125,0.004891285672783852
29,sum,mu_high,feature_signal,24.0,0.6,0.5,3,target:29:mu_high:3:875963061,0.023055413737893105,0.992431640625,0.005942953750491142
29,pna,mu_high,feature_signal,24.0,0.6,0.5,3,target:29:mu_high:3:875963061,0.036393970251083374,0.98779296875,0.010308444499969482
29,mean,mu_high,feature_signal,24.0,0.6,0.5,4,target:29:mu_high:4:1101658459,0.017260096967220306,0.994873046875,0.004544716328382492
29,mean_degree,mu_high,feature_signal,24.0,0.6,0.5,4,target:29:mu_high:4:1101658459,0.018081799149513245,0.994140625,0.0047585791908204556
29,sum,mu_high,feature_signal,24.0,0.6,0.5,4,target:29:mu_high:4:1101658459,0.02194168046116829,0.991943359375,0.005960977636277676
29,pna,mu_high,feature_signal,24.0,0.6,0.5,4,target:29:mu_high:4:1101658459,0.04242396354675293,0.982177734375,0.012283067218959332
29,mean,mu_high,feature_signal,24.0,0.6,0.5,5,target:29:mu_high:5:1435771217,0.01554194837808609,0.99560546875,0.003963689785450697
29,mean_degree,mu_high,feature_signal,24.0,0.6,0.5,5,target:29:mu_high:5:1435771217,0.015485545620322227,0.99560546875,0.004082723520696163
29,sum,mu_high,feature_signal,24.0,0.6,0.5,5,target:29:mu_high:5:1435771217,0.015433019027113914,0.994140625,0.004288030788302422
29,pna,mu_high,feature_signal,24.0,0.6,0.5,5,target:29:mu_high:5:1435771217,0.022197052836418152,0.991943359375,0.006059262901544571
29,mean,mu_high,feature_signal,24.0,0.6,0.5,6,target:29:mu_high:6:674383964,0.02182430401444435,0.994384765625,0.005160095170140266
29,mean_degree,mu_high,feature_signal,24.0,0.6,0.5,6,target:29:mu_high:6:674383964,0.020574290305376053,0.993896484375,0.005093188025057316
29,sum,mu_high,feature_signal,24.0,0.6,0.5,6,target:29:mu_high:6:674383964,0.022834831848740578,0.9931640625,0.005482724402099848
29,pna,mu_high,feature_signal,24.0,0.6,0.5,6,target:29:mu_high:6:674383964,0.039372753351926804,0.9873046875,0.010454530827701092
29,mean,mu_high,feature_signal,24.0,0.6,0.5,7,target:29:mu_high:7:665746887,0.02259347215294838,0.993408203125,0.005421513691544533
29,mean_degree,mu_high,feature_signal,24.0,0.6,0.5,7,target:29:mu_high:7:665746887,0.019409699365496635,0.994384765625,0.00488850474357605
29,sum,mu_high,feature_signal,24.0,0.6,0.5,7,target:29:mu_high:7:665746887,0.020773710682988167,0.99365234375,0.005259577184915543
29,pna,mu_high,feature_signal,24.0,0.6,0.5,7,target:29:mu_high:7:665746887,0.025007694959640503,0.99169921875,0.006219066679477692
29,mean,combined_l12_r03_m02,combined,12.0,0.3,0.2,0,target:29:combined_l12_r03_m02:0:1236474754,1.7452011108398438,0.623046875,0.3200768530368805
29,mean_degree,combined_l12_r03_m02,combined,12.0,0.3,0.2,0,target:29:combined_l12_r03_m02:0:1236474754,0.9002542495727539,0.62939453125,0.27195608615875244
29,sum,combined_l12_r03_m02,combined,12.0,0.3,0.2,0,target:29:combined_l12_r03_m02:0:1236474754,0.762055516242981,0.6142578125,0.25808078050613403
29,pna,combined_l12_r03_m02,combined,12.0,0.3,0.2,0,target:29:combined_l12_r03_m02:0:1236474754,1.381202220916748,0.622802734375,0.3121829926967621
29,mean,combined_l12_r03_m02,combined,12.0,0.3,0.2,1,target:29:combined_l12_r03_m02:1:236590793,1.6281919479370117,0.638671875,0.30482399463653564
29,mean_degree,combined_l12_r03_m02,combined,12.0,0.3,0.2,1,target:29:combined_l12_r03_m02:1:236590793,0.9129974842071533,0.63525390625,0.27091526985168457
29,sum,combined_l12_r03_m02,combined,12.0,0.3,0.2,1,target:29:combined_l12_r03_m02:1:236590793,0.722150444984436,0.623291015625,0.24590517580509186
29,pna,combined_l12_r03_m02,combined,12.0,0.3,0.2,1,target:29:combined_l12_r03_m02:1:236590793,1.356968879699707,0.626220703125,0.3077887296676636
29,mean,combined_l12_r03_m02,combined,12.0,0.3,0.2,2,target:29:combined_l12_r03_m02:2:413114849,1.7280220985412598,0.63037109375,0.31544727087020874
29,mean_degree,combined_l12_r03_m02,combined,12.0,0.3,0.2,2,target:29:combined_l12_r03_m02:2:413114849,0.9276132583618164,0.628662109375,0.2730944752693176
29,sum,combined_l12_r03_m02,combined,12.0,0.3,0.2,2,target:29:combined_l12_r03_m02:2:413114849,0.7411795258522034,0.627685546875,0.2514045536518097
29,pna,combined_l12_r03_m02,combined,12.0,0.3,0.2,2,target:29:combined_l12_r03_m02:2:413114849,1.4439849853515625,0.623779296875,0.31623122096061707
29,mean,combined_l12_r03_m02,combined,12.0,0.3,0.2,3,target:29:combined_l12_r03_m02:3:262744904,1.8119579553604126,0.61279296875,0.3303522765636444
29,mean_degree,combined_l12_r03_m02,combined,12.0,0.3,0.2,3,target:29:combined_l12_r03_m02:3:262744904,0.925055980682373,0.624755859375,0.2787419855594635
29,sum,combined_l12_r03_m02,combined,12.0,0.3,0.2,3,target:29:combined_l12_r03_m02:3:262744904,0.7527792453765869,0.6181640625,0.256256103515625
29,pna,combined_l12_r03_m02,combined,12.0,0.3,0.2,3,target:29:combined_l12_r03_m02:3:262744904,1.4473614692687988,0.619873046875,0.32040244340896606
29,mean,combined_l12_r03_m02,combined,12.0,0.3,0.2,4,target:29:combined_l12_r03_m02:4:316789910,1.8293442726135254,0.6162109375,0.33044400811195374
29,mean_degree,combined_l12_r03_m02,combined,12.0,0.3,0.2,4,target:29:combined_l12_r03_m02:4:316789910,0.912334680557251,0.621826171875,0.27676230669021606
29,sum,combined_l12_r03_m02,combined,12.0,0.3,0.2,4,target:29:combined_l12_r03_m02:4:316789910,0.7674012184143066,0.6142578125,0.2587369680404663
29,pna,combined_l12_r03_m02,combined,12.0,0.3,0.2,4,target:29:combined_l12_r03_m02:4:316789910,1.4440022706985474,0.6162109375,0.32139015197753906
29,mean,combined_l12_r03_m02,combined,12.0,0.3,0.2,5,target:29:combined_l12_r03_m02:5:1901824202,1.9553489685058594,0.59228515625,0.34914711117744446
29,mean_degree,combined_l12_r03_m02,combined,12.0,0.3,0.2,5,target:29:combined_l12_r03_m02:5:1901824202,0.9699838161468506,0.61572265625,0.28835564851760864
29,sum,combined_l12_r03_m02,combined,12.0,0.3,0.2,5,target:29:combined_l12_r03_m02:5:1901824202,0.8281941413879395,0.5908203125,0.2787320613861084
29,pna,combined_l12_r03_m02,combined,12.0,0.3,0.2,5,target:29:combined_l12_r03_m02:5:1901824202,1.4931707382202148,0.603759765625,0.3316992223262787
29,mean,combined_l12_r03_m02,combined,12.0,0.3,0.2,6,target:29:combined_l12_r03_m02:6:1085432212,1.8228713274002075,0.621337890625,0.32811814546585083
29,mean_degree,combined_l12_r03_m02,combined,12.0,0.3,0.2,6,target:29:combined_l12_r03_m02:6:1085432212,0.9185160398483276,0.62255859375,0.2768028974533081
29,sum,combined_l12_r03_m02,combined,12.0,0.3,0.2,6,target:29:combined_l12_r03_m02:6:1085432212,0.7795882225036621,0.607421875,0.26273518800735474
29,pna,combined_l12_r03_m02,combined,12.0,0.3,0.2,6,target:29:combined_l12_r03_m02:6:1085432212,1.4256963729858398,0.62060546875,0.3167036175727844
29,mean,combined_l12_r03_m02,combined,12.0,0.3,0.2,7,target:29:combined_l12_r03_m02:7:226944503,1.7959429025650024,0.6142578125,0.33194297552108765
29,mean_degree,combined_l12_r03_m02,combined,12.0,0.3,0.2,7,target:29:combined_l12_r03_m02:7:226944503,0.9444010257720947,0.619873046875,0.2815309762954712
29,sum,combined_l12_r03_m02,combined,12.0,0.3,0.2,7,target:29:combined_l12_r03_m02:7:226944503,0.7908012866973877,0.596435546875,0.2688680589199066
29,pna,combined_l12_r03_m02,combined,12.0,0.3,0.2,7,target:29:combined_l12_r03_m02:7:226944503,1.455822467803955,0.6103515625,0.3261200487613678
29,mean,combined_l12_r03_m05,combined,12.0,0.3,0.5,0,target:29:combined_l12_r03_m05:0:555940284,1.2684519290924072,0.731689453125,0.2276776134967804
29,mean_degree,combined_l12_r03_m05,combined,12.0,0.3,0.5,0,target:29:combined_l12_r03_m05:0:555940284,0.7209939360618591,0.724609375,0.20635342597961426
29,sum,combined_l12_r03_m05,combined,12.0,0.3,0.5,0,target:29:combined_l12_r03_m05:0:555940284,0.5937238931655884,0.71484375,0.19584700465202332
29,pna,combined_l12_r03_m05,combined,12.0,0.3,0.5,0,target:29:combined_l12_r03_m05:0:555940284,1.0825406312942505,0.715087890625,0.23704037070274353
29,mean,combined_l12_r03_m05,combined,12.0,0.3,0.5,1,target:29:combined_l12_r03_m05:1:430379112,1.2718305587768555,0.74267578125,0.22189360857009888
29,mean_degree,combined_l12_r03_m05,combined,12.0,0.3,0.5,1,target:29:combined_l12_r03_m05:1:430379112,0.6377271413803101,0.75439453125,0.18519771099090576
29,sum,combined_l12_r03_m05,combined,12.0,0.3,0.5,1,target:29:combined_l12_r03_m05:1:430379112,0.6054574251174927,0.717529296875,0.19763287901878357
29,pna,combined_l12_r03_m05,combined,12.0,0.3,0.5,1,target:29:combined_l12_r03_m05:1:430379112,0.9577286243438721,0.7509765625,0.20757150650024414
29,mean,combined_l12_r03_m05,combined,12.0,0.3,0.5,2,target:29:combined_l12_r03_m05:2:599478110,1.1335430145263672,0.75439453125,0.20971141755580902
29,mean_degree,combined_l12_r03_m05,combined,12.0,0.3,0.5,2,target:29:combined_l12_r03_m05:2:599478110,0.6376727223396301,0.7490234375,0.18799351155757904
29,sum,combined_l12_r03_m05,combined,12.0,0.3,0.5,2,target:29:combined_l12_r03_m05:2:599478110,0.5740818977355957,0.720947265625,0.19008105993270874
29,pna,combined_l12_r03_m05,combined,12.0,0.3,0.5,2,target:29:combined_l12_r03_m05:2:599478110,0.939595639705658,0.736572265625,0.21455402672290802
29,mean,combined_l12_r03_m05,combined,12.0,0.3,0.5,3,target:29:combined_l12_r03_m05:3:1477418414,1.1752634048461914,0.734130859375,0.22234311699867249
29,mean_degree,combined_l12_r03_m05,combined,12.0,0.3,0.5,3,target:29:combined_l12_r03_m05:3:1477418414,0.6274392008781433,0.741455078125,0.18859562277793884
29,sum,combined_l12_r03_m05,combined,12.0,0.3,0.5,3,target:29:combined_l12_r03_m05:3:1477418414,0.5757479667663574,0.718017578125,0.19125917553901672
29,pna,combined_l12_r03_m05,combined,12.0,0.3,0.5,3,target:29:combined_l12_r03_m05:3:1477418414,0.9344667196273804,0.736328125,0.21559220552444458
29,mean,combined_l12_r03_m05,combined,12.0,0.3,0.5,4,target:29:combined_l12_r03_m05:4:2021981650,1.2020187377929688,0.738525390625,0.21994395554065704
29,mean_degree,combined_l12_r03_m05,combined,12.0,0.3,0.5,4,target:29:combined_l12_r03_m05:4:2021981650,0.6426624059677124,0.740478515625,0.1896877884864807
29,sum,combined_l12_r03_m05,combined,12.0,0.3,0.5,4,target:29:combined_l12_r03_m05:4:2021981650,0.5922926664352417,0.7197265625,0.19355282187461853
29,pna,combined_l12_r03_m05,combined,12.0,0.3,0.5,4,target:29:combined_l12_r03_m05:4:2021981650,0.9651364088058472,0.7373046875,0.2180740088224411
29,mean,combined_l12_r03_m05,combined,12.0,0.3,0.5,5,target:29:combined_l12_r03_m05:5:359797257,1.26628839969635,0.74951171875,0.21898338198661804
29,mean_degree,combined_l12_r03_m05,combined,12.0,0.3,0.5,5,target:29:combined_l12_r03_m05:5:359797257,0.6581935882568359,0.7470703125,0.1892693191766739
29,sum,combined_l12_r03_m05,combined,12.0,0.3,0.5,5,target:29:combined_l12_r03_m05:5:359797257,0.5957498550415039,0.719482421875,0.19376099109649658
29,pna,combined_l12_r03_m05,combined,12.0,0.3,0.5,5,target:29:combined_l12_r03_m05:5:359797257,0.9819779396057129,0.74853515625,0.21034803986549377
29,mean,combined_l12_r03_m05,combined,12.0,0.3,0.5,6,target:29:combined_l12_r03_m05:6:25625900,1.194077730178833,0.7548828125,0.21062663197517395
29,mean_degree,combined_l12_r03_m05,combined,12.0,0.3,0.5,6,target:29:combined_l12_r03_m05:6:25625900,0.6219519376754761,0.755859375,0.17986226081848145
29,sum,combined_l12_r03_m05,combined,12.0,0.3,0.5,6,target:29:combined_l12_r03_m05:6:25625900,0.5836714506149292,0.738525390625,0.18760384619235992
29,pna,combined_l12_r03_m05,combined,12.0,0.3,0.5,6,target:29:combined_l12_r03_m05:6:25625900,0.9561083912849426,0.75341796875,0.20648193359375
29,mean,combined_l12_r03_m05,combined,12.0,0.3,0.5,7,target:29:combined_l12_r03_m05:7:1019398050,1.1868698596954346,0.75537109375,0.21131744980812073
29,mean_degree,combined_l12_r03_m05,combined,12.0,0.3,0.5,7,target:29:combined_l12_r03_m05:7:1019398050,0.6543475985527039,0.757080078125,0.18706592917442322
29,sum,combined_l12_r03_m05,combined,12.0,0.3,0.5,7,target:29:combined_l12_r03_m05:7:1019398050,0.5705889463424683,0.72900390625,0.18694613873958588
29,pna,combined_l12_r03_m05,combined,12.0,0.3,0.5,7,target:29:combined_l12_r03_m05:7:1019398050,0.9490517973899841,0.746337890625,0.2108873724937439
29,mean,combined_l12_r08_m02,combined,12.0,0.8,0.2,0,target:29:combined_l12_r08_m02:0:347690475,0.28893399238586426,0.919677734375,0.06364059448242188
29,mean_degree,combined_l12_r08_m02,combined,12.0,0.8,0.2,0,target:29:combined_l12_r08_m02:0:347690475,0.22145506739616394,0.909423828125,0.06666470319032669
29,sum,combined_l12_r08_m02,combined,12.0,0.8,0.2,0,target:29:combined_l12_r08_m02:0:347690475,0.2068079710006714,0.926513671875,0.05799815058708191
29,pna,combined_l12_r08_m02,combined,12.0,0.8,0.2,0,target:29:combined_l12_r08_m02:0:347690475,0.3173658847808838,0.900390625,0.07932950556278229
29,mean,combined_l12_r08_m02,combined,12.0,0.8,0.2,1,target:29:combined_l12_r08_m02:1:1865823741,0.2864507734775543,0.922119140625,0.06430860608816147
29,mean_degree,combined_l12_r08_m02,combined,12.0,0.8,0.2,1,target:29:combined_l12_r08_m02:1:1865823741,0.1792045384645462,0.926513671875,0.053121693432331085
29,sum,combined_l12_r08_m02,combined,12.0,0.8,0.2,1,target:29:combined_l12_r08_m02:1:1865823741,0.21727319061756134,0.9169921875,0.062382567673921585
29,pna,combined_l12_r08_m02,combined,12.0,0.8,0.2,1,target:29:combined_l12_r08_m02:1:1865823741,0.28996968269348145,0.905029296875,0.07485385984182358
29,mean,combined_l12_r08_m02,combined,12.0,0.8,0.2,2,target:29:combined_l12_r08_m02:2:581642650,0.3226388394832611,0.91357421875,0.06952095031738281
29,mean_degree,combined_l12_r08_m02,combined,12.0,0.8,0.2,2,target:29:combined_l12_r08_m02:2:581642650,0.20485201478004456,0.9169921875,0.060520872473716736
29,sum,combined_l12_r08_m02,combined,12.0,0.8,0.2,2,target:29:combined_l12_r08_m02:2:581642650,0.21481260657310486,0.922119140625,0.06090451031923294
29,pna,combined_l12_r08_m02,combined,12.0,0.8,0.2,2,target:29:combined_l12_r08_m02:2:581642650,0.3112942576408386,0.906005859375,0.07618793100118637
29,mean,combined_l12_r08_m02,combined,12.0,0.8,0.2,3,target:29:combined_l12_r08_m02:3:889403603,0.32609760761260986,0.91845703125,0.06873656809329987
29,mean_degree,combined_l12_r08_m02,combined,12.0,0.8,0.2,3,target:29:combined_l12_r08_m02:3:889403603,0.22798427939414978,0.912353515625,0.06663955748081207
29,sum,combined_l12_r08_m02,combined,12.0,0.8,0.2,3,target:29:combined_l12_r08_m02:3:889403603,0.2216787040233612,0.91796875,0.06347903609275818
29,pna,combined_l12_r08_m02,combined,12.0,0.8,0.2,3,target:29:combined_l12_r08_m02:3:889403603,0.3146466910839081,0.902099609375,0.07753677666187286
29,mean,combined_l12_r08_m02,combined,12.0,0.8,0.2,4,target:29:combined_l12_r08_m02:4:659151923,0.3798745274543762,0.894287109375,0.08607810735702515
29,mean_degree,combined_l12_r08_m02,combined,12.0,0.8,0.2,4,target:29:combined_l12_r08_m02:4:659151923,0.2526291608810425,0.89599609375,0.07625720649957657
29,sum,combined_l12_r08_m02,combined,12.0,0.8,0.2,4,target:29:combined_l12_r08_m02:4:659151923,0.2574298679828644,0.900390625,0.07635624706745148
29,pna,combined_l12_r08_m02,combined,12.0,0.8,0.2,4,target:29:combined_l12_r08_m02:4:659151923,0.39130863547325134,0.86962890625,0.10078763216733932
29,mean,combined_l12_r08_m02,combined,12.0,0.8,0.2,5,target:29:combined_l12_r08_m02:5:592440646,0.2884572744369507,0.915283203125,0.06787516176700592
29,mean_degree,combined_l12_r08_m02,combined,12.0,0.8,0.2,5,target:29:combined_l12_r08_m02:5:592440646,0.19437798857688904,0.919921875,0.05800463631749153
29,sum,combined_l12_r08_m02,combined,12.0,0.8,0.2,5,target:29:combined_l12_r08_m02:5:592440646,0.22664812207221985,0.91748046875,0.06526759266853333
29,pna,combined_l12_r08_m02,combined,12.0,0.8,0.2,5,target:29:combined_l12_r08_m02:5:592440646,0.3126613199710846,0.89794921875,0.08072300255298615
29,mean,combined_l12_r08_m02,combined,12.0,0.8,0.2,6,target:29:combined_l12_r08_m02:6:344120039,0.4118694067001343,0.8896484375,0.09045423567295074
29,mean_degree,combined_l12_r08_m02,combined,12.0,0.8,0.2,6,target:29:combined_l12_r08_m02:6:344120039,0.2574366629123688,0.89111328125,0.0778665542602539
29,sum,combined_l12_r08_m02,combined,12.0,0.8,0.2,6,target:29:combined_l12_r08_m02:6:344120039,0.27307698130607605,0.892822265625,0.08224691450595856
29,pna,combined_l12_r08_m02,combined,12.0,0.8,0.2,6,target:29:combined_l12_r08_m02:6:344120039,0.3762425482273102,0.876708984375,0.0955863744020462
29,mean,combined_l12_r08_m02,combined,12.0,0.8,0.2,7,target:29:combined_l12_r08_m02:7:1397222152,0.2886818051338196,0.92041015625,0.06393280625343323
29,mean_degree,combined_l12_r08_m02,combined,12.0,0.8,0.2,7,target:29:combined_l12_r08_m02:7:1397222152,0.198879212141037,0.920166015625,0.0586947463452816
29,sum,combined_l12_r08_m02,combined,12.0,0.8,0.2,7,target:29:combined_l12_r08_m02:7:1397222152,0.22395282983779907,0.916748046875,0.0647113174200058
29,pna,combined_l12_r08_m02,combined,12.0,0.8,0.2,7,target:29:combined_l12_r08_m02:7:1397222152,0.28568342328071594,0.90966796875,0.07208918035030365
29,mean,combined_l12_r08_m05,combined,12.0,0.8,0.5,0,target:29:combined_l12_r08_m05:0:2065220764,0.020244259387254715,0.994873046875,0.0041711037047207355
29,mean_degree,combined_l12_r08_m05,combined,12.0,0.8,0.5,0,target:29:combined_l12_r08_m05:0:2065220764,0.01841212809085846,0.99462890625,0.004724574275314808
29,sum,combined_l12_r08_m05,combined,12.0,0.8,0.5,0,target:29:combined_l12_r08_m05:0:2065220764,0.03914736956357956,0.99169921875,0.007933641783893108
29,pna,combined_l12_r08_m05,combined,12.0,0.8,0.5,0,target:29:combined_l12_r08_m05:0:2065220764,0.03314933925867081,0.98974609375,0.008321819826960564
29,mean,combined_l12_r08_m05,combined,12.0,0.8,0.5,1,target:29:combined_l12_r08_m05:1:1356940502,0.041791245341300964,0.9912109375,0.0077301207929849625
29,mean_degree,combined_l12_r08_m05,combined,12.0,0.8,0.5,1,target:29:combined_l12_r08_m05:1:1356940502,0.03201590105891228,0.991455078125,0.007489761337637901
29,sum,combined_l12_r08_m05,combined,12.0,0.8,0.5,1,target:29:combined_l12_r08_m05:1:1356940502,0.053733669221401215,0.9892578125,0.011633935384452343
29,pna,combined_l12_r08_m05,combined,12.0,0.8,0.5,1,target:29:combined_l12_r08_m05:1:1356940502,0.047315094619989395,0.987060546875,0.010746295563876629
29,mean,combined_l12_r08_m05,combined,12.0,0.8,0.5,2,target:29:combined_l12_r08_m05:2:109199863,0.029511842876672745,0.992431640625,0.005924205295741558
29,mean_degree,combined_l12_r08_m05,combined,12.0,0.8,0.5,2,target:29:combined_l12_r08_m05:2:109199863,0.02272171899676323,0.992431640625,0.0058074090629816055
29,sum,combined_l12_r08_m05,combined,12.0,0.8,0.5,2,target:29:combined_l12_r08_m05:2:109199863,0.042016588151454926,0.989990234375,0.008858446031808853
29,pna,combined_l12_r08_m05,combined,12.0,0.8,0.5,2,target:29:combined_l12_r08_m05:2:109199863,0.032671645283699036,0.9912109375,0.007037268485873938
29,mean,combined_l12_r08_m05,combined,12.0,0.8,0.5,3,target:29:combined_l12_r08_m05:3:330519923,0.028914805501699448,0.9921875,0.005848377477377653
29,mean_degree,combined_l12_r08_m05,combined,12.0,0.8,0.5,3,target:29:combined_l12_r08_m05:3:330519923,0.02094530686736107,0.9931640625,0.005153679754585028
29,sum,combined_l12_r08_m05,combined,12.0,0.8,0.5,3,target:29:combined_l12_r08_m05:3:330519923,0.041696034371852875,0.991943359375,0.008492618799209595
29,pna,combined_l12_r08_m05,combined,12.0,0.8,0.5,3,target:29:combined_l12_r08_m05:3:330519923,0.02875305712223053,0.991943359375,0.006313175428658724
29,mean,combined_l12_r08_m05,combined,12.0,0.8,0.5,4,target:29:combined_l12_r08_m05:4:424033548,0.02137725241482258,0.994873046875,0.004552274476736784
29,mean_degree,combined_l12_r08_m05,combined,12.0,0.8,0.5,4,target:29:combined_l12_r08_m05:4:424033548,0.020461980253458023,0.9912109375,0.005942617543041706
29,sum,combined_l12_r08_m05,combined,12.0,0.8,0.5,4,target:29:combined_l12_r08_m05:4:424033548,0.040703874081373215,0.991943359375,0.008579479530453682
29,pna,combined_l12_r08_m05,combined,12.0,0.8,0.5,4,target:29:combined_l12_r08_m05:4:424033548,0.0294022373855114,0.99072265625,0.007539656944572926
29,mean,combined_l12_r08_m05,combined,12.0,0.8,0.5,5,target:29:combined_l12_r08_m05:5:1204858723,0.038000743836164474,0.99169921875,0.007098519243299961
29,mean_degree,combined_l12_r08_m05,combined,12.0,0.8,0.5,5,target:29:combined_l12_r08_m05:5:1204858723,0.028163261711597443,0.990234375,0.0075516477227211
29,sum,combined_l12_r08_m05,combined,12.0,0.8,0.5,5,target:29:combined_l12_r08_m05:5:1204858723,0.049822304397821426,0.98583984375,0.01150687225162983
29,pna,combined_l12_r08_m05,combined,12.0,0.8,0.5,5,target:29:combined_l12_r08_m05:5:1204858723,0.03870655968785286,0.98779296875,0.009110432118177414
29,mean,combined_l12_r08_m05,combined,12.0,0.8,0.5,6,target:29:combined_l12_r08_m05:6:1736637382,0.02692410908639431,0.99169921875,0.0066942088305950165
29,mean_degree,combined_l12_r08_m05,combined,12.0,0.8,0.5,6,target:29:combined_l12_r08_m05:6:1736637382,0.025949627161026,0.989990234375,0.007522822357714176
29,sum,combined_l12_r08_m05,combined,12.0,0.8,0.5,6,target:29:combined_l12_r08_m05:6:1736637382,0.049744024872779846,0.988525390625,0.010594194754958153
29,pna,combined_l12_r08_m05,combined,12.0,0.8,0.5,6,target:29:combined_l12_r08_m05:6:1736637382,0.03464719280600548,0.98779296875,0.00937093049287796
29,mean,combined_l12_r08_m05,combined,12.0,0.8,0.5,7,target:29:combined_l12_r08_m05:7:846124686,0.018533561378717422,0.994384765625,0.0042448448948562145
29,mean_degree,combined_l12_r08_m05,combined,12.0,0.8,0.5,7,target:29:combined_l12_r08_m05:7:846124686,0.020701341331005096,0.993408203125,0.0053890361450612545
29,sum,combined_l12_r08_m05,combined,12.0,0.8,0.5,7,target:29:combined_l12_r08_m05:7:846124686,0.037816405296325684,0.99365234375,0.007412116043269634
29,pna,combined_l12_r08_m05,combined,12.0,0.8,0.5,7,target:29:combined_l12_r08_m05:7:846124686,0.030362458899617195,0.989013671875,0.008122371509671211
29,mean,combined_l48_r03_m02,combined,48.0,0.3,0.2,0,target:29:combined_l48_r03_m02:0:1303606488,0.6946632266044617,0.666748046875,0.2294112890958786
29,mean_degree,combined_l48_r03_m02,combined,48.0,0.3,0.2,0,target:29:combined_l48_r03_m02:0:1303606488,0.7085211873054504,0.69384765625,0.22106727957725525
29,sum,combined_l48_r03_m02,combined,48.0,0.3,0.2,0,target:29:combined_l48_r03_m02:0:1303606488,2.040912628173828,0.70068359375,0.2720434069633484
29,pna,combined_l48_r03_m02,combined,48.0,0.3,0.2,0,target:29:combined_l48_r03_m02:0:1303606488,0.5831189751625061,0.718017578125,0.19270870089530945
29,mean,combined_l48_r03_m02,combined,48.0,0.3,0.2,1,target:29:combined_l48_r03_m02:1:1955725781,0.4888308644294739,0.762939453125,0.16081887483596802
29,mean_degree,combined_l48_r03_m02,combined,48.0,0.3,0.2,1,target:29:combined_l48_r03_m02:1:1955725781,0.46468228101730347,0.785400390625,0.15024858713150024
29,sum,combined_l48_r03_m02,combined,48.0,0.3,0.2,1,target:29:combined_l48_r03_m02:1:1955725781,1.0697004795074463,0.786865234375,0.18486613035202026
29,pna,combined_l48_r03_m02,combined,48.0,0.3,0.2,1,target:29:combined_l48_r03_m02:1:1955725781,0.495395302772522,0.761474609375,0.1634466052055359
29,mean,combined_l48_r03_m02,combined,48.0,0.3,0.2,2,target:29:combined_l48_r03_m02:2:1606940689,0.49888554215431213,0.767578125,0.1624651551246643
29,mean_degree,combined_l48_r03_m02,combined,48.0,0.3,0.2,2,target:29:combined_l48_r03_m02:2:1606940689,0.46266189217567444,0.797607421875,0.14594866335391998
29,sum,combined_l48_r03_m02,combined,48.0,0.3,0.2,2,target:29:combined_l48_r03_m02:2:1606940689,1.0043108463287354,0.79736328125,0.17415960133075714
29,pna,combined_l48_r03_m02,combined,48.0,0.3,0.2,2,target:29:combined_l48_r03_m02:2:1606940689,0.4834509491920471,0.77783203125,0.15742725133895874
29,mean,combined_l48_r03_m02,combined,48.0,0.3,0.2,3,target:29:combined_l48_r03_m02:3:232918054,0.4022030234336853,0.822265625,0.12764228880405426
29,mean_degree,combined_l48_r03_m02,combined,48.0,0.3,0.2,3,target:29:combined_l48_r03_m02:3:232918054,0.3732869029045105,0.8388671875,0.1166156530380249
29,sum,combined_l48_r03_m02,combined,48.0,0.3,0.2,3,target:29:combined_l48_r03_m02:3:232918054,0.745364248752594,0.8427734375,0.1350719928741455
29,pna,combined_l48_r03_m02,combined,48.0,0.3,0.2,3,target:29:combined_l48_r03_m02:3:232918054,0.4400783181190491,0.793701171875,0.14222142100334167
29,mean,combined_l48_r03_m02,combined,48.0,0.3,0.2,4,target:29:combined_l48_r03_m02:4:736816159,0.7129644155502319,0.662841796875,0.23340773582458496
29,mean_degree,combined_l48_r03_m02,combined,48.0,0.3,0.2,4,target:29:combined_l48_r03_m02:4:736816159,0.71830153465271,0.69384765625,0.2211247682571411
29,sum,combined_l48_r03_m02,combined,48.0,0.3,0.2,4,target:29:combined_l48_r03_m02:4:736816159,2.134760856628418,0.6923828125,0.28023746609687805
29,pna,combined_l48_r03_m02,combined,48.0,0.3,0.2,4,target:29:combined_l48_r03_m02:4:736816159,0.5298972725868225,0.7421875,0.17472019791603088
29,mean,combined_l48_r03_m02,combined,48.0,0.3,0.2,5,target:29:combined_l48_r03_m02:5:1054655333,0.5275381803512573,0.74609375,0.17340636253356934
29,mean_degree,combined_l48_r03_m02,combined,48.0,0.3,0.2,5,target:29:combined_l48_r03_m02:5:1054655333,0.5209834575653076,0.76708984375,0.1647970974445343
29,sum,combined_l48_r03_m02,combined,48.0,0.3,0.2,5,target:29:combined_l48_r03_m02:5:1054655333,1.2234818935394287,0.769287109375,0.1999775767326355
29,pna,combined_l48_r03_m02,combined,48.0,0.3,0.2,5,target:29:combined_l48_r03_m02:5:1054655333,0.5957069396972656,0.71240234375,0.1961509734392166
29,mean,combined_l48_r03_m02,combined,48.0,0.3,0.2,6,target:29:combined_l48_r03_m02:6:1820881662,0.4102405607700348,0.80908203125,0.13193969428539276
29,mean_degree,combined_l48_r03_m02,combined,48.0,0.3,0.2,6,target:29:combined_l48_r03_m02:6:1820881662,0.42348533868789673,0.81103515625,0.13329440355300903
29,sum,combined_l48_r03_m02,combined,48.0,0.3,0.2,6,target:29:combined_l48_r03_m02:6:1820881662,0.9891526699066162,0.809814453125,0.1645963340997696
29,pna,combined_l48_r03_m02,combined,48.0,0.3,0.2,6,target:29:combined_l48_r03_m02:6:1820881662,0.5077005624771118,0.765625,0.16629624366760254
29,mean,combined_l48_r03_m02,combined,48.0,0.3,0.2,7,target:29:combined_l48_r03_m02:7:619844880,1.0706143379211426,0.574462890625,0.32231947779655457
29,mean_degree,combined_l48_r03_m02,combined,48.0,0.3,0.2,7,target:29:combined_l48_r03_m02:7:619844880,1.1414281129837036,0.600830078125,0.31498295068740845
29,sum,combined_l48_r03_m02,combined,48.0,0.3,0.2,7,target:29:combined_l48_r03_m02:7:619844880,3.537405490875244,0.609130859375,0.3669951558113098
29,pna,combined_l48_r03_m02,combined,48.0,0.3,0.2,7,target:29:combined_l48_r03_m02:7:619844880,0.8344851732254028,0.63330078125,0.2627885937690735
29,mean,combined_l48_r03_m05,combined,48.0,0.3,0.5,0,target:29:combined_l48_r03_m05:0:1079146773,0.29820048809051514,0.865478515625,0.09473749995231628
29,mean_degree,combined_l48_r03_m05,combined,48.0,0.3,0.5,0,target:29:combined_l48_r03_m05:0:1079146773,0.26002180576324463,0.890869140625,0.07941542565822601
29,sum,combined_l48_r03_m05,combined,48.0,0.3,0.5,0,target:29:combined_l48_r03_m05:0:1079146773,0.3999488055706024,0.9208984375,0.06873086094856262
29,pna,combined_l48_r03_m05,combined,48.0,0.3,0.5,0,target:29:combined_l48_r03_m05:0:1079146773,0.299002468585968,0.8681640625,0.09385855495929718
29,mean,combined_l48_r03_m05,combined,48.0,0.3,0.5,1,target:29:combined_l48_r03_m05:1:554823304,0.22850309312343597,0.90478515625,0.06907926499843597
29,mean_degree,combined_l48_r03_m05,combined,48.0,0.3,0.5,1,target:29:combined_l48_r03_m05:1:554823304,0.19719001650810242,0.921875,0.0587431974709034
29,sum,combined_l48_r03_m05,combined,48.0,0.3,0.5,1,target:29:combined_l48_r03_m05:1:554823304,0.30008941888809204,0.93896484375,0.05195315554738045
29,pna,combined_l48_r03_m05,combined,48.0,0.3,0.5,1,target:29:combined_l48_r03_m05:1:554823304,0.24679692089557648,0.89501953125,0.07469168305397034
29,mean,combined_l48_r03_m05,combined,48.0,0.3,0.5,2,target:29:combined_l48_r03_m05:2:176878324,0.21965667605400085,0.915771484375,0.06469478458166122
29,mean_degree,combined_l48_r03_m05,combined,48.0,0.3,0.5,2,target:29:combined_l48_r03_m05:2:176878324,0.18513257801532745,0.9267578125,0.05423358082771301
29,sum,combined_l48_r03_m05,combined,48.0,0.3,0.5,2,target:29:combined_l48_r03_m05:2:176878324,0.31229329109191895,0.93896484375,0.05210641399025917
29,pna,combined_l48_r03_m05,combined,48.0,0.3,0.5,2,target:29:combined_l48_r03_m05:2:176878324,0.2275509536266327,0.91357421875,0.06659357994794846
29,mean,combined_l48_r03_m05,combined,48.0,0.3,0.5,3,target:29:combined_l48_r03_m05:3:887994108,0.4336446225643158,0.816650390625,0.13371236622333527
29,mean_degree,combined_l48_r03_m05,combined,48.0,0.3,0.5,3,target:29:combined_l48_r03_m05:3:887994108,0.5103684067726135,0.810546875,0.14363840222358704
29,sum,combined_l48_r03_m05,combined,48.0,0.3,0.5,3,target:29:combined_l48_r03_m05:3:887994108,1.3862910270690918,0.812744140625,0.16940909624099731
29,pna,combined_l48_r03_m05,combined,48.0,0.3,0.5,3,target:29:combined_l48_r03_m05:3:887994108,0.5197881460189819,0.765869140625,0.165455162525177
29,mean,combined_l48_r03_m05,combined,48.0,0.3,0.5,4,target:29:combined_l48_r03_m05:4:71265392,0.25563403964042664,0.89013671875,0.07898546755313873
29,mean_degree,combined_l48_r03_m05,combined,48.0,0.3,0.5,4,target:29:combined_l48_r03_m05:4:71265392,0.22674910724163055,0.908935546875,0.06892374157905579
29,sum,combined_l48_r03_m05,combined,48.0,0.3,0.5,4,target:29:combined_l48_r03_m05:4:71265392,0.3069893419742584,0.934814453125,0.05598689243197441
29,pna,combined_l48_r03_m05,combined,48.0,0.3,0.5,4,target:29:combined_l48_r03_m05:4:71265392,0.23418879508972168,0.9033203125,0.0708780437707901
29,mean,combined_l48_r03_m05,combined,48.0,0.3,0.5,5,target:29:combined_l48_r03_m05:5:747027918,0.2141171097755432,0.913818359375,0.06338050961494446
29,mean_degree,combined_l48_r03_m05,combined,48.0,0.3,0.5,5,target:29:combined_l48_r03_m05:5:747027918,0.17836230993270874,0.9267578125,0.05234892666339874
29,sum,combined_l48_r03_m05,combined,48.0,0.3,0.5,5,target:29:combined_l48_r03_m05:5:747027918,0.28620225191116333,0.941650390625,0.050806865096092224
29,pna,combined_l48_r03_m05,combined,48.0,0.3,0.5,5,target:29:combined_l48_r03_m05:5:747027918,0.22677740454673767,0.907958984375,0.06718809902667999
29,mean,combined_l48_r03_m05,combined,48.0,0.3,0.5,6,target:29:combined_l48_r03_m05:6:51627463,0.30717068910598755,0.8671875,0.09599103033542633
29,mean_degree,combined_l48_r03_m05,combined,48.0,0.3,0.5,6,target:29:combined_l48_r03_m05:6:51627463,0.2688813805580139,0.886962890625,0.08040735870599747
29,sum,combined_l48_r03_m05,combined,48.0,0.3,0.5,6,target:29:combined_l48_r03_m05:6:51627463,0.504014253616333,0.909912109375,0.07820380479097366
29,pna,combined_l48_r03_m05,combined,48.0,0.3,0.5,6,target:29:combined_l48_r03_m05:6:51627463,0.23918747901916504,0.90087890625,0.07249020785093307
29,mean,combined_l48_r03_m05,combined,48.0,0.3,0.5,7,target:29:combined_l48_r03_m05:7:2061904329,0.21042729914188385,0.91796875,0.06225556135177612
29,mean_degree,combined_l48_r03_m05,combined,48.0,0.3,0.5,7,target:29:combined_l48_r03_m05:7:2061904329,0.1973276436328888,0.92041015625,0.05832380801439285
29,sum,combined_l48_r03_m05,combined,48.0,0.3,0.5,7,target:29:combined_l48_r03_m05:7:2061904329,0.3981366455554962,0.92626953125,0.0657729059457779
29,pna,combined_l48_r03_m05,combined,48.0,0.3,0.5,7,target:29:combined_l48_r03_m05:7:2061904329,0.31053823232650757,0.85986328125,0.09868200868368149
29,mean,combined_l48_r08_m02,combined,48.0,0.8,0.2,0,target:29:combined_l48_r08_m02:0:1013798982,0.0015279448125511408,1.0,4.046863250550814e-05
29,mean_degree,combined_l48_r08_m02,combined,48.0,0.8,0.2,0,target:29:combined_l48_r08_m02:0:1013798982,0.00021923190797679126,1.0,2.1736507278546924e-06
29,sum,combined_l48_r08_m02,combined,48.0,0.8,0.2,0,target:29:combined_l48_r08_m02:0:1013798982,7.034317150100833e-06,1.0,1.7931671436599572e-07
29,pna,combined_l48_r08_m02,combined,48.0,0.8,0.2,0,target:29:combined_l48_r08_m02:0:1013798982,0.0031404169276356697,1.0,9.921905439114198e-05
29,mean,combined_l48_r08_m02,combined,48.0,0.8,0.2,1,target:29:combined_l48_r08_m02:1:97078803,0.0035807581152766943,0.999755859375,0.0002604857727419585
29,mean_degree,combined_l48_r08_m02,combined,48.0,0.8,0.2,1,target:29:combined_l48_r08_m02:1:97078803,0.0008027474395930767,0.999755859375,9.590157424099743e-05
29,sum,combined_l48_r08_m02,combined,48.0,0.8,0.2,1,target:29:combined_l48_r08_m02:1:97078803,0.0003684572584461421,0.999755859375,0.0001474047458032146
29,pna,combined_l48_r08_m02,combined,48.0,0.8,0.2,1,target:29:combined_l48_r08_m02:1:97078803,0.006038573570549488,0.99951171875,0.00040955605800263584
29,mean,combined_l48_r08_m02,combined,48.0,0.8,0.2,2,target:29:combined_l48_r08_m02:2:2014091526,0.002228328725323081,1.0,9.827260510064662e-05
29,mean_degree,combined_l48_r08_m02,combined,48.0,0.8,0.2,2,target:29:combined_l48_r08_m02:2:2014091526,0.0003635853645391762,1.0,5.863147634954657e-06
29,sum,combined_l48_r08_m02,combined,48.0,0.8,0.2,2,target:29:combined_l48_r08_m02:2:2014091526,1.009166498988634e-05,1.0,2.0867700811777468e-07
29,pna,combined_l48_r08_m02,combined,48.0,0.8,0.2,2,target:29:combined_l48_r08_m02:2:2014091526,0.005792262032628059,0.999755859375,0.00030432528001256287
29,mean,combined_l48_r08_m02,combined,48.0,0.8,0.2,3,target:29:combined_l48_r08_m02:3:1409559012,0.004074322059750557,0.99951171875,0.000498828710988164
29,mean_degree,combined_l48_r08_m02,combined,48.0,0.8,0.2,3,target:29:combined_l48_r08_m02:3:1409559012,0.0014114973600953817,0.999267578125,0.0002454633067827672
29,sum,combined_l48_r08_m02,combined,48.0,0.8,0.2,3,target:29:combined_l48_r08_m02:3:1409559012,0.0005096534732729197,0.999755859375,0.00019401773170102388
29,pna,combined_l48_r08_m02,combined,48.0,0.8,0.2,3,target:29:combined_l48_r08_m02:3:1409559012,0.004393673036247492,0.999755859375,0.0003262048994656652
29,mean,combined_l48_r08_m02,combined,48.0,0.8,0.2,4,target:29:combined_l48_r08_m02:4:93707418,0.005437440238893032,0.999755859375,0.0004932787269353867
29,mean_degree,combined_l48_r08_m02,combined,48.0,0.8,0.2,4,target:29:combined_l48_r08_m02:4:93707418,0.001120945904403925,1.0,8.176991832442582e-05
29,sum,combined_l48_r08_m02,combined,48.0,0.8,0.2,4,target:29:combined_l48_r08_m02:4:93707418,8.983668521977961e-05,1.0,1.3362879144551698e-05
29,pna,combined_l48_r08_m02,combined,48.0,0.8,0.2,4,target:29:combined_l48_r08_m02:4:93707418,0.009037766605615616,0.99951171875,0.0008205523481592536
29,mean,combined_l48_r08_m02,combined,48.0,0.8,0.2,5,target:29:combined_l48_r08_m02:5:1539269331,0.001390021643601358,1.0,2.8603517421288416e-05
29,mean_degree,combined_l48_r08_m02,combined,48.0,0.8,0.2,5,target:29:combined_l48_r08_m02:5:1539269331,0.0002551495563238859,1.0,3.4901875096693402e-06
29,sum,combined_l48_r08_m02,combined,48.0,0.8,0.2,5,target:29:combined_l48_r08_m02:5:1539269331,6.405512522178469e-06,1.0,1.2559428341774037e-07
29,pna,combined_l48_r08_m02,combined,48.0,0.8,0.2,5,target:29:combined_l48_r08_m02:5:1539269331,0.005472343415021896,1.0,0.0003585712693165988
29,mean,combined_l48_r08_m02,combined,48.0,0.8,0.2,6,target:29:combined_l48_r08_m02:6:1774422925,0.004817422013729811,0.999755859375,0.00037904229247942567
29,mean_degree,combined_l48_r08_m02,combined,48.0,0.8,0.2,6,target:29:combined_l48_r08_m02:6:1774422925,0.0011665320489555597,0.999755859375,0.00012182423961348832
29,sum,combined_l48_r08_m02,combined,48.0,0.8,0.2,6,target:29:combined_l48_r08_m02:6:1774422925,0.00017562742868904024,1.0,4.666600580094382e-05
29,pna,combined_l48_r08_m02,combined,48.0,0.8,0.2,6,target:29:combined_l48_r08_m02:6:1774422925,0.006909186020493507,0.999755859375,0.00035408485564403236
29,mean,combined_l48_r08_m02,combined,48.0,0.8,0.2,7,target:29:combined_l48_r08_m02:7:1471198235,0.003448997624218464,1.0,0.00015646920655854046
29,mean_degree,combined_l48_r08_m02,combined,48.0,0.8,0.2,7,target:29:combined_l48_r08_m02:7:1471198235,0.0005761475767940283,1.0,1.999750929826405e-05
29,sum,combined_l48_r08_m02,combined,48.0,0.8,0.2,7,target:29:combined_l48_r08_m02:7:1471198235,2.1944611944491044e-05,1.0,1.4005782986714621e-06
29,pna,combined_l48_r08_m02,combined,48.0,0.8,0.2,7,target:29:combined_l48_r08_m02:7:1471198235,0.005993473343551159,1.0,0.00027820371906273067
29,mean,combined_l48_r08_m05,combined,48.0,0.8,0.5,0,target:29:combined_l48_r08_m05:0:1503817089,7.410024238652113e-08,1.0,7.474230110694757e-13
29,mean_degree,combined_l48_r08_m05,combined,48.0,0.8,0.5,0,target:29:combined_l48_r08_m05:0:1503817089,3.6140634929182625e-10,1.0,1.4023948636819107e-16
29,sum,combined_l48_r08_m05,combined,48.0,0.8,0.5,0,target:29:combined_l48_r08_m05:0:1503817089,5.47326799762556e-19,1.0,3.76654833924377e-30
29,pna,combined_l48_r08_m05,combined,48.0,0.8,0.5,0,target:29:combined_l48_r08_m05:0:1503817089,1.724673347780481e-05,1.0,1.7777477268055009e-09
29,mean,combined_l48_r08_m05,combined,48.0,0.8,0.5,1,target:29:combined_l48_r08_m05:1:1937928487,3.8756039089093974e-07,1.0,1.1412389089304753e-10
29,mean_degree,combined_l48_r08_m05,combined,48.0,0.8,0.5,1,target:29:combined_l48_r08_m05:1:1937928487,1.1745460604117852e-08,1.0,2.752124157907876e-13
29,sum,combined_l48_r08_m05,combined,48.0,0.8,0.5,1,target:29:combined_l48_r08_m05:1:1937928487,4.275274795642603e-14,1.0,2.8508334333235173e-37
29,pna,combined_l48_r08_m05,combined,48.0,0.8,0.5,1,target:29:combined_l48_r08_m05:1:1937928487,2.2092626750236377e-05,1.0,2.1918786785590783e-08
29,mean,combined_l48_r08_m05,combined,48.0,0.8,0.5,2,target:29:combined_l48_r08_m05:2:349721566,2.339274232099342e-07,1.0,9.865773129003053e-12
29,mean_degree,combined_l48_r08_m05,combined,48.0,0.8,0.5,2,target:29:combined_l48_r08_m05:2:349721566,3.5278855392562036e-09,1.0,1.3191703826032682e-14
29,sum,combined_l48_r08_m05,combined,48.0,0.8,0.5,2,target:29:combined_l48_r08_m05:2:349721566,4.360400294602336e-18,1.0,4.2038918287425165e-24
29,pna,combined_l48_r08_m05,combined,48.0,0.8,0.5,2,target:29:combined_l48_r08_m05:2:349721566,1.9574730686144903e-05,1.0,1.4079085453033713e-08
29,mean,combined_l48_r08_m05,combined,48.0,0.8,0.5,3,target:29:combined_l48_r08_m05:3:692422390,1.7835989751802117e-07,1.0,1.374928990105495e-11
29,mean_degree,combined_l48_r08_m05,combined,48.0,0.8,0.5,3,target:29:combined_l48_r08_m05:3:692422390,2.3314479236091756e-09,1.0,5.3656915641588174e-15
29,sum,combined_l48_r08_m05,combined,48.0,0.8,0.5,3,target:29:combined_l48_r08_m05:3:692422390,5.0980706177362046e-17,1.0,1.75125688067186e-26
29,pna,combined_l48_r08_m05,combined,48.0,0.8,0.5,3,target:29:combined_l48_r08_m05:3:692422390,1.6700971173122525e-05,1.0,4.1080761015166445e-09
29,mean,combined_l48_r08_m05,combined,48.0,0.8,0.5,4,target:29:combined_l48_r08_m05:4:1790592015,2.881584578062757e-06,1.0,1.7200306956510758e-08
29,mean_degree,combined_l48_r08_m05,combined,48.0,0.8,0.5,4,target:29:combined_l48_r08_m05:4:1790592015,2.3886846634013637e-07,1.0,1.1676305755603522e-10
29,sum,combined_l48_r08_m05,combined,48.0,0.8,0.5,4,target:29:combined_l48_r08_m05:4:1790592015,1.4715469953685556e-09,1.0,7.280228699892925e-15
29,pna,combined_l48_r08_m05,combined,48.0,0.8,0.5,4,target:29:combined_l48_r08_m05:4:1790592015,1.8269874999532476e-05,1.0,6.510886407795624e-08
29,mean,combined_l48_r08_m05,combined,48.0,0.8,0.5,5,target:29:combined_l48_r08_m05:5:2067569662,2.6821206233762496e-07,1.0,9.17322398596987e-11
29,mean_degree,combined_l48_r08_m05,combined,48.0,0.8,0.5,5,target:29:combined_l48_r08_m05:5:2067569662,5.561344273985469e-09,1.0,6.957471708132767e-14
29,sum,combined_l48_r08_m05,combined,48.0,0.8,0.5,5,target:29:combined_l48_r08_m05:5:2067569662,1.852059641437495e-16,1.0,5.516644132724498e-27
29,pna,combined_l48_r08_m05,combined,48.0,0.8,0.5,5,target:29:combined_l48_r08_m05:5:2067569662,1.7882684915093705e-05,1.0,1.1161045421204108e-08
29,mean,combined_l48_r08_m05,combined,48.0,0.8,0.5,6,target:29:combined_l48_r08_m05:6:171413027,2.742296771884867e-07,1.0,1.3515601138269773e-10
29,mean_degree,combined_l48_r08_m05,combined,48.0,0.8,0.5,6,target:29:combined_l48_r08_m05:6:171413027,1.53191273000175e-08,1.0,8.723101451238446e-13
29,sum,combined_l48_r08_m05,combined,48.0,0.8,0.5,6,target:29:combined_l48_r08_m05:6:171413027,1.2427860962378432e-17,1.0,9.960637153283653e-28
29,pna,combined_l48_r08_m05,combined,48.0,0.8,0.5,6,target:29:combined_l48_r08_m05:6:171413027,1.3992284038977232e-05,1.0,6.054198475879957e-09
29,mean,combined_l48_r08_m05,combined,48.0,0.8,0.5,7,target:29:combined_l48_r08_m05:7:178471729,1.1219303530651814e-07,1.0,1.3901017923562131e-12
29,mean_degree,combined_l48_r08_m05,combined,48.0,0.8,0.5,7,target:29:combined_l48_r08_m05:7:178471729,1.2362109114150144e-09,1.0,1.7291789041831989e-15
29,sum,combined_l48_r08_m05,combined,48.0,0.8,0.5,7,target:29:combined_l48_r08_m05:7:178471729,2.877194633090711e-16,1.0,4.4013605029025154e-29
29,pna,combined_l48_r08_m05,combined,48.0,0.8,0.5,7,target:29:combined_l48_r08_m05:7:178471729,2.0301125914556906e-05,1.0,3.2216718182098703e-09
43,mean,source,source,24.0,0.6,0.35,0,target:43:source:0:547031837,0.06876295804977417,0.970458984375,0.020076215267181396
43,mean_degree,source,source,24.0,0.6,0.35,0,target:43:source:0:547031837,0.06856057047843933,0.971923828125,0.020238498225808144
43,sum,source,source,24.0,0.6,0.35,0,target:43:source:0:547031837,0.07636450976133347,0.970458984375,0.02192911133170128
43,pna,source,source,24.0,0.6,0.35,0,target:43:source:0:547031837,0.06277932971715927,0.97705078125,0.017373431473970413
43,mean,source,source,24.0,0.6,0.35,1,target:43:source:1:1104676180,0.042715080082416534,0.983642578125,0.012313537299633026
43,mean_degree,source,source,24.0,0.6,0.35,1,target:43:source:1:1104676180,0.04144926369190216,0.9833984375,0.012137342244386673
43,sum,source,source,24.0,0.6,0.35,1,target:43:source:1:1104676180,0.046928126364946365,0.980224609375,0.013902032747864723
43,pna,source,source,24.0,0.6,0.35,1,target:43:source:1:1104676180,0.07043726742267609,0.9755859375,0.019842416048049927
43,mean,source,source,24.0,0.6,0.35,2,target:43:source:2:480959967,0.05172957107424736,0.982177734375,0.01404946856200695
43,mean_degree,source,source,24.0,0.6,0.35,2,target:43:source:2:480959967,0.04810357466340065,0.98291015625,0.013408769853413105
43,sum,source,source,24.0,0.6,0.35,2,target:43:source:2:480959967,0.05337335914373398,0.978759765625,0.015531038865447044
43,pna,source,source,24.0,0.6,0.35,2,target:43:source:2:480959967,0.05667176470160484,0.98193359375,0.01524775754660368
43,mean,source,source,24.0,0.6,0.35,3,target:43:source:3:1205722589,0.05431806668639183,0.97998046875,0.014438078738749027
43,mean_degree,source,source,24.0,0.6,0.35,3,target:43:source:3:1205722589,0.053214557468891144,0.9794921875,0.01457440946251154
43,sum,source,source,24.0,0.6,0.35,3,target:43:source:3:1205722589,0.06466196477413177,0.97509765625,0.01842055842280388
43,pna,source,source,24.0,0.6,0.35,3,target:43:source:3:1205722589,0.09526377171278,0.9677734375,0.02581433206796646
43,mean,source,source,24.0,0.6,0.35,4,target:43:source:4:1728559018,0.03170391172170639,0.989990234375,0.008609384298324585
43,mean_degree,source,source,24.0,0.6,0.35,4,target:43:source:4:1728559018,0.03009769320487976,0.98828125,0.008369266986846924
43,sum,source,source,24.0,0.6,0.35,4,target:43:source:4:1728559018,0.035276465117931366,0.987060546875,0.009885000064969063
43,pna,source,source,24.0,0.6,0.35,4,target:43:source:4:1728559018,0.04021870344877243,0.986572265625,0.010747203603386879
43,mean,source,source,24.0,0.6,0.35,5,target:43:source:5:1356496672,0.039526455104351044,0.985107421875,0.010917038656771183
43,mean_degree,source,source,24.0,0.6,0.35,5,target:43:source:5:1356496672,0.03861531615257263,0.985107421875,0.010885238647460938
43,sum,source,source,24.0,0.6,0.35,5,target:43:source:5:1356496672,0.04464521259069443,0.984375,0.01234445720911026
43,pna,source,source,24.0,0.6,0.35,5,target:43:source:5:1356496672,0.04707885533571243,0.983642578125,0.01261460967361927
43,mean,source,source,24.0,0.6,0.35,6,target:43:source:6:4873638,0.03365957736968994,0.9892578125,0.009233059361577034
43,mean_degree,source,source,24.0,0.6,0.35,6,target:43:source:6:4873638,0.03189857676625252,0.98876953125,0.008962539955973625
43,sum,source,source,24.0,0.6,0.35,6,target:43:source:6:4873638,0.03240429610013962,0.98681640625,0.009517308324575424
43,pna,source,source,24.0,0.6,0.35,6,target:43:source:6:4873638,0.04518182575702667,0.982177734375,0.012573959305882454
43,mean,source,source,24.0,0.6,0.35,7,target:43:source:7:1857577376,0.04253973811864853,0.98583984375,0.011342393234372139
43,mean_degree,source,source,24.0,0.6,0.35,7,target:43:source:7:1857577376,0.03937545791268349,0.98681640625,0.010702921077609062
43,sum,source,source,24.0,0.6,0.35,7,target:43:source:7:1857577376,0.04499842971563339,0.983154296875,0.012380206026136875
43,pna,source,source,24.0,0.6,0.35,7,target:43:source:7:1857577376,0.05866534262895584,0.982421875,0.015274984762072563
43,mean,lambda_low,degree,12.0,0.6,0.35,0,target:43:lambda_low:0:296198237,0.44031497836112976,0.87890625,0.09611933678388596
43,mean_degree,lambda_low,degree,12.0,0.6,0.35,0,target:43:lambda_low:0:296198237,0.2675400972366333,0.891357421875,0.07961587607860565
43,sum,lambda_low,degree,12.0,0.6,0.35,0,target:43:lambda_low:0:296198237,0.305267333984375,0.8671875,0.09553311765193939
43,pna,lambda_low,degree,12.0,0.6,0.35,0,target:43:lambda_low:0:296198237,0.42736756801605225,0.875,0.10063452273607254
43,mean,lambda_low,degree,12.0,0.6,0.35,1,target:43:lambda_low:1:1088416570,0.34876954555511475,0.906494140625,0.07695139944553375
43,mean_degree,lambda_low,degree,12.0,0.6,0.35,1,target:43:lambda_low:1:1088416570,0.21015381813049316,0.915283203125,0.06256020814180374
43,sum,lambda_low,degree,12.0,0.6,0.35,1,target:43:lambda_low:1:1088416570,0.2737288773059845,0.880615234375,0.08456943929195404
43,pna,lambda_low,degree,12.0,0.6,0.35,1,target:43:lambda_low:1:1088416570,0.2864806056022644,0.90185546875,0.07563507556915283
43,mean,lambda_low,degree,12.0,0.6,0.35,2,target:43:lambda_low:2:1244684969,0.3876813054084778,0.896240234375,0.08397017419338226
43,mean_degree,lambda_low,degree,12.0,0.6,0.35,2,target:43:lambda_low:2:1244684969,0.2422276735305786,0.899658203125,0.07231420278549194
43,sum,lambda_low,degree,12.0,0.6,0.35,2,target:43:lambda_low:2:1244684969,0.28307023644447327,0.878662109375,0.08729451149702072
43,pna,lambda_low,degree,12.0,0.6,0.35,2,target:43:lambda_low:2:1244684969,0.3959636092185974,0.880859375,0.09503225982189178
43,mean,lambda_low,degree,12.0,0.6,0.35,3,target:43:lambda_low:3:1665557242,0.3770780861377716,0.898681640625,0.08253452181816101
43,mean_degree,lambda_low,degree,12.0,0.6,0.35,3,target:43:lambda_low:3:1665557242,0.25387871265411377,0.899169921875,0.07545921951532364
43,sum,lambda_low,degree,12.0,0.6,0.35,3,target:43:lambda_low:3:1665557242,0.276422381401062,0.881103515625,0.08499182015657425
43,pna,lambda_low,degree,12.0,0.6,0.35,3,target:43:lambda_low:3:1665557242,0.4277315139770508,0.876708984375,0.09979201853275299
43,mean,lambda_low,degree,12.0,0.6,0.35,4,target:43:lambda_low:4:671435728,0.39238956570625305,0.89990234375,0.08221708238124847
43,mean_degree,lambda_low,degree,12.0,0.6,0.35,4,target:43:lambda_low:4:671435728,0.22419370710849762,0.909423828125,0.06717079132795334
43,sum,lambda_low,degree,12.0,0.6,0.35,4,target:43:lambda_low:4:671435728,0.2658432722091675,0.885986328125,0.08146321773529053
43,pna,lambda_low,degree,12.0,0.6,0.35,4,target:43:lambda_low:4:671435728,0.3367181420326233,0.897705078125,0.08190161734819412
43,mean,lambda_low,degree,12.0,0.6,0.35,5,target:43:lambda_low:5:640556396,0.40788888931274414,0.891357421875,0.08785183727741241
43,mean_degree,lambda_low,degree,12.0,0.6,0.35,5,target:43:lambda_low:5:640556396,0.27244192361831665,0.88916015625,0.0811106413602829
43,sum,lambda_low,degree,12.0,0.6,0.35,5,target:43:lambda_low:5:640556396,0.2790526747703552,0.8837890625,0.08499164879322052
43,pna,lambda_low,degree,12.0,0.6,0.35,5,target:43:lambda_low:5:640556396,0.4853481650352478,0.86376953125,0.11107669770717621
43,mean,lambda_low,degree,12.0,0.6,0.35,6,target:43:lambda_low:6:1278692106,0.3536234498023987,0.9013671875,0.07920816540718079
43,mean_degree,lambda_low,degree,12.0,0.6,0.35,6,target:43:lambda_low:6:1278692106,0.23900315165519714,0.8994140625,0.07189079374074936
43,sum,lambda_low,degree,12.0,0.6,0.35,6,target:43:lambda_low:6:1278692106,0.27613115310668945,0.88330078125,0.08461213856935501
43,pna,lambda_low,degree,12.0,0.6,0.35,6,target:43:lambda_low:6:1278692106,0.39212387800216675,0.880615234375,0.09561503678560257
43,mean,lambda_low,degree,12.0,0.6,0.35,7,target:43:lambda_low:7:850115520,0.373443067073822,0.89404296875,0.0845998078584671
43,mean_degree,lambda_low,degree,12.0,0.6,0.35,7,target:43:lambda_low:7:850115520,0.2614284157752991,0.8955078125,0.07903876900672913
43,sum,lambda_low,degree,12.0,0.6,0.35,7,target:43:lambda_low:7:850115520,0.2859063148498535,0.880126953125,0.08784753829240799
43,pna,lambda_low,degree,12.0,0.6,0.35,7,target:43:lambda_low:7:850115520,0.4609816074371338,0.866455078125,0.10977479815483093
43,mean,lambda_high,degree,48.0,0.6,0.35,0,target:43:lambda_high:0:1474821814,0.012531202286481857,0.997314453125,0.002414691261947155
43,mean_degree,lambda_high,degree,48.0,0.6,0.35,0,target:43:lambda_high:0:1474821814,0.10553646832704544,0.958251953125,0.030416056513786316
43,sum,lambda_high,degree,48.0,0.6,0.35,0,target:43:lambda_high:0:1474821814,0.004987391643226147,0.99853515625,0.0012488242937251925
43,pna,lambda_high,degree,48.0,0.6,0.35,0,target:43:lambda_high:0:1474821814,0.01687358133494854,0.997314453125,0.0032104640267789364
43,mean,lambda_high,degree,48.0,0.6,0.35,1,target:43:lambda_high:1:1547364082,0.008965810760855675,0.998779296875,0.001169893192127347
43,mean_degree,lambda_high,degree,48.0,0.6,0.35,1,target:43:lambda_high:1:1547364082,0.01964101567864418,0.99267578125,0.005329650826752186
43,sum,lambda_high,degree,48.0,0.6,0.35,1,target:43:lambda_high:1:1547364082,0.003999283537268639,0.999267578125,0.0007167060393840075
43,pna,lambda_high,degree,48.0,0.6,0.35,1,target:43:lambda_high:1:1547364082,0.015364062041044235,0.998779296875,0.002436788287013769
43,mean,lambda_high,degree,48.0,0.6,0.35,2,target:43:lambda_high:2:694260894,0.006627107039093971,0.999267578125,0.000721776275895536
43,mean_degree,lambda_high,degree,48.0,0.6,0.35,2,target:43:lambda_high:2:694260894,0.016040530055761337,0.99462890625,0.004184179939329624
43,sum,lambda_high,degree,48.0,0.6,0.35,2,target:43:lambda_high:2:694260894,0.0009379202383570373,0.999755859375,0.00024772557662799954
43,pna,lambda_high,degree,48.0,0.6,0.35,2,target:43:lambda_high:2:694260894,0.016400489956140518,0.997314453125,0.0027880314737558365
43,mean,lambda_high,degree,48.0,0.6,0.35,3,target:43:lambda_high:3:1203092419,0.008882544003427029,0.998291015625,0.0014489947352558374
43,mean_degree,lambda_high,degree,48.0,0.6,0.35,3,target:43:lambda_high:3:1203092419,0.07580535113811493,0.97119140625,0.021834254264831543
43,sum,lambda_high,degree,48.0,0.6,0.35,3,target:43:lambda_high:3:1203092419,0.0007398612215183675,0.99951171875,0.0002480547409504652
43,pna,lambda_high,degree,48.0,0.6,0.35,3,target:43:lambda_high:3:1203092419,0.011052440851926804,0.998779296875,0.0017045625718310475
43,mean,lambda_high,degree,48.0,0.6,0.35,4,target:43:lambda_high:4:68795271,0.013509761542081833,0.998046875,0.002482794225215912
43,mean_degree,lambda_high,degree,48.0,0.6,0.35,4,target:43:lambda_high:4:68795271,0.008151108399033546,0.99755859375,0.0020990585908293724
43,sum,lambda_high,degree,48.0,0.6,0.35,4,target:43:lambda_high:4:68795271,0.006249254569411278,0.997314453125,0.001873021014034748
43,pna,lambda_high,degree,48.0,0.6,0.35,4,target:43:lambda_high:4:68795271,0.021850109100341797,0.996826171875,0.0043661161325871944
43,mean,lambda_high,degree,48.0,0.6,0.35,5,target:43:lambda_high:5:1407018815,0.007964316755533218,0.999267578125,0.0012090596137568355
43,mean_degree,lambda_high,degree,48.0,0.6,0.35,5,target:43:lambda_high:5:1407018815,0.005272360518574715,0.998779296875,0.0011314090806990862
43,sum,lambda_high,degree,48.0,0.6,0.35,5,target:43:lambda_high:5:1407018815,0.001183125888928771,0.99951171875,0.00035711319651454687
43,pna,lambda_high,degree,48.0,0.6,0.35,5,target:43:lambda_high:5:1407018815,0.012734685093164444,0.998046875,0.002165873534977436
43,mean,lambda_high,degree,48.0,0.6,0.35,6,target:43:lambda_high:6:1883039706,0.004726664163172245,0.999267578125,0.0006703154649585485
43,mean_degree,lambda_high,degree,48.0,0.6,0.35,6,target:43:lambda_high:6:1883039706,0.024040456861257553,0.991455078125,0.006613291800022125
43,sum,lambda_high,degree,48.0,0.6,0.35,6,target:43:lambda_high:6:1883039706,0.0001230903872055933,1.0,2.28379612963181e-05
43,pna,lambda_high,degree,48.0,0.6,0.35,6,target:43:lambda_high:6:1883039706,0.007973594591021538,0.998779296875,0.0011704551288858056
43,mean,lambda_high,degree,48.0,0.6,0.35,7,target:43:lambda_high:7:1018276526,0.008290832862257957,0.99853515625,0.0014420723309740424
43,mean_degree,lambda_high,degree,48.0,0.6,0.35,7,target:43:lambda_high:7:1018276526,0.01425481028854847,0.99609375,0.003649338148534298
43,sum,lambda_high,degree,48.0,0.6,0.35,7,target:43:lambda_high:7:1018276526,0.0019507388351485133,0.99951171875,0.0003732889599632472
43,pna,lambda_high,degree,48.0,0.6,0.35,7,target:43:lambda_high:7:1018276526,0.019469358026981354,0.996337890625,0.003963434137403965
43,mean,rho_low,homophily,24.0,0.3,0.35,0,target:43:rho_low:0:51025518,0.5365152359008789,0.78173828125,0.1604476422071457
43,mean_degree,rho_low,homophily,24.0,0.3,0.35,0,target:43:rho_low:0:51025518,0.5404223203659058,0.780517578125,0.16113680601119995
43,sum,rho_low,homophily,24.0,0.3,0.35,0,target:43:rho_low:0:51025518,0.5908523797988892,0.78271484375,0.1642099916934967
43,pna,rho_low,homophily,24.0,0.3,0.35,0,target:43:rho_low:0:51025518,0.5786749124526978,0.7626953125,0.1744799017906189
43,mean,rho_low,homophily,24.0,0.3,0.35,1,target:43:rho_low:1:1600016697,0.6046692728996277,0.76806640625,0.1761149764060974
43,mean_degree,rho_low,homophily,24.0,0.3,0.35,1,target:43:rho_low:1:1600016697,0.605120837688446,0.76904296875,0.1750701665878296
43,sum,rho_low,homophily,24.0,0.3,0.35,1,target:43:rho_low:1:1600016697,0.7031700611114502,0.760986328125,0.18548136949539185
43,pna,rho_low,homophily,24.0,0.3,0.35,1,target:43:rho_low:1:1600016697,0.5817111730575562,0.758544921875,0.17582359910011292
43,mean,rho_low,homophily,24.0,0.3,0.35,2,target:43:rho_low:2:325779549,0.5787161588668823,0.774658203125,0.16989567875862122
43,mean_degree,rho_low,homophily,24.0,0.3,0.35,2,target:43:rho_low:2:325779549,0.5858114957809448,0.77392578125,0.1704186350107193
43,sum,rho_low,homophily,24.0,0.3,0.35,2,target:43:rho_low:2:325779549,0.667956531047821,0.770751953125,0.1768505573272705
43,pna,rho_low,homophily,24.0,0.3,0.35,2,target:43:rho_low:2:325779549,0.6419492363929749,0.75244140625,0.18674063682556152
43,mean,rho_low,homophily,24.0,0.3,0.35,3,target:43:rho_low:3:388772008,0.6173187494277954,0.767822265625,0.17628860473632812
43,mean_degree,rho_low,homophily,24.0,0.3,0.35,3,target:43:rho_low:3:388772008,0.6211910247802734,0.76904296875,0.17551279067993164
43,sum,rho_low,homophily,24.0,0.3,0.35,3,target:43:rho_low:3:388772008,0.6447021961212158,0.779296875,0.172007218003273
43,pna,rho_low,homophily,24.0,0.3,0.35,3,target:43:rho_low:3:388772008,0.5124582648277283,0.78369140625,0.15638840198516846
43,mean,rho_low,homophily,24.0,0.3,0.35,4,target:43:rho_low:4:1277308325,0.5775411128997803,0.7763671875,0.1677502989768982
43,mean_degree,rho_low,homophily,24.0,0.3,0.35,4,target:43:rho_low:4:1277308325,0.5825169086456299,0.7744140625,0.16860747337341309
43,sum,rho_low,homophily,24.0,0.3,0.35,4,target:43:rho_low:4:1277308325,0.6196073889732361,0.773193359375,0.17180049419403076
43,pna,rho_low,homophily,24.0,0.3,0.35,4,target:43:rho_low:4:1277308325,0.5006008744239807,0.78125,0.15622422099113464
43,mean,rho_low,homophily,24.0,0.3,0.35,5,target:43:rho_low:5:1732588790,0.5166352987289429,0.800537109375,0.14985999464988708
43,mean_degree,rho_low,homophily,24.0,0.3,0.35,5,target:43:rho_low:5:1732588790,0.5162128806114197,0.80029296875,0.14888158440589905
43,sum,rho_low,homophily,24.0,0.3,0.35,5,target:43:rho_low:5:1732588790,0.551737904548645,0.80419921875,0.15073353052139282
43,pna,rho_low,homophily,24.0,0.3,0.35,5,target:43:rho_low:5:1732588790,0.5136659145355225,0.792236328125,0.15412406623363495
43,mean,rho_low,homophily,24.0,0.3,0.35,6,target:43:rho_low:6:861764410,0.4946666955947876,0.796630859375,0.14849278330802917
43,mean_degree,rho_low,homophily,24.0,0.3,0.35,6,target:43:rho_low:6:861764410,0.4929904043674469,0.80224609375,0.1479492336511612
43,sum,rho_low,homophily,24.0,0.3,0.35,6,target:43:rho_low:6:861764410,0.5578389763832092,0.79833984375,0.15527307987213135
43,pna,rho_low,homophily,24.0,0.3,0.35,6,target:43:rho_low:6:861764410,0.5288989543914795,0.778076171875,0.1624569445848465
43,mean,rho_low,homophily,24.0,0.3,0.35,7,target:43:rho_low:7:1650917338,0.5714938044548035,0.775634765625,0.1670658141374588
43,mean_degree,rho_low,homophily,24.0,0.3,0.35,7,target:43:rho_low:7:1650917338,0.5687354207038879,0.77783203125,0.16629169881343842
43,sum,rho_low,homophily,24.0,0.3,0.35,7,target:43:rho_low:7:1650917338,0.6323455572128296,0.77783203125,0.17184662818908691
43,pna,rho_low,homophily,24.0,0.3,0.35,7,target:43:rho_low:7:1650917338,0.5638687610626221,0.762939453125,0.17302924394607544
43,mean,rho_high,homophily,24.0,0.8,0.35,0,target:43:rho_high:0:1057992849,0.001746406895108521,0.99951171875,0.00036582877510227263
43,mean_degree,rho_high,homophily,24.0,0.8,0.35,0,target:43:rho_high:0:1057992849,0.0017794144805520773,0.99951171875,0.0003525739593897015
43,sum,rho_high,homophily,24.0,0.8,0.35,0,target:43:rho_high:0:1057992849,0.0028753492515534163,0.999267578125,0.0005584715399891138
43,pna,rho_high,homophily,24.0,0.8,0.35,0,target:43:rho_high:0:1057992849,0.0028751243371516466,0.999267578125,0.000565771188121289
43,mean,rho_high,homophily,24.0,0.8,0.35,1,target:43:rho_high:1:1100000110,0.0004027315881103277,1.0,3.29696704284288e-05
43,mean_degree,rho_high,homophily,24.0,0.8,0.35,1,target:43:rho_high:1:1100000110,0.0004841495829168707,1.0,6.172812572913244e-05
43,sum,rho_high,homophily,24.0,0.8,0.35,1,target:43:rho_high:1:1100000110,0.0006514079868793488,1.0,7.069059938658029e-05
43,pna,rho_high,homophily,24.0,0.8,0.35,1,target:43:rho_high:1:1100000110,0.001439838670194149,1.0,0.00012725411215797067
43,mean,rho_high,homophily,24.0,0.8,0.35,2,target:43:rho_high:2:371684142,0.0007960076327435672,0.999755859375,0.0002213772968389094
43,mean_degree,rho_high,homophily,24.0,0.8,0.35,2,target:43:rho_high:2:371684142,0.0008892412297427654,0.999755859375,0.0002362575032748282
43,sum,rho_high,homophily,24.0,0.8,0.35,2,target:43:rho_high:2:371684142,0.000921606901101768,0.99951171875,0.00023676861019339412
43,pna,rho_high,homophily,24.0,0.8,0.35,2,target:43:rho_high:2:371684142,0.0017280073370784521,0.999755859375,0.00033057661494240165
43,mean,rho_high,homophily,24.0,0.8,0.35,3,target:43:rho_high:3:1626418952,0.0010218947427347302,1.0,0.00017015839694067836
43,mean_degree,rho_high,homophily,24.0,0.8,0.35,3,target:43:rho_high:3:1626418952,0.001009045634418726,1.0,0.00017130572814494371
43,sum,rho_high,homophily,24.0,0.8,0.35,3,target:43:rho_high:3:1626418952,0.0016021013725548983,1.0,0.00028637860668823123
43,pna,rho_high,homophily,24.0,0.8,0.35,3,target:43:rho_high:3:1626418952,0.002059907652437687,1.0,0.00021775878849439323
43,mean,rho_high,homophily,24.0,0.8,0.35,4,target:43:rho_high:4:616867204,0.003279393306002021,0.999267578125,0.0005881247343495488
43,mean_degree,rho_high,homophily,24.0,0.8,0.35,4,target:43:rho_high:4:616867204,0.0026509827002882957,0.999267578125,0.0006752019398845732
43,sum,rho_high,homophily,24.0,0.8,0.35,4,target:43:rho_high:4:616867204,0.0023486060090363026,0.9990234375,0.000667319109197706
43,pna,rho_high,homophily,24.0,0.8,0.35,4,target:43:rho_high:4:616867204,0.0037041790783405304,0.999267578125,0.0007795891724526882
43,mean,rho_high,homophily,24.0,0.8,0.35,5,target:43:rho_high:5:467302728,0.00029911985620856285,1.0,2.8930779080837965e-05
43,mean_degree,rho_high,homophily,24.0,0.8,0.35,5,target:43:rho_high:5:467302728,0.0003077634610235691,1.0,2.6824909582501277e-05
43,sum,rho_high,homophily,24.0,0.8,0.35,5,target:43:rho_high:5:467302728,0.0005339431809261441,1.0,7.061164069455117e-05
43,pna,rho_high,homophily,24.0,0.8,0.35,5,target:43:rho_high:5:467302728,0.0010026092641055584,1.0,0.0001869735715445131
43,mean,rho_high,homophily,24.0,0.8,0.35,6,target:43:rho_high:6:1969895154,0.0019501281203702092,0.99951171875,0.0004158604715485126
43,mean_degree,rho_high,homophily,24.0,0.8,0.35,6,target:43:rho_high:6:1969895154,0.002006051130592823,0.99951171875,0.0004526337143033743
43,sum,rho_high,homophily,24.0,0.8,0.35,6,target:43:rho_high:6:1969895154,0.0029380146879702806,0.9990234375,0.0007727392949163914
43,pna,rho_high,homophily,24.0,0.8,0.35,6,target:43:rho_high:6:1969895154,0.002218173583969474,0.999755859375,0.0004334176192060113
43,mean,rho_high,homophily,24.0,0.8,0.35,7,target:43:rho_high:7:1787780559,0.0006639679195359349,1.0,7.000422920100391e-05
43,mean_degree,rho_high,homophily,24.0,0.8,0.35,7,target:43:rho_high:7:1787780559,0.0007471657008863986,1.0,8.318835170939565e-05
43,sum,rho_high,homophily,24.0,0.8,0.35,7,target:43:rho_high:7:1787780559,0.0011508376337587833,0.999755859375,0.00019218289526179433
43,pna,rho_high,homophily,24.0,0.8,0.35,7,target:43:rho_high:7:1787780559,0.0027408164460211992,0.999267578125,0.0005321043427102268
43,mean,mu_low,feature_signal,24.0,0.6,0.2,0,target:43:mu_low:0:67064016,0.1513843834400177,0.9404296875,0.044137001037597656
43,mean_degree,mu_low,feature_signal,24.0,0.6,0.2,0,target:43:mu_low:0:67064016,0.14713692665100098,0.942138671875,0.04331193119287491
43,sum,mu_low,feature_signal,24.0,0.6,0.2,0,target:43:mu_low:0:67064016,0.17446377873420715,0.9296875,0.051384806632995605
43,pna,mu_low,feature_signal,24.0,0.6,0.2,0,target:43:mu_low:0:67064016,0.20997688174247742,0.920654296875,0.060655198991298676
43,mean,mu_low,feature_signal,24.0,0.6,0.2,1,target:43:mu_low:1:1034411646,0.20385444164276123,0.92431640625,0.05855446308851242
43,mean_degree,mu_low,feature_signal,24.0,0.6,0.2,1,target:43:mu_low:1:1034411646,0.19479018449783325,0.92724609375,0.05607292056083679
43,sum,mu_low,feature_signal,24.0,0.6,0.2,1,target:43:mu_low:1:1034411646,0.2415250688791275,0.90625,0.06975467503070831
43,pna,mu_low,feature_signal,24.0,0.6,0.2,1,target:43:mu_low:1:1034411646,0.23063790798187256,0.909423828125,0.06765956431627274
43,mean,mu_low,feature_signal,24.0,0.6,0.2,2,target:43:mu_low:2:2060376839,0.20617380738258362,0.921142578125,0.0601336807012558
43,mean_degree,mu_low,feature_signal,24.0,0.6,0.2,2,target:43:mu_low:2:2060376839,0.19580195844173431,0.9248046875,0.05712789669632912
43,sum,mu_low,feature_signal,24.0,0.6,0.2,2,target:43:mu_low:2:2060376839,0.2318723499774933,0.910400390625,0.06658948957920074
43,pna,mu_low,feature_signal,24.0,0.6,0.2,2,target:43:mu_low:2:2060376839,0.18382441997528076,0.926025390625,0.053537044674158096
43,mean,mu_low,feature_signal,24.0,0.6,0.2,3,target:43:mu_low:3:1625704856,0.1861456334590912,0.92578125,0.05523475259542465
43,mean_degree,mu_low,feature_signal,24.0,0.6,0.2,3,target:43:mu_low:3:1625704856,0.17743545770645142,0.927490234375,0.05304839462041855
43,sum,mu_low,feature_signal,24.0,0.6,0.2,3,target:43:mu_low:3:1625704856,0.2070024013519287,0.91650390625,0.06092270463705063
43,pna,mu_low,feature_signal,24.0,0.6,0.2,3,target:43:mu_low:3:1625704856,0.1791427731513977,0.927001953125,0.05334426462650299
43,mean,mu_low,feature_signal,24.0,0.6,0.2,4,target:43:mu_low:4:1853498161,0.12641596794128418,0.947021484375,0.03834834694862366
43,mean_degree,mu_low,feature_signal,24.0,0.6,0.2,4,target:43:mu_low:4:1853498161,0.1201811134815216,0.947021484375,0.03678003326058388
43,sum,mu_low,feature_signal,24.0,0.6,0.2,4,target:43:mu_low:4:1853498161,0.13076339662075043,0.9453125,0.03930528089404106
43,pna,mu_low,feature_signal,24.0,0.6,0.2,4,target:43:mu_low:4:1853498161,0.13633501529693604,0.94677734375,0.03999684005975723
43,mean,mu_low,feature_signal,24.0,0.6,0.2,5,target:43:mu_low:5:1446931406,0.18757545948028564,0.925537109375,0.055266138166189194
43,mean_degree,mu_low,feature_signal,24.0,0.6,0.2,5,target:43:mu_low:5:1446931406,0.1813110113143921,0.924072265625,0.054679594933986664
43,sum,mu_low,feature_signal,24.0,0.6,0.2,5,target:43:mu_low:5:1446931406,0.21863830089569092,0.911376953125,0.06356553733348846
43,pna,mu_low,feature_signal,24.0,0.6,0.2,5,target:43:mu_low:5:1446931406,0.243511363863945,0.90185546875,0.07291177660226822
43,mean,mu_low,feature_signal,24.0,0.6,0.2,6,target:43:mu_low:6:281221643,0.18236827850341797,0.92919921875,0.05356535315513611
43,mean_degree,mu_low,feature_signal,24.0,0.6,0.2,6,target:43:mu_low:6:281221643,0.1735399067401886,0.929931640625,0.051640283316373825
43,sum,mu_low,feature_signal,24.0,0.6,0.2,6,target:43:mu_low:6:281221643,0.21336649358272552,0.912109375,0.06297577172517776
43,pna,mu_low,feature_signal,24.0,0.6,0.2,6,target:43:mu_low:6:281221643,0.23272907733917236,0.907958984375,0.06922005861997604
43,mean,mu_low,feature_signal,24.0,0.6,0.2,7,target:43:mu_low:7:203413414,0.20757445693016052,0.913330078125,0.06337893754243851
43,mean_degree,mu_low,feature_signal,24.0,0.6,0.2,7,target:43:mu_low:7:203413414,0.20327311754226685,0.912841796875,0.06225137040019035
43,sum,mu_low,feature_signal,24.0,0.6,0.2,7,target:43:mu_low:7:203413414,0.2367490530014038,0.906494140625,0.06969106197357178
43,pna,mu_low,feature_signal,24.0,0.6,0.2,7,target:43:mu_low:7:203413414,0.3007042109966278,0.873291015625,0.09178504347801208
43,mean,mu_high,feature_signal,24.0,0.6,0.5,0,target:43:mu_high:0:845823874,0.015073873102664948,0.99462890625,0.004205564968287945
43,mean_degree,mu_high,feature_signal,24.0,0.6,0.5,0,target:43:mu_high:0:845823874,0.014442314393818378,0.994384765625,0.004173410125076771
43,sum,mu_high,feature_signal,24.0,0.6,0.5,0,target:43:mu_high:0:845823874,0.015560447238385677,0.993896484375,0.00448849331587553
43,pna,mu_high,feature_signal,24.0,0.6,0.5,0,target:43:mu_high:0:845823874,0.021058527752757072,0.990966796875,0.006014987360686064
43,mean,mu_high,feature_signal,24.0,0.6,0.5,1,target:43:mu_high:1:1775153573,0.016995925456285477,0.99462890625,0.004433640278875828
43,mean_degree,mu_high,feature_signal,24.0,0.6,0.5,1,target:43:mu_high:1:1775153573,0.01643207296729088,0.99462890625,0.004374281037598848
43,sum,mu_high,feature_signal,24.0,0.6,0.5,1,target:43:mu_high:1:1775153573,0.01899568736553192,0.9931640625,0.005216581746935844
43,pna,mu_high,feature_signal,24.0,0.6,0.5,1,target:43:mu_high:1:1775153573,0.023034285753965378,0.99267578125,0.0059640477411448956
43,mean,mu_high,feature_signal,24.0,0.6,0.5,2,target:43:mu_high:2:849640233,0.027923230081796646,0.990966796875,0.0069181229919195175
43,mean_degree,mu_high,feature_signal,24.0,0.6,0.5,2,target:43:mu_high:2:849640233,0.0256644394248724,0.991455078125,0.006734933704137802
43,sum,mu_high,feature_signal,24.0,0.6,0.5,2,target:43:mu_high:2:849640233,0.025862062349915504,0.99072265625,0.007115866523236036
43,pna,mu_high,feature_signal,24.0,0.6,0.5,2,target:43:mu_high:2:849640233,0.039773065596818924,0.988525390625,0.009865247644484043
43,mean,mu_high,feature_signal,24.0,0.6,0.5,3,target:43:mu_high:3:1621919783,0.0125071220099926,0.99462890625,0.0034671814646571875
43,mean_degree,mu_high,feature_signal,24.0,0.6,0.5,3,target:43:mu_high:3:1621919783,0.011334523558616638,0.99560546875,0.0031831846572458744
43,sum,mu_high,feature_signal,24.0,0.6,0.5,3,target:43:mu_high:3:1621919783,0.013631576672196388,0.99462890625,0.0038294389378279448
43,pna,mu_high,feature_signal,24.0,0.6,0.5,3,target:43:mu_high:3:1621919783,0.024399669840931892,0.9912109375,0.006846745498478413
43,mean,mu_high,feature_signal,24.0,0.6,0.5,4,target:43:mu_high:4:901973121,0.010263858363032341,0.996337890625,0.0027205394580960274
43,mean_degree,mu_high,feature_signal,24.0,0.6,0.5,4,target:43:mu_high:4:901973121,0.009412674233317375,0.99658203125,0.0025426382198929787
43,sum,mu_high,feature_signal,24.0,0.6,0.5,4,target:43:mu_high:4:901973121,0.00937136635184288,0.997314453125,0.0024612308479845524
43,pna,mu_high,feature_signal,24.0,0.6,0.5,4,target:43:mu_high:4:901973121,0.01798555627465248,0.99365234375,0.004822117276489735
43,mean,mu_high,feature_signal,24.0,0.6,0.5,5,target:43:mu_high:5:1095486933,0.023438146337866783,0.993408203125,0.0056098694913089275
43,mean_degree,mu_high,feature_signal,24.0,0.6,0.5,5,target:43:mu_high:5:1095486933,0.023220472037792206,0.992919921875,0.005598776042461395
43,sum,mu_high,feature_signal,24.0,0.6,0.5,5,target:43:mu_high:5:1095486933,0.02406020276248455,0.991455078125,0.006290431134402752
43,pna,mu_high,feature_signal,24.0,0.6,0.5,5,target:43:mu_high:5:1095486933,0.026871223002672195,0.99169921875,0.006799635477364063
43,mean,mu_high,feature_signal,24.0,0.6,0.5,6,target:43:mu_high:6:1891285960,0.01818995177745819,0.993408203125,0.0052038514986634254
43,mean_degree,mu_high,feature_signal,24.0,0.6,0.5,6,target:43:mu_high:6:1891285960,0.017976323142647743,0.992919921875,0.00513802096247673
43,sum,mu_high,feature_signal,24.0,0.6,0.5,6,target:43:mu_high:6:1891285960,0.018588067963719368,0.99365234375,0.005038945935666561
43,pna,mu_high,feature_signal,24.0,0.6,0.5,6,target:43:mu_high:6:1891285960,0.025077402591705322,0.990234375,0.0070742047391831875
43,mean,mu_high,feature_signal,24.0,0.6,0.5,7,target:43:mu_high:7:1749110545,0.011278271675109863,0.994873046875,0.0032222759909927845
43,mean_degree,mu_high,feature_signal,24.0,0.6,0.5,7,target:43:mu_high:7:1749110545,0.011009512469172478,0.995849609375,0.003126186318695545
43,sum,mu_high,feature_signal,24.0,0.6,0.5,7,target:43:mu_high:7:1749110545,0.011122634634375572,0.995849609375,0.003273255657404661
43,pna,mu_high,feature_signal,24.0,0.6,0.5,7,target:43:mu_high:7:1749110545,0.02331193909049034,0.99072265625,0.006583737209439278
43,mean,combined_l12_r03_m02,combined,12.0,0.3,0.2,0,target:43:combined_l12_r03_m02:0:1013272108,1.5494945049285889,0.6318359375,0.31248244643211365
43,mean_degree,combined_l12_r03_m02,combined,12.0,0.3,0.2,0,target:43:combined_l12_r03_m02:0:1013272108,0.9000304937362671,0.63037109375,0.2711329758167267
43,sum,combined_l12_r03_m02,combined,12.0,0.3,0.2,0,target:43:combined_l12_r03_m02:0:1013272108,0.7799972295761108,0.601318359375,0.26675066351890564
43,pna,combined_l12_r03_m02,combined,12.0,0.3,0.2,0,target:43:combined_l12_r03_m02:0:1013272108,1.3975841999053955,0.622802734375,0.31199896335601807
43,mean,combined_l12_r03_m02,combined,12.0,0.3,0.2,1,target:43:combined_l12_r03_m02:1:2074664110,1.7466603517532349,0.59912109375,0.3397101163864136
43,mean_degree,combined_l12_r03_m02,combined,12.0,0.3,0.2,1,target:43:combined_l12_r03_m02:1:2074664110,1.0416549444198608,0.590576171875,0.30550050735473633
43,sum,combined_l12_r03_m02,combined,12.0,0.3,0.2,1,target:43:combined_l12_r03_m02:1:2074664110,0.8324785232543945,0.569091796875,0.28444036841392517
43,pna,combined_l12_r03_m02,combined,12.0,0.3,0.2,1,target:43:combined_l12_r03_m02:1:2074664110,1.6113512516021729,0.58935546875,0.34347331523895264
43,mean,combined_l12_r03_m02,combined,12.0,0.3,0.2,2,target:43:combined_l12_r03_m02:2:847004137,1.6258468627929688,0.620361328125,0.3191477358341217
43,mean_degree,combined_l12_r03_m02,combined,12.0,0.3,0.2,2,target:43:combined_l12_r03_m02:2:847004137,0.9762132167816162,0.609130859375,0.28648483753204346
43,sum,combined_l12_r03_m02,combined,12.0,0.3,0.2,2,target:43:combined_l12_r03_m02:2:847004137,0.7816768884658813,0.600341796875,0.26619893312454224
43,pna,combined_l12_r03_m02,combined,12.0,0.3,0.2,2,target:43:combined_l12_r03_m02:2:847004137,1.601584553718567,0.601318359375,0.33420535922050476
43,mean,combined_l12_r03_m02,combined,12.0,0.3,0.2,3,target:43:combined_l12_r03_m02:3:565460025,1.3584651947021484,0.678466796875,0.2721853256225586
43,mean_degree,combined_l12_r03_m02,combined,12.0,0.3,0.2,3,target:43:combined_l12_r03_m02:3:565460025,0.7844765186309814,0.677001953125,0.2375335693359375
43,sum,combined_l12_r03_m02,combined,12.0,0.3,0.2,3,target:43:combined_l12_r03_m02:3:565460025,0.7029002904891968,0.64990234375,0.23750045895576477
43,pna,combined_l12_r03_m02,combined,12.0,0.3,0.2,3,target:43:combined_l12_r03_m02:3:565460025,1.1831588745117188,0.671630859375,0.2701185941696167
43,mean,combined_l12_r03_m02,combined,12.0,0.3,0.2,4,target:43:combined_l12_r03_m02:4:1547691599,1.6171846389770508,0.635986328125,0.3101152181625366
43,mean_degree,combined_l12_r03_m02,combined,12.0,0.3,0.2,4,target:43:combined_l12_r03_m02:4:1547691599,0.9077494144439697,0.63427734375,0.2715938985347748
43,sum,combined_l12_r03_m02,combined,12.0,0.3,0.2,4,target:43:combined_l12_r03_m02:4:1547691599,0.7754908800125122,0.603271484375,0.2630176544189453
43,pna,combined_l12_r03_m02,combined,12.0,0.3,0.2,4,target:43:combined_l12_r03_m02:4:1547691599,1.4336684942245483,0.628173828125,0.309636652469635
43,mean,combined_l12_r03_m02,combined,12.0,0.3,0.2,5,target:43:combined_l12_r03_m02:5:1548885168,1.6222074031829834,0.623291015625,0.31951963901519775
43,mean_degree,combined_l12_r03_m02,combined,12.0,0.3,0.2,5,target:43:combined_l12_r03_m02:5:1548885168,0.9645397663116455,0.619384765625,0.2839623689651489
43,sum,combined_l12_r03_m02,combined,12.0,0.3,0.2,5,target:43:combined_l12_r03_m02:5:1548885168,0.7766522169113159,0.606689453125,0.26242542266845703
43,pna,combined_l12_r03_m02,combined,12.0,0.3,0.2,5,target:43:combined_l12_r03_m02:5:1548885168,1.516404628753662,0.61279296875,0.3233063519001007
43,mean,combined_l12_r03_m02,combined,12.0,0.3,0.2,6,target:43:combined_l12_r03_m02:6:1304395178,1.6973850727081299,0.60693359375,0.33299875259399414
43,mean_degree,combined_l12_r03_m02,combined,12.0,0.3,0.2,6,target:43:combined_l12_r03_m02:6:1304395178,0.997014045715332,0.601806640625,0.2966604232788086
43,sum,combined_l12_r03_m02,combined,12.0,0.3,0.2,6,target:43:combined_l12_r03_m02:6:1304395178,0.7912915945053101,0.59619140625,0.26892393827438354
43,pna,combined_l12_r03_m02,combined,12.0,0.3,0.2,6,target:43:combined_l12_r03_m02:6:1304395178,1.5734732151031494,0.5888671875,0.3424781262874603
43,mean,combined_l12_r03_m02,combined,12.0,0.3,0.2,7,target:43:combined_l12_r03_m02:7:1293079112,1.7472126483917236,0.601318359375,0.3418903648853302
43,mean_degree,combined_l12_r03_m02,combined,12.0,0.3,0.2,7,target:43:combined_l12_r03_m02:7:1293079112,0.9357633590698242,0.606201171875,0.2863371670246124
43,sum,combined_l12_r03_m02,combined,12.0,0.3,0.2,7,target:43:combined_l12_r03_m02:7:1293079112,0.8140071630477905,0.584716796875,0.2764625549316406
43,pna,combined_l12_r03_m02,combined,12.0,0.3,0.2,7,target:43:combined_l12_r03_m02:7:1293079112,1.3842095136642456,0.603271484375,0.32363200187683105
43,mean,combined_l12_r03_m05,combined,12.0,0.3,0.5,0,target:43:combined_l12_r03_m05:0:826713387,1.0950454473495483,0.755859375,0.20557330548763275
43,mean_degree,combined_l12_r03_m05,combined,12.0,0.3,0.5,0,target:43:combined_l12_r03_m05:0:826713387,0.6748247146606445,0.739013671875,0.19503870606422424
43,sum,combined_l12_r03_m05,combined,12.0,0.3,0.5,0,target:43:combined_l12_r03_m05:0:826713387,0.6159154772758484,0.7060546875,0.20389091968536377
43,pna,combined_l12_r03_m05,combined,12.0,0.3,0.5,0,target:43:combined_l12_r03_m05:0:826713387,1.09711492061615,0.7265625,0.2275865525007248
43,mean,combined_l12_r03_m05,combined,12.0,0.3,0.5,1,target:43:combined_l12_r03_m05:1:226115044,1.1581217050552368,0.739013671875,0.2194855809211731
43,mean_degree,combined_l12_r03_m05,combined,12.0,0.3,0.5,1,target:43:combined_l12_r03_m05:1:226115044,0.7044929265975952,0.726806640625,0.20394045114517212
43,sum,combined_l12_r03_m05,combined,12.0,0.3,0.5,1,target:43:combined_l12_r03_m05:1:226115044,0.6302483081817627,0.696533203125,0.2077174186706543
43,pna,combined_l12_r03_m05,combined,12.0,0.3,0.5,1,target:43:combined_l12_r03_m05:1:226115044,1.1435718536376953,0.71240234375,0.24184909462928772
43,mean,combined_l12_r03_m05,combined,12.0,0.3,0.5,2,target:43:combined_l12_r03_m05:2:1686077616,1.0538684129714966,0.754638671875,0.20593193173408508
43,mean_degree,combined_l12_r03_m05,combined,12.0,0.3,0.5,2,target:43:combined_l12_r03_m05:2:1686077616,0.6649892330169678,0.7373046875,0.19389241933822632
43,sum,combined_l12_r03_m05,combined,12.0,0.3,0.5,2,target:43:combined_l12_r03_m05:2:1686077616,0.6049408912658691,0.710693359375,0.1986408829689026
43,pna,combined_l12_r03_m05,combined,12.0,0.3,0.5,2,target:43:combined_l12_r03_m05:2:1686077616,1.029036521911621,0.739501953125,0.2194499373435974
43,mean,combined_l12_r03_m05,combined,12.0,0.3,0.5,3,target:43:combined_l12_r03_m05:3:1471221930,1.091822624206543,0.747314453125,0.21172451972961426
43,mean_degree,combined_l12_r03_m05,combined,12.0,0.3,0.5,3,target:43:combined_l12_r03_m05:3:1471221930,0.6810976266860962,0.733642578125,0.19804377853870392
43,sum,combined_l12_r03_m05,combined,12.0,0.3,0.5,3,target:43:combined_l12_r03_m05:3:1471221930,0.6329045295715332,0.68798828125,0.21008045971393585
43,pna,combined_l12_r03_m05,combined,12.0,0.3,0.5,3,target:43:combined_l12_r03_m05:3:1471221930,1.0162166357040405,0.728759765625,0.22472167015075684
43,mean,combined_l12_r03_m05,combined,12.0,0.3,0.5,4,target:43:combined_l12_r03_m05:4:150159141,1.0726306438446045,0.7412109375,0.21479201316833496
43,mean_degree,combined_l12_r03_m05,combined,12.0,0.3,0.5,4,target:43:combined_l12_r03_m05:4:150159141,0.6648640632629395,0.739013671875,0.19587838649749756
43,sum,combined_l12_r03_m05,combined,12.0,0.3,0.5,4,target:43:combined_l12_r03_m05:4:150159141,0.6368445158004761,0.683349609375,0.21279147267341614
43,pna,combined_l12_r03_m05,combined,12.0,0.3,0.5,4,target:43:combined_l12_r03_m05:4:150159141,1.038597822189331,0.72998046875,0.22674643993377686
43,mean,combined_l12_r03_m05,combined,12.0,0.3,0.5,5,target:43:combined_l12_r03_m05:5:1072752961,1.1283328533172607,0.7431640625,0.2172059565782547
43,mean_degree,combined_l12_r03_m05,combined,12.0,0.3,0.5,5,target:43:combined_l12_r03_m05:5:1072752961,0.6590994000434875,0.742919921875,0.19023121893405914
43,sum,combined_l12_r03_m05,combined,12.0,0.3,0.5,5,target:43:combined_l12_r03_m05:5:1072752961,0.6541937589645386,0.68505859375,0.21427957713603973
43,pna,combined_l12_r03_m05,combined,12.0,0.3,0.5,5,target:43:combined_l12_r03_m05:5:1072752961,0.8929314017295837,0.74755859375,0.2060846984386444
43,mean,combined_l12_r03_m05,combined,12.0,0.3,0.5,6,target:43:combined_l12_r03_m05:6:1247393459,1.0680549144744873,0.746337890625,0.21224796772003174
43,mean_degree,combined_l12_r03_m05,combined,12.0,0.3,0.5,6,target:43:combined_l12_r03_m05:6:1247393459,0.662388026714325,0.736083984375,0.19577349722385406
43,sum,combined_l12_r03_m05,combined,12.0,0.3,0.5,6,target:43:combined_l12_r03_m05:6:1247393459,0.6083046793937683,0.708740234375,0.2011880874633789
43,pna,combined_l12_r03_m05,combined,12.0,0.3,0.5,6,target:43:combined_l12_r03_m05:6:1247393459,1.0380980968475342,0.728759765625,0.22397033870220184
43,mean,combined_l12_r03_m05,combined,12.0,0.3,0.5,7,target:43:combined_l12_r03_m05:7:1083663836,1.1578274965286255,0.739013671875,0.2212531566619873
43,mean_degree,combined_l12_r03_m05,combined,12.0,0.3,0.5,7,target:43:combined_l12_r03_m05:7:1083663836,0.7354857325553894,0.71875,0.2098366618156433
43,sum,combined_l12_r03_m05,combined,12.0,0.3,0.5,7,target:43:combined_l12_r03_m05:7:1083663836,0.650354266166687,0.686279296875,0.21445821225643158
43,pna,combined_l12_r03_m05,combined,12.0,0.3,0.5,7,target:43:combined_l12_r03_m05:7:1083663836,1.2004351615905762,0.705810546875,0.24647849798202515
43,mean,combined_l12_r08_m02,combined,12.0,0.8,0.2,0,target:43:combined_l12_r08_m02:0:490412170,0.31820422410964966,0.909423828125,0.07311584055423737
43,mean_degree,combined_l12_r08_m02,combined,12.0,0.8,0.2,0,target:43:combined_l12_r08_m02:0:490412170,0.23527050018310547,0.90283203125,0.07156392186880112
43,sum,combined_l12_r08_m02,combined,12.0,0.8,0.2,0,target:43:combined_l12_r08_m02:0:490412170,0.24953946471214294,0.908447265625,0.07308459281921387
43,pna,combined_l12_r08_m02,combined,12.0,0.8,0.2,0,target:43:combined_l12_r08_m02:0:490412170,0.4132692813873291,0.8740234375,0.10029864311218262
43,mean,combined_l12_r08_m02,combined,12.0,0.8,0.2,1,target:43:combined_l12_r08_m02:1:62516447,0.2555896043777466,0.924072265625,0.06179824844002724
43,mean_degree,combined_l12_r08_m02,combined,12.0,0.8,0.2,1,target:43:combined_l12_r08_m02:1:62516447,0.15758606791496277,0.9375,0.04728584736585617
43,sum,combined_l12_r08_m02,combined,12.0,0.8,0.2,1,target:43:combined_l12_r08_m02:1:62516447,0.20707055926322937,0.927001953125,0.05890174210071564
43,pna,combined_l12_r08_m02,combined,12.0,0.8,0.2,1,target:43:combined_l12_r08_m02:1:62516447,0.2666722536087036,0.911376953125,0.06816484034061432
43,mean,combined_l12_r08_m02,combined,12.0,0.8,0.2,2,target:43:combined_l12_r08_m02:2:1090342293,0.33405449986457825,0.90771484375,0.0745263621211052
43,mean_degree,combined_l12_r08_m02,combined,12.0,0.8,0.2,2,target:43:combined_l12_r08_m02:2:1090342293,0.2510138154029846,0.89501953125,0.07555011659860611
43,sum,combined_l12_r08_m02,combined,12.0,0.8,0.2,2,target:43:combined_l12_r08_m02:2:1090342293,0.25956451892852783,0.898193359375,0.07708078622817993
43,pna,combined_l12_r08_m02,combined,12.0,0.8,0.2,2,target:43:combined_l12_r08_m02:2:1090342293,0.441511869430542,0.87060546875,0.10433825850486755
43,mean,combined_l12_r08_m02,combined,12.0,0.8,0.2,3,target:43:combined_l12_r08_m02:3:1842200826,0.17961430549621582,0.9443359375,0.044317081570625305
43,mean_degree,combined_l12_r08_m02,combined,12.0,0.8,0.2,3,target:43:combined_l12_r08_m02:3:1842200826,0.1250205934047699,0.94873046875,0.03726964443922043
43,sum,combined_l12_r08_m02,combined,12.0,0.8,0.2,3,target:43:combined_l12_r08_m02:3:1842200826,0.16997450590133667,0.9443359375,0.04647069051861763
43,pna,combined_l12_r08_m02,combined,12.0,0.8,0.2,3,target:43:combined_l12_r08_m02:3:1842200826,0.21958611905574799,0.92822265625,0.055904172360897064
43,mean,combined_l12_r08_m02,combined,12.0,0.8,0.2,4,target:43:combined_l12_r08_m02:4:2094477106,0.23446007072925568,0.93408203125,0.05324369668960571
43,mean_degree,combined_l12_r08_m02,combined,12.0,0.8,0.2,4,target:43:combined_l12_r08_m02:4:2094477106,0.1714300662279129,0.931884765625,0.05067311227321625
43,sum,combined_l12_r08_m02,combined,12.0,0.8,0.2,4,target:43:combined_l12_r08_m02:4:2094477106,0.19448933005332947,0.93212890625,0.0547267347574234
43,pna,combined_l12_r08_m02,combined,12.0,0.8,0.2,4,target:43:combined_l12_r08_m02:4:2094477106,0.32429274916648865,0.9052734375,0.07584424316883087
43,mean,combined_l12_r08_m02,combined,12.0,0.8,0.2,5,target:43:combined_l12_r08_m02:5:2019186895,0.3355534076690674,0.90625,0.07534168660640717
43,mean_degree,combined_l12_r08_m02,combined,12.0,0.8,0.2,5,target:43:combined_l12_r08_m02:5:2019186895,0.23335155844688416,0.90185546875,0.06990697979927063
43,sum,combined_l12_r08_m02,combined,12.0,0.8,0.2,5,target:43:combined_l12_r08_m02:5:2019186895,0.2523312270641327,0.90234375,0.07502694427967072
43,pna,combined_l12_r08_m02,combined,12.0,0.8,0.2,5,target:43:combined_l12_r08_m02:5:2019186895,0.4293249249458313,0.8779296875,0.10011258721351624
43,mean,combined_l12_r08_m02,combined,12.0,0.8,0.2,6,target:43:combined_l12_r08_m02:6:68182765,0.356637179851532,0.896484375,0.08207724988460541
43,mean_degree,combined_l12_r08_m02,combined,12.0,0.8,0.2,6,target:43:combined_l12_r08_m02:6:68182765,0.21729306876659393,0.909912109375,0.06563802063465118
43,sum,combined_l12_r08_m02,combined,12.0,0.8,0.2,6,target:43:combined_l12_r08_m02:6:68182765,0.27052852511405945,0.8896484375,0.08180049061775208
43,pna,combined_l12_r08_m02,combined,12.0,0.8,0.2,6,target:43:combined_l12_r08_m02:6:68182765,0.3442217707633972,0.896240234375,0.08428503572940826
43,mean,combined_l12_r08_m02,combined,12.0,0.8,0.2,7,target:43:combined_l12_r08_m02:7:944358970,0.2966174781322479,0.907958984375,0.07286781072616577
43,mean_degree,combined_l12_r08_m02,combined,12.0,0.8,0.2,7,target:43:combined_l12_r08_m02:7:944358970,0.20577962696552277,0.91455078125,0.06248869746923447
43,sum,combined_l12_r08_m02,combined,12.0,0.8,0.2,7,target:43:combined_l12_r08_m02:7:944358970,0.23911231756210327,0.905029296875,0.07072647660970688
43,pna,combined_l12_r08_m02,combined,12.0,0.8,0.2,7,target:43:combined_l12_r08_m02:7:944358970,0.3319685161113739,0.890625,0.0851648598909378
43,mean,combined_l12_r08_m05,combined,12.0,0.8,0.5,0,target:43:combined_l12_r08_m05:0:1409486421,0.01898750104010105,0.993408203125,0.004995893687009811
43,mean_degree,combined_l12_r08_m05,combined,12.0,0.8,0.5,0,target:43:combined_l12_r08_m05:0:1409486421,0.016072116792201996,0.9951171875,0.004199615679681301
43,sum,combined_l12_r08_m05,combined,12.0,0.8,0.5,0,target:43:combined_l12_r08_m05:0:1409486421,0.049892522394657135,0.987548828125,0.011603599414229393
43,pna,combined_l12_r08_m05,combined,12.0,0.8,0.5,0,target:43:combined_l12_r08_m05:0:1409486421,0.022711917757987976,0.99169921875,0.0061111608520150185
43,mean,combined_l12_r08_m05,combined,12.0,0.8,0.5,1,target:43:combined_l12_r08_m05:1:583406721,0.03212282434105873,0.99365234375,0.005337469279766083
43,mean_degree,combined_l12_r08_m05,combined,12.0,0.8,0.5,1,target:43:combined_l12_r08_m05:1:583406721,0.01875535026192665,0.994140625,0.004711202345788479
43,sum,combined_l12_r08_m05,combined,12.0,0.8,0.5,1,target:43:combined_l12_r08_m05:1:583406721,0.04164630174636841,0.989013671875,0.009619936347007751
43,pna,combined_l12_r08_m05,combined,12.0,0.8,0.5,1,target:43:combined_l12_r08_m05:1:583406721,0.03573526814579964,0.992919921875,0.006028533913195133
43,mean,combined_l12_r08_m05,combined,12.0,0.8,0.5,2,target:43:combined_l12_r08_m05:2:1725024711,0.024708321318030357,0.994140625,0.004674877505749464
43,mean_degree,combined_l12_r08_m05,combined,12.0,0.8,0.5,2,target:43:combined_l12_r08_m05:2:1725024711,0.01898852363228798,0.992919921875,0.0050897663459181786
43,sum,combined_l12_r08_m05,combined,12.0,0.8,0.5,2,target:43:combined_l12_r08_m05:2:1725024711,0.049551449716091156,0.986572265625,0.0120389424264431
43,pna,combined_l12_r08_m05,combined,12.0,0.8,0.5,2,target:43:combined_l12_r08_m05:2:1725024711,0.03097100742161274,0.9921875,0.006626424379646778
43,mean,combined_l12_r08_m05,combined,12.0,0.8,0.5,3,target:43:combined_l12_r08_m05:3:995113917,0.02530786022543907,0.992919921875,0.005290820728987455
43,mean_degree,combined_l12_r08_m05,combined,12.0,0.8,0.5,3,target:43:combined_l12_r08_m05:3:995113917,0.016421377658843994,0.993408203125,0.004618901293724775
43,sum,combined_l12_r08_m05,combined,12.0,0.8,0.5,3,target:43:combined_l12_r08_m05:3:995113917,0.03772926330566406,0.988525390625,0.008747016079723835
43,pna,combined_l12_r08_m05,combined,12.0,0.8,0.5,3,target:43:combined_l12_r08_m05:3:995113917,0.03679008036851883,0.989990234375,0.008195659145712852
43,mean,combined_l12_r08_m05,combined,12.0,0.8,0.5,4,target:43:combined_l12_r08_m05:4:1631298762,0.02075994201004505,0.9951171875,0.003982187248766422
43,mean_degree,combined_l12_r08_m05,combined,12.0,0.8,0.5,4,target:43:combined_l12_r08_m05:4:1631298762,0.017206616699695587,0.994873046875,0.004373685922473669
43,sum,combined_l12_r08_m05,combined,12.0,0.8,0.5,4,target:43:combined_l12_r08_m05:4:1631298762,0.04089205339550972,0.991455078125,0.008830266073346138
43,pna,combined_l12_r08_m05,combined,12.0,0.8,0.5,4,target:43:combined_l12_r08_m05:4:1631298762,0.029272235929965973,0.990478515625,0.007212518714368343
43,mean,combined_l12_r08_m05,combined,12.0,0.8,0.5,5,target:43:combined_l12_r08_m05:5:982846216,0.016597170382738113,0.9951171875,0.0036975389812141657
43,mean_degree,combined_l12_r08_m05,combined,12.0,0.8,0.5,5,target:43:combined_l12_r08_m05:5:982846216,0.013255458325147629,0.995361328125,0.0034345160238444805
43,sum,combined_l12_r08_m05,combined,12.0,0.8,0.5,5,target:43:combined_l12_r08_m05:5:982846216,0.03911830484867096,0.990478515625,0.008459227159619331
43,pna,combined_l12_r08_m05,combined,12.0,0.8,0.5,5,target:43:combined_l12_r08_m05:5:982846216,0.02294500172138214,0.99267578125,0.005934021435678005
43,mean,combined_l12_r08_m05,combined,12.0,0.8,0.5,6,target:43:combined_l12_r08_m05:6:1848648865,0.027736198157072067,0.9931640625,0.005953819956630468
43,mean_degree,combined_l12_r08_m05,combined,12.0,0.8,0.5,6,target:43:combined_l12_r08_m05:6:1848648865,0.02193072810769081,0.9921875,0.005729882977902889
43,sum,combined_l12_r08_m05,combined,12.0,0.8,0.5,6,target:43:combined_l12_r08_m05:6:1848648865,0.05835384130477905,0.984130859375,0.013820183463394642
43,pna,combined_l12_r08_m05,combined,12.0,0.8,0.5,6,target:43:combined_l12_r08_m05:6:1848648865,0.03939007222652435,0.989013671875,0.008916179649531841
43,mean,combined_l12_r08_m05,combined,12.0,0.8,0.5,7,target:43:combined_l12_r08_m05:7:171811441,0.02172785811126232,0.9931640625,0.005613043438643217
43,mean_degree,combined_l12_r08_m05,combined,12.0,0.8,0.5,7,target:43:combined_l12_r08_m05:7:171811441,0.018734220415353775,0.993896484375,0.0051973252557218075
43,sum,combined_l12_r08_m05,combined,12.0,0.8,0.5,7,target:43:combined_l12_r08_m05:7:171811441,0.03987490385770798,0.99072265625,0.008918194100260735
43,pna,combined_l12_r08_m05,combined,12.0,0.8,0.5,7,target:43:combined_l12_r08_m05:7:171811441,0.03190458193421364,0.99169921875,0.007110772654414177
43,mean,combined_l48_r03_m02,combined,48.0,0.3,0.2,0,target:43:combined_l48_r03_m02:0:1564510644,0.5566442012786865,0.725830078125,0.1853000819683075
43,mean_degree,combined_l48_r03_m02,combined,48.0,0.3,0.2,0,target:43:combined_l48_r03_m02:0:1564510644,2.436574935913086,0.51025390625,0.45438188314437866
43,sum,combined_l48_r03_m02,combined,48.0,0.3,0.2,0,target:43:combined_l48_r03_m02:0:1564510644,1.2607758045196533,0.771728515625,0.20087051391601562
43,pna,combined_l48_r03_m02,combined,48.0,0.3,0.2,0,target:43:combined_l48_r03_m02:0:1564510644,0.5263881683349609,0.74169921875,0.17517483234405518
43,mean,combined_l48_r03_m02,combined,48.0,0.3,0.2,1,target:43:combined_l48_r03_m02:1:784846559,0.6756138205528259,0.67333984375,0.22375836968421936
43,mean_degree,combined_l48_r03_m02,combined,48.0,0.3,0.2,1,target:43:combined_l48_r03_m02:1:784846559,2.77372145652771,0.5078125,0.4668182134628296
43,sum,combined_l48_r03_m02,combined,48.0,0.3,0.2,1,target:43:combined_l48_r03_m02:1:784846559,1.7136483192443848,0.7255859375,0.24872803688049316
43,pna,combined_l48_r03_m02,combined,48.0,0.3,0.2,1,target:43:combined_l48_r03_m02:1:784846559,0.5745721459388733,0.723876953125,0.18938276171684265
43,mean,combined_l48_r03_m02,combined,48.0,0.3,0.2,2,target:43:combined_l48_r03_m02:2:1125736963,0.7922618389129639,0.636474609375,0.2593168616294861
43,mean_degree,combined_l48_r03_m02,combined,48.0,0.3,0.2,2,target:43:combined_l48_r03_m02:2:1125736963,3.2416305541992188,0.501220703125,0.48647111654281616
43,sum,combined_l48_r03_m02,combined,48.0,0.3,0.2,2,target:43:combined_l48_r03_m02:2:1125736963,2.237022638320923,0.6650390625,0.3047216534614563
43,pna,combined_l48_r03_m02,combined,48.0,0.3,0.2,2,target:43:combined_l48_r03_m02:2:1125736963,0.6610687971115112,0.67919921875,0.21983492374420166
43,mean,combined_l48_r03_m02,combined,48.0,0.3,0.2,3,target:43:combined_l48_r03_m02:3:1188243154,0.5469976663589478,0.733154296875,0.17979972064495087
43,mean_degree,combined_l48_r03_m02,combined,48.0,0.3,0.2,3,target:43:combined_l48_r03_m02:3:1188243154,1.0899903774261475,0.63330078125,0.29317933320999146
43,sum,combined_l48_r03_m02,combined,48.0,0.3,0.2,3,target:43:combined_l48_r03_m02:3:1188243154,1.6355416774749756,0.735595703125,0.23490673303604126
43,pna,combined_l48_r03_m02,combined,48.0,0.3,0.2,3,target:43:combined_l48_r03_m02:3:1188243154,0.5902478098869324,0.716796875,0.193882554769516
43,mean,combined_l48_r03_m02,combined,48.0,0.3,0.2,4,target:43:combined_l48_r03_m02:4:1222190460,0.4908308684825897,0.76904296875,0.16104817390441895
43,mean_degree,combined_l48_r03_m02,combined,48.0,0.3,0.2,4,target:43:combined_l48_r03_m02:4:1222190460,1.4046590328216553,0.57470703125,0.35377833247184753
43,sum,combined_l48_r03_m02,combined,48.0,0.3,0.2,4,target:43:combined_l48_r03_m02:4:1222190460,1.1129958629608154,0.78173828125,0.18907077610492706
43,pna,combined_l48_r03_m02,combined,48.0,0.3,0.2,4,target:43:combined_l48_r03_m02:4:1222190460,0.5350357294082642,0.748291015625,0.17500600218772888
43,mean,combined_l48_r03_m02,combined,48.0,0.3,0.2,5,target:43:combined_l48_r03_m02:5:742537904,0.5860824584960938,0.71728515625,0.1936718076467514
43,mean_degree,combined_l48_r03_m02,combined,48.0,0.3,0.2,5,target:43:combined_l48_r03_m02:5:742537904,1.2899677753448486,0.597900390625,0.32780492305755615
43,sum,combined_l48_r03_m02,combined,48.0,0.3,0.2,5,target:43:combined_l48_r03_m02:5:742537904,1.4694888591766357,0.737548828125,0.23214899003505707
43,pna,combined_l48_r03_m02,combined,48.0,0.3,0.2,5,target:43:combined_l48_r03_m02:5:742537904,0.6443545818328857,0.690185546875,0.21300485730171204
43,mean,combined_l48_r03_m02,combined,48.0,0.3,0.2,6,target:43:combined_l48_r03_m02:6:1942036263,0.6329008340835571,0.695068359375,0.20998570322990417
43,mean_degree,combined_l48_r03_m02,combined,48.0,0.3,0.2,6,target:43:combined_l48_r03_m02:6:1942036263,2.7884652614593506,0.50634765625,0.4684982895851135
43,sum,combined_l48_r03_m02,combined,48.0,0.3,0.2,6,target:43:combined_l48_r03_m02:6:1942036263,1.5519620180130005,0.745361328125,0.2261456400156021
43,pna,combined_l48_r03_m02,combined,48.0,0.3,0.2,6,target:43:combined_l48_r03_m02:6:1942036263,0.6156519651412964,0.702392578125,0.20398816466331482
43,mean,combined_l48_r03_m02,combined,48.0,0.3,0.2,7,target:43:combined_l48_r03_m02:7:264091123,0.5723208785057068,0.722412109375,0.188575878739357
43,mean_degree,combined_l48_r03_m02,combined,48.0,0.3,0.2,7,target:43:combined_l48_r03_m02:7:264091123,1.2032238245010376,0.599365234375,0.3193703889846802
43,sum,combined_l48_r03_m02,combined,48.0,0.3,0.2,7,target:43:combined_l48_r03_m02:7:264091123,1.6714141368865967,0.728515625,0.24062824249267578
43,pna,combined_l48_r03_m02,combined,48.0,0.3,0.2,7,target:43:combined_l48_r03_m02:7:264091123,0.6429960131645203,0.694091796875,0.2107074111700058
43,mean,combined_l48_r03_m05,combined,48.0,0.3,0.5,0,target:43:combined_l48_r03_m05:0:1115816523,0.23346586525440216,0.900390625,0.0705845057964325
43,mean_degree,combined_l48_r03_m05,combined,48.0,0.3,0.5,0,target:43:combined_l48_r03_m05:0:1115816523,0.968355655670166,0.70458984375,0.23496174812316895
43,sum,combined_l48_r03_m05,combined,48.0,0.3,0.5,0,target:43:combined_l48_r03_m05:0:1115816523,0.25672686100006104,0.944091796875,0.047322679311037064
43,pna,combined_l48_r03_m05,combined,48.0,0.3,0.5,0,target:43:combined_l48_r03_m05:0:1115816523,0.27583152055740356,0.885009765625,0.08447456359863281
43,mean,combined_l48_r03_m05,combined,48.0,0.3,0.5,1,target:43:combined_l48_r03_m05:1:157225617,0.2663209140300751,0.89013671875,0.08165313303470612
43,mean_degree,combined_l48_r03_m05,combined,48.0,0.3,0.5,1,target:43:combined_l48_r03_m05:1:157225617,0.5578307509422302,0.798583984375,0.15422365069389343
43,sum,combined_l48_r03_m05,combined,48.0,0.3,0.5,1,target:43:combined_l48_r03_m05:1:157225617,0.3556274175643921,0.9267578125,0.06117495521903038
43,pna,combined_l48_r03_m05,combined,48.0,0.3,0.5,1,target:43:combined_l48_r03_m05:1:157225617,0.30582165718078613,0.864990234375,0.09467800706624985
43,mean,combined_l48_r03_m05,combined,48.0,0.3,0.5,2,target:43:combined_l48_r03_m05:2:671023286,0.24148714542388916,0.905029296875,0.07186643779277802
43,mean_degree,combined_l48_r03_m05,combined,48.0,0.3,0.5,2,target:43:combined_l48_r03_m05:2:671023286,1.0981817245483398,0.68408203125,0.26110756397247314
43,sum,combined_l48_r03_m05,combined,48.0,0.3,0.5,2,target:43:combined_l48_r03_m05:2:671023286,0.30488020181655884,0.93798828125,0.052555348724126816
43,pna,combined_l48_r03_m05,combined,48.0,0.3,0.5,2,target:43:combined_l48_r03_m05:2:671023286,0.24879270792007446,0.8994140625,0.0741364061832428
43,mean,combined_l48_r03_m05,combined,48.0,0.3,0.5,3,target:43:combined_l48_r03_m05:3:377283466,0.22290505468845367,0.91455078125,0.06565330922603607
43,mean_degree,combined_l48_r03_m05,combined,48.0,0.3,0.5,3,target:43:combined_l48_r03_m05:3:377283466,0.6196781396865845,0.789794921875,0.16616982221603394
43,sum,combined_l48_r03_m05,combined,48.0,0.3,0.5,3,target:43:combined_l48_r03_m05:3:377283466,0.3081236481666565,0.93212890625,0.055504992604255676
43,pna,combined_l48_r03_m05,combined,48.0,0.3,0.5,3,target:43:combined_l48_r03_m05:3:377283466,0.2754767835140228,0.888916015625,0.0838945060968399
43,mean,combined_l48_r03_m05,combined,48.0,0.3,0.5,4,target:43:combined_l48_r03_m05:4:2001561071,0.22634735703468323,0.90283203125,0.06786253303289413
43,mean_degree,combined_l48_r03_m05,combined,48.0,0.3,0.5,4,target:43:combined_l48_r03_m05:4:2001561071,0.8313906788825989,0.740966796875,0.20622946321964264
43,sum,combined_l48_r03_m05,combined,48.0,0.3,0.5,4,target:43:combined_l48_r03_m05:4:2001561071,0.3039422631263733,0.934814453125,0.05373570695519447
43,pna,combined_l48_r03_m05,combined,48.0,0.3,0.5,4,target:43:combined_l48_r03_m05:4:2001561071,0.2516876459121704,0.89599609375,0.07609863579273224
43,mean,combined_l48_r03_m05,combined,48.0,0.3,0.5,5,target:43:combined_l48_r03_m05:5:2106808712,0.21122583746910095,0.9189453125,0.061996325850486755
43,mean_degree,combined_l48_r03_m05,combined,48.0,0.3,0.5,5,target:43:combined_l48_r03_m05:5:2106808712,0.7833609580993652,0.747314453125,0.20140095055103302
43,sum,combined_l48_r03_m05,combined,48.0,0.3,0.5,5,target:43:combined_l48_r03_m05:5:2106808712,0.24244214594364166,0.9462890625,0.0457085445523262
43,pna,combined_l48_r03_m05,combined,48.0,0.3,0.5,5,target:43:combined_l48_r03_m05:5:2106808712,0.24347035586833954,0.8994140625,0.0733158141374588
43,mean,combined_l48_r03_m05,combined,48.0,0.3,0.5,6,target:43:combined_l48_r03_m05:6:619923677,0.3225730359554291,0.862548828125,0.09983547031879425
43,mean_degree,combined_l48_r03_m05,combined,48.0,0.3,0.5,6,target:43:combined_l48_r03_m05:6:619923677,0.37981826066970825,0.859375,0.10790713876485825
43,sum,combined_l48_r03_m05,combined,48.0,0.3,0.5,6,target:43:combined_l48_r03_m05:6:619923677,0.6058157086372375,0.89697265625,0.09030640125274658
43,pna,combined_l48_r03_m05,combined,48.0,0.3,0.5,6,target:43:combined_l48_r03_m05:6:619923677,0.37705767154693604,0.8349609375,0.11738605797290802
43,mean,combined_l48_r03_m05,combined,48.0,0.3,0.5,7,target:43:combined_l48_r03_m05:7:1830957123,0.33902138471603394,0.84716796875,0.10640548169612885
43,mean_degree,combined_l48_r03_m05,combined,48.0,0.3,0.5,7,target:43:combined_l48_r03_m05:7:1830957123,1.6434264183044434,0.6044921875,0.34104031324386597
43,sum,combined_l48_r03_m05,combined,48.0,0.3,0.5,7,target:43:combined_l48_r03_m05:7:1830957123,0.5526030659675598,0.892822265625,0.09117849171161652
43,pna,combined_l48_r03_m05,combined,48.0,0.3,0.5,7,target:43:combined_l48_r03_m05:7:1830957123,0.3483714461326599,0.843505859375,0.10948733985424042
43,mean,combined_l48_r08_m02,combined,48.0,0.8,0.2,0,target:43:combined_l48_r08_m02:0:33418225,0.002125630620867014,1.0,9.902821329887956e-05
43,mean_degree,combined_l48_r08_m02,combined,48.0,0.8,0.2,0,target:43:combined_l48_r08_m02:0:33418225,0.0006710146553814411,0.999755859375,0.00010536876652622595
43,sum,combined_l48_r08_m02,combined,48.0,0.8,0.2,0,target:43:combined_l48_r08_m02:0:33418225,1.4682063920190558e-06,1.0,2.1495443203178866e-09
43,pna,combined_l48_r08_m02,combined,48.0,0.8,0.2,0,target:43:combined_l48_r08_m02:0:33418225,0.005441076122224331,0.999755859375,0.00040171161526814103
43,mean,combined_l48_r08_m02,combined,48.0,0.8,0.2,1,target:43:combined_l48_r08_m02:1:100963672,0.007290620822459459,0.999755859375,0.0005186065100133419
43,mean_degree,combined_l48_r08_m02,combined,48.0,0.8,0.2,1,target:43:combined_l48_r08_m02:1:100963672,0.05183679610490799,0.981201171875,0.014344142749905586
43,sum,combined_l48_r08_m02,combined,48.0,0.8,0.2,1,target:43:combined_l48_r08_m02:1:100963672,0.0013729482889175415,0.999755859375,0.0002432535693515092
43,pna,combined_l48_r08_m02,combined,48.0,0.8,0.2,1,target:43:combined_l48_r08_m02:1:100963672,0.009973227977752686,1.0,0.0007228082977235317
43,mean,combined_l48_r08_m02,combined,48.0,0.8,0.2,2,target:43:combined_l48_r08_m02:2:639069150,0.001741310115903616,1.0,8.577745029469952e-05
43,mean_degree,combined_l48_r08_m02,combined,48.0,0.8,0.2,2,target:43:combined_l48_r08_m02:2:639069150,0.000267213472397998,1.0,7.0435507950605825e-06
43,sum,combined_l48_r08_m02,combined,48.0,0.8,0.2,2,target:43:combined_l48_r08_m02:2:639069150,4.0144797708308033e-07,1.0,2.0874897643796686e-10
43,pna,combined_l48_r08_m02,combined,48.0,0.8,0.2,2,target:43:combined_l48_r08_m02:2:639069150,0.004674908705055714,0.99951171875,0.000360288453521207
43,mean,combined_l48_r08_m02,combined,48.0,0.8,0.2,3,target:43:combined_l48_r08_m02:3:466603119,0.0014377346960827708,1.0,8.132385846693069e-05
43,mean_degree,combined_l48_r08_m02,combined,48.0,0.8,0.2,3,target:43:combined_l48_r08_m02:3:466603119,0.003528767032548785,0.99951171875,0.0006025576149113476
43,sum,combined_l48_r08_m02,combined,48.0,0.8,0.2,3,target:43:combined_l48_r08_m02:3:466603119,1.1114697144876118e-06,1.0,1.683423067611045e-09
43,pna,combined_l48_r08_m02,combined,48.0,0.8,0.2,3,target:43:combined_l48_r08_m02:3:466603119,0.0036434573121368885,0.999755859375,0.00022449360403697938
43,mean,combined_l48_r08_m02,combined,48.0,0.8,0.2,4,target:43:combined_l48_r08_m02:4:66476245,0.0039172605611383915,1.0,0.00022106064716354012
43,mean_degree,combined_l48_r08_m02,combined,48.0,0.8,0.2,4,target:43:combined_l48_r08_m02:4:66476245,0.03330611065030098,0.988525390625,0.008650077506899834
43,sum,combined_l48_r08_m02,combined,48.0,0.8,0.2,4,target:43:combined_l48_r08_m02:4:66476245,1.4604067928303266e-06,1.0,2.95112356774041e-09
43,pna,combined_l48_r08_m02,combined,48.0,0.8,0.2,4,target:43:combined_l48_r08_m02:4:66476245,0.004476689733564854,0.999755859375,0.0002961100544780493
43,mean,combined_l48_r08_m02,combined,48.0,0.8,0.2,5,target:43:combined_l48_r08_m02:5:777983914,0.002703004516661167,1.0,0.00013010056864004582
43,mean_degree,combined_l48_r08_m02,combined,48.0,0.8,0.2,5,target:43:combined_l48_r08_m02:5:777983914,0.015016724355518818,0.996826171875,0.003324682591482997
43,sum,combined_l48_r08_m02,combined,48.0,0.8,0.2,5,target:43:combined_l48_r08_m02:5:777983914,1.4486896361631807e-05,1.0,7.994416364454082e-07
43,pna,combined_l48_r08_m02,combined,48.0,0.8,0.2,5,target:43:combined_l48_r08_m02:5:777983914,0.0037290381733328104,1.0,0.00021120160818099976
43,mean,combined_l48_r08_m02,combined,48.0,0.8,0.2,6,target:43:combined_l48_r08_m02:6:786963617,0.002720070770010352,1.0,7.109866419341415e-05
43,mean_degree,combined_l48_r08_m02,combined,48.0,0.8,0.2,6,target:43:combined_l48_r08_m02:6:786963617,0.014363110065460205,0.99658203125,0.0031055640429258347
43,sum,combined_l48_r08_m02,combined,48.0,0.8,0.2,6,target:43:combined_l48_r08_m02:6:786963617,6.1634227677132e-07,1.0,1.098184654324541e-09
43,pna,combined_l48_r08_m02,combined,48.0,0.8,0.2,6,target:43:combined_l48_r08_m02:6:786963617,0.0044774627313017845,1.0,0.0001793506380636245
43,mean,combined_l48_r08_m02,combined,48.0,0.8,0.2,7,target:43:combined_l48_r08_m02:7:1843376508,0.0015793612692505121,1.0,3.876780829159543e-05
43,mean_degree,combined_l48_r08_m02,combined,48.0,0.8,0.2,7,target:43:combined_l48_r08_m02:7:1843376508,0.012165133841335773,0.99658203125,0.002846714574843645
43,sum,combined_l48_r08_m02,combined,48.0,0.8,0.2,7,target:43:combined_l48_r08_m02:7:1843376508,0.0005349129787646234,0.999755859375,0.0001917436602525413
43,pna,combined_l48_r08_m02,combined,48.0,0.8,0.2,7,target:43:combined_l48_r08_m02:7:1843376508,0.002490116748958826,1.0,5.646501085720956e-05
43,mean,combined_l48_r08_m05,combined,48.0,0.8,0.5,0,target:43:combined_l48_r08_m05:0:1815458899,1.6670613831593073e-06,1.0,9.853491356182076e-10
43,mean_degree,combined_l48_r08_m05,combined,48.0,0.8,0.5,0,target:43:combined_l48_r08_m05:0:1815458899,1.8463121023160056e-06,1.0,2.620459627067362e-09
43,sum,combined_l48_r08_m05,combined,48.0,0.8,0.5,0,target:43:combined_l48_r08_m05:0:1815458899,2.6749276079741924e-13,1.0,4.4592499421298405e-33
43,pna,combined_l48_r08_m05,combined,48.0,0.8,0.5,0,target:43:combined_l48_r08_m05:0:1815458899,1.0425712389405817e-05,1.0,4.467925140971829e-09
43,mean,combined_l48_r08_m05,combined,48.0,0.8,0.5,1,target:43:combined_l48_r08_m05:1:1224299508,1.0938797458948102e-06,1.0,4.197422964757891e-10
43,mean_degree,combined_l48_r08_m05,combined,48.0,0.8,0.5,1,target:43:combined_l48_r08_m05:1:1224299508,1.2628617263032993e-08,1.0,1.844062554566539e-13
43,sum,combined_l48_r08_m05,combined,48.0,0.8,0.5,1,target:43:combined_l48_r08_m05:1:1224299508,1.556542594027685e-19,1.0,2.7890330027560123e-22
43,pna,combined_l48_r08_m05,combined,48.0,0.8,0.5,1,target:43:combined_l48_r08_m05:1:1224299508,2.2582771634915844e-05,1.0,5.8728442553501736e-08
43,mean,combined_l48_r08_m05,combined,48.0,0.8,0.5,2,target:43:combined_l48_r08_m05:2:1866459951,8.710829888514127e-07,1.0,1.6771883881716576e-10
43,mean_degree,combined_l48_r08_m05,combined,48.0,0.8,0.5,2,target:43:combined_l48_r08_m05:2:1866459951,4.052024937806209e-09,1.0,6.665134549420533e-15
43,sum,combined_l48_r08_m05,combined,48.0,0.8,0.5,2,target:43:combined_l48_r08_m05:2:1866459951,2.232521440695467e-19,1.0,1.0829963742600373e-29
43,pna,combined_l48_r08_m05,combined,48.0,0.8,0.5,2,target:43:combined_l48_r08_m05:2:1866459951,1.604227327334229e-05,1.0,6.422693488161713e-09
43,mean,combined_l48_r08_m05,combined,48.0,0.8,0.5,3,target:43:combined_l48_r08_m05:3:1188740035,2.7980118488812877e-07,1.0,1.2036779559188027e-11
43,mean_degree,combined_l48_r08_m05,combined,48.0,0.8,0.5,3,target:43:combined_l48_r08_m05:3:1188740035,1.1332593885526876e-07,1.0,1.494175963512312e-11
43,sum,combined_l48_r08_m05,combined,48.0,0.8,0.5,3,target:43:combined_l48_r08_m05:3:1188740035,1.3015709437834552e-15,1.0,2.0205419582018693e-32
43,pna,combined_l48_r08_m05,combined,48.0,0.8,0.5,3,target:43:combined_l48_r08_m05:3:1188740035,6.936709723959211e-06,1.0,1.4432741668457538e-09
43,mean,combined_l48_r08_m05,combined,48.0,0.8,0.5,4,target:43:combined_l48_r08_m05:4:801467705,1.245521616510814e-06,1.0,2.0261223809825424e-09
43,mean_degree,combined_l48_r08_m05,combined,48.0,0.8,0.5,4,target:43:combined_l48_r08_m05:4:801467705,4.4279541810965384e-08,1.0,1.4529442102576007e-12
43,sum,combined_l48_r08_m05,combined,48.0,0.8,0.5,4,target:43:combined_l48_r08_m05:4:801467705,2.3283178163246987e-10,1.0,5.757951966166912e-17
43,pna,combined_l48_r08_m05,combined,48.0,0.8,0.5,4,target:43:combined_l48_r08_m05:4:801467705,1.6743328160373494e-05,1.0,7.977373428502688e-08
43,mean,combined_l48_r08_m05,combined,48.0,0.8,0.5,5,target:43:combined_l48_r08_m05:5:777435160,1.4307970559457317e-06,1.0,2.8586011335818284e-09
43,mean_degree,combined_l48_r08_m05,combined,48.0,0.8,0.5,5,target:43:combined_l48_r08_m05:5:777435160,1.2359170113995788e-06,1.0,5.949733150600878e-09
43,sum,combined_l48_r08_m05,combined,48.0,0.8,0.5,5,target:43:combined_l48_r08_m05:5:777435160,3.0751558255121686e-14,1.0,1.1326728151786685e-27
43,pna,combined_l48_r08_m05,combined,48.0,0.8,0.5,5,target:43:combined_l48_r08_m05:5:777435160,1.22145520435879e-05,1.0,2.617535699300788e-08
43,mean,combined_l48_r08_m05,combined,48.0,0.8,0.5,6,target:43:combined_l48_r08_m05:6:78260129,4.6113459006846824e-07,1.0,1.2501540080922524e-10
43,mean_degree,combined_l48_r08_m05,combined,48.0,0.8,0.5,6,target:43:combined_l48_r08_m05:6:78260129,3.4416194694131264e-07,1.0,2.2184207248976406e-10
43,sum,combined_l48_r08_m05,combined,48.0,0.8,0.5,6,target:43:combined_l48_r08_m05:6:78260129,2.140203441783361e-15,1.0,1.0347428906940934e-31
43,pna,combined_l48_r08_m05,combined,48.0,0.8,0.5,6,target:43:combined_l48_r08_m05:6:78260129,9.092861546378117e-06,1.0,6.672730368251223e-09
43,mean,combined_l48_r08_m05,combined,48.0,0.8,0.5,7,target:43:combined_l48_r08_m05:7:1335142588,4.442943009053124e-07,1.0,1.1708078950789513e-11
43,mean_degree,combined_l48_r08_m05,combined,48.0,0.8,0.5,7,target:43:combined_l48_r08_m05:7:1335142588,3.4725708530913835e-08,1.0,4.765875194490121e-13
43,sum,combined_l48_r08_m05,combined,48.0,0.8,0.5,7,target:43:combined_l48_r08_m05:7:1335142588,7.924489529931511e-17,1.0,7.793634993482271e-34
43,pna,combined_l48_r08_m05,combined,48.0,0.8,0.5,7,target:43:combined_l48_r08_m05:7:1335142588,8.529423212166876e-06,1.0,1.1181982007002489e-09
71,mean,source,source,24.0,0.6,0.35,0,target:71:source:0:1817582251,0.04661888629198074,0.983642578125,0.013015452772378922
71,mean_degree,source,source,24.0,0.6,0.35,0,target:71:source:0:1817582251,0.044679149985313416,0.98291015625,0.012777133844792843
71,sum,source,source,24.0,0.6,0.35,0,target:71:source:0:1817582251,0.04887721687555313,0.980224609375,0.01435378659516573
71,pna,source,source,24.0,0.6,0.35,0,target:71:source:0:1817582251,0.0591321624815464,0.97900390625,0.01628749445080757
71,mean,source,source,24.0,0.6,0.35,1,target:71:source:1:1892066366,0.05845944583415985,0.977294921875,0.016733698546886444
71,mean_degree,source,source,24.0,0.6,0.35,1,target:71:source:1:1892066366,0.058022286742925644,0.97705078125,0.016914360225200653
71,sum,source,source,24.0,0.6,0.35,1,target:71:source:1:1892066366,0.06222912669181824,0.974853515625,0.01816452108323574
71,pna,source,source,24.0,0.6,0.35,1,target:71:source:1:1892066366,0.08174453675746918,0.96875,0.024035342037677765
71,mean,source,source,24.0,0.6,0.35,2,target:71:source:2:908280757,0.03946969285607338,0.98779296875,0.010611042380332947
71,mean_degree,source,source,24.0,0.6,0.35,2,target:71:source:2:908280757,0.03706976771354675,0.987060546875,0.01037791557610035
71,sum,source,source,24.0,0.6,0.35,2,target:71:source:2:908280757,0.04953168332576752,0.98193359375,0.014116021804511547
71,pna,source,source,24.0,0.6,0.35,2,target:71:source:2:908280757,0.05085001513361931,0.981689453125,0.013933992013335228
71,mean,source,source,24.0,0.6,0.35,3,target:71:source:3:1517511654,0.033525269478559494,0.9873046875,0.009454688057303429
71,mean_degree,source,source,24.0,0.6,0.35,3,target:71:source:3:1517511654,0.033571671694517136,0.98681640625,0.009775886312127113
71,sum,source,source,24.0,0.6,0.35,3,target:71:source:3:1517511654,0.038601040840148926,0.983154296875,0.01153799518942833
71,pna,source,source,24.0,0.6,0.35,3,target:71:source:3:1517511654,0.0610119104385376,0.975830078125,0.017589202150702477
71,mean,source,source,24.0,0.6,0.35,4,target:71:source:4:677001799,0.03630705177783966,0.984130859375,0.010658866725862026
71,mean_degree,source,source,24.0,0.6,0.35,4,target:71:source:4:677001799,0.03473016992211342,0.98486328125,0.010294281877577305
71,sum,source,source,24.0,0.6,0.35,4,target:71:source:4:677001799,0.03823487088084221,0.986328125,0.011158479377627373
71,pna,source,source,24.0,0.6,0.35,4,target:71:source:4:677001799,0.04854196310043335,0.980712890625,0.013861398212611675
71,mean,source,source,24.0,0.6,0.35,5,target:71:source:5:111833753,0.0431436151266098,0.983642578125,0.012107542715966702
71,mean_degree,source,source,24.0,0.6,0.35,5,target:71:source:5:111833753,0.040768101811409,0.984619140625,0.011501656845211983
71,sum,source,source,24.0,0.6,0.35,5,target:71:source:5:111833753,0.04727572202682495,0.980712890625,0.013717349618673325
71,pna,source,source,24.0,0.6,0.35,5,target:71:source:5:111833753,0.05467977374792099,0.97998046875,0.015199992805719376
71,mean,source,source,24.0,0.6,0.35,6,target:71:source:6:1303838645,0.0921812430024147,0.967529296875,0.02560211718082428
71,mean_degree,source,source,24.0,0.6,0.35,6,target:71:source:6:1303838645,0.09379737824201584,0.96533203125,0.02627941220998764
71,sum,source,source,24.0,0.6,0.35,6,target:71:source:6:1303838645,0.09840422868728638,0.965576171875,0.026351317763328552
71,pna,source,source,24.0,0.6,0.35,6,target:71:source:6:1303838645,0.12091473489999771,0.954345703125,0.03556375205516815
71,mean,source,source,24.0,0.6,0.35,7,target:71:source:7:640188918,0.054744161665439606,0.978271484375,0.01607753336429596
71,mean_degree,source,source,24.0,0.6,0.35,7,target:71:source:7:640188918,0.05548430606722832,0.97705078125,0.01646568439900875
71,sum,source,source,24.0,0.6,0.35,7,target:71:source:7:640188918,0.0610668919980526,0.9755859375,0.01795971766114235
71,pna,source,source,24.0,0.6,0.35,7,target:71:source:7:640188918,0.07664060592651367,0.9677734375,0.022832658141851425
71,mean,lambda_low,degree,12.0,0.6,0.35,0,target:71:lambda_low:0:1674146031,0.404675155878067,0.89990234375,0.0831807404756546
71,mean_degree,lambda_low,degree,12.0,0.6,0.35,0,target:71:lambda_low:0:1674146031,0.2506944239139557,0.906005859375,0.07283321022987366
71,sum,lambda_low,degree,12.0,0.6,0.35,0,target:71:lambda_low:0:1674146031,0.2743719220161438,0.88720703125,0.0842980220913887
71,pna,lambda_low,degree,12.0,0.6,0.35,0,target:71:lambda_low:0:1674146031,0.3594655990600586,0.89208984375,0.08668048679828644
71,mean,lambda_low,degree,12.0,0.6,0.35,1,target:71:lambda_low:1:19078692,0.433289110660553,0.893310546875,0.08852551877498627
71,mean_degree,lambda_low,degree,12.0,0.6,0.35,1,target:71:lambda_low:1:19078692,0.2553213834762573,0.898193359375,0.07413700222969055
71,sum,lambda_low,degree,12.0,0.6,0.35,1,target:71:lambda_low:1:19078692,0.2704770565032959,0.888427734375,0.08243386447429657
71,pna,lambda_low,degree,12.0,0.6,0.35,1,target:71:lambda_low:1:19078692,0.3819413185119629,0.88818359375,0.0894581526517868
71,mean,lambda_low,degree,12.0,0.6,0.35,2,target:71:lambda_low:2:1118413293,0.4385521411895752,0.8896484375,0.09159331023693085
71,mean_degree,lambda_low,degree,12.0,0.6,0.35,2,target:71:lambda_low:2:1118413293,0.2707481384277344,0.89501953125,0.07878575474023819
71,sum,lambda_low,degree,12.0,0.6,0.35,2,target:71:lambda_low:2:1118413293,0.2974349558353424,0.876953125,0.09136225283145905
71,pna,lambda_low,degree,12.0,0.6,0.35,2,target:71:lambda_low:2:1118413293,0.42352598905563354,0.87841796875,0.0960831493139267
71,mean,lambda_low,degree,12.0,0.6,0.35,3,target:71:lambda_low:3:216605802,0.4905693829059601,0.88818359375,0.09311284124851227
71,mean_degree,lambda_low,degree,12.0,0.6,0.35,3,target:71:lambda_low:3:216605802,0.2649626135826111,0.899658203125,0.07517069578170776
71,sum,lambda_low,degree,12.0,0.6,0.35,3,target:71:lambda_low:3:216605802,0.2757960259914398,0.88232421875,0.08444008976221085
71,pna,lambda_low,degree,12.0,0.6,0.35,3,target:71:lambda_low:3:216605802,0.40721604228019714,0.888671875,0.09161686152219772
71,mean,lambda_low,degree,12.0,0.6,0.35,4,target:71:lambda_low:4:671826423,0.46003690361976624,0.88916015625,0.09183430671691895
71,mean_degree,lambda_low,degree,12.0,0.6,0.35,4,target:71:lambda_low:4:671826423,0.2687150239944458,0.8984375,0.07759208232164383
71,sum,lambda_low,degree,12.0,0.6,0.35,4,target:71:lambda_low:4:671826423,0.2838863134384155,0.876708984375,0.08759567141532898
71,pna,lambda_low,degree,12.0,0.6,0.35,4,target:71:lambda_low:4:671826423,0.42141517996788025,0.880615234375,0.09554369747638702
71,mean,lambda_low,degree,12.0,0.6,0.35,5,target:71:lambda_low:5:1407487217,0.40946945548057556,0.891845703125,0.08831807971000671
71,mean_degree,lambda_low,degree,12.0,0.6,0.35,5,target:71:lambda_low:5:1407487217,0.2531646192073822,0.8984375,0.07528799772262573
71,sum,lambda_low,degree,12.0,0.6,0.35,5,target:71:lambda_low:5:1407487217,0.28671038150787354,0.880859375,0.08805660903453827
71,pna,lambda_low,degree,12.0,0.6,0.35,5,target:71:lambda_low:5:1407487217,0.3793177604675293,0.8828125,0.09149610251188278
71,mean,lambda_low,degree,12.0,0.6,0.35,6,target:71:lambda_low:6:1038822756,0.45799776911735535,0.888916015625,0.09149903059005737
71,mean_degree,lambda_low,degree,12.0,0.6,0.35,6,target:71:lambda_low:6:1038822756,0.255119651556015,0.90185546875,0.07334443926811218
71,sum,lambda_low,degree,12.0,0.6,0.35,6,target:71:lambda_low:6:1038822756,0.2702258825302124,0.884033203125,0.08314288407564163
71,pna,lambda_low,degree,12.0,0.6,0.35,6,target:71:lambda_low:6:1038822756,0.3801293969154358,0.8876953125,0.08896603435277939
71,mean,lambda_low,degree,12.0,0.6,0.35,7,target:71:lambda_low:7:487388202,0.4385577142238617,0.891357421875,0.09058700501918793
71,mean_degree,lambda_low,degree,12.0,0.6,0.35,7,target:71:lambda_low:7:487388202,0.25813478231430054,0.8994140625,0.07588604837656021
71,sum,lambda_low,degree,12.0,0.6,0.35,7,target:71:lambda_low:7:487388202,0.2842215299606323,0.878662109375,0.08825847506523132
71,pna,lambda_low,degree,12.0,0.6,0.35,7,target:71:lambda_low:7:487388202,0.3809239864349365,0.885009765625,0.09153462946414948
71,mean,lambda_high,degree,48.0,0.6,0.35,0,target:71:lambda_high:0:200443846,0.016864877194166183,0.99560546875,0.003419476095587015
71,mean_degree,lambda_high,degree,48.0,0.6,0.35,0,target:71:lambda_high:0:200443846,0.31695783138275146,0.8798828125,0.09092558920383453
71,sum,lambda_high,degree,48.0,0.6,0.35,0,target:71:lambda_high:0:200443846,0.018301595002412796,0.99658203125,0.0031128674745559692
71,pna,lambda_high,degree,48.0,0.6,0.35,0,target:71:lambda_high:0:200443846,0.03820011392235756,0.98974609375,0.009136272594332695
71,mean,lambda_high,degree,48.0,0.6,0.35,1,target:71:lambda_high:1:312777548,0.002826906740665436,0.999267578125,0.0004990524030290544
71,mean_degree,lambda_high,degree,48.0,0.6,0.35,1,target:71:lambda_high:1:312777548,0.012192615307867527,0.99658203125,0.00312163308262825
71,sum,lambda_high,degree,48.0,0.6,0.35,1,target:71:lambda_high:1:312777548,0.0021765294950455427,0.99951171875,0.00046514172572642565
71,pna,lambda_high,degree,48.0,0.6,0.35,1,target:71:lambda_high:1:312777548,0.005504921078681946,1.0,0.0005712290294468403
71,mean,lambda_high,degree,48.0,0.6,0.35,2,target:71:lambda_high:2:1396717314,0.004255874082446098,0.999755859375,0.0005241776816546917
71,mean_degree,lambda_high,degree,48.0,0.6,0.35,2,target:71:lambda_high:2:1396717314,0.04084932059049606,0.98193359375,0.012295903638005257
71,sum,lambda_high,degree,48.0,0.6,0.35,2,target:71:lambda_high:2:1396717314,0.00010637479135766625,1.0,2.3288488591788337e-05
71,pna,lambda_high,degree,48.0,0.6,0.35,2,target:71:lambda_high:2:1396717314,0.011493118479847908,0.998779296875,0.0018499726429581642
71,mean,lambda_high,degree,48.0,0.6,0.35,3,target:71:lambda_high:3:820659643,0.004709483124315739,0.999755859375,0.0004699372802861035
71,mean_degree,lambda_high,degree,48.0,0.6,0.35,3,target:71:lambda_high:3:820659643,0.07748658955097198,0.96826171875,0.022969983518123627
71,sum,lambda_high,degree,48.0,0.6,0.35,3,target:71:lambda_high:3:820659643,0.002159722149372101,0.99951171875,0.0004274689417798072
71,pna,lambda_high,degree,48.0,0.6,0.35,3,target:71:lambda_high:3:820659643,0.01952435076236725,0.99560546875,0.00402850704267621
71,mean,lambda_high,degree,48.0,0.6,0.35,4,target:71:lambda_high:4:454566148,0.006171246990561485,0.99951171875,0.0009751340840011835
71,mean_degree,lambda_high,degree,48.0,0.6,0.35,4,target:71:lambda_high:4:454566148,0.0032893626485019922,0.99951171875,0.0007179155945777893
71,sum,lambda_high,degree,48.0,0.6,0.35,4,target:71:lambda_high:4:454566148,0.004062788560986519,0.99853515625,0.0010845419019460678
71,pna,lambda_high,degree,48.0,0.6,0.35,4,target:71:lambda_high:4:454566148,0.005089812446385622,0.99951171875,0.0004305796173866838
71,mean,lambda_high,degree,48.0,0.6,0.35,5,target:71:lambda_high:5:1159419131,0.007143139839172363,0.998779296875,0.0010228152386844158
71,mean_degree,lambda_high,degree,48.0,0.6,0.35,5,target:71:lambda_high:5:1159419131,0.14797554910182953,0.943603515625,0.043134793639183044
71,sum,lambda_high,degree,48.0,0.6,0.35,5,target:71:lambda_high:5:1159419131,0.0012938673608005047,0.99951171875,0.00041129032615572214
71,pna,lambda_high,degree,48.0,0.6,0.35,5,target:71:lambda_high:5:1159419131,0.020746763795614243,0.995849609375,0.004225695971399546
71,mean,lambda_high,degree,48.0,0.6,0.35,6,target:71:lambda_high:6:331566561,0.0036707306280732155,0.99951171875,0.0003495727141853422
71,mean_degree,lambda_high,degree,48.0,0.6,0.35,6,target:71:lambda_high:6:331566561,0.04473347216844559,0.985107421875,0.011857908219099045
71,sum,lambda_high,degree,48.0,0.6,0.35,6,target:71:lambda_high:6:331566561,0.001137146377004683,0.999755859375,0.0002428100851830095
71,pna,lambda_high,degree,48.0,0.6,0.35,6,target:71:lambda_high:6:331566561,0.015049491077661514,0.996826171875,0.0027256417088210583
71,mean,lambda_high,degree,48.0,0.6,0.35,7,target:71:lambda_high:7:1682108812,0.006970129907131195,0.99853515625,0.0010589910671114922
71,mean_degree,lambda_high,degree,48.0,0.6,0.35,7,target:71:lambda_high:7:1682108812,0.014886254444718361,0.99365234375,0.004255114588886499
71,sum,lambda_high,degree,48.0,0.6,0.35,7,target:71:lambda_high:7:1682108812,0.0053385584615170956,0.9990234375,0.0009761105757206678
71,pna,lambda_high,degree,48.0,0.6,0.35,7,target:71:lambda_high:7:1682108812,0.008880827575922012,0.99951171875,0.0009639667114242911
71,mean,rho_low,homophily,24.0,0.3,0.35,0,target:71:rho_low:0:1497559057,0.5494304299354553,0.787841796875,0.15730080008506775
71,mean_degree,rho_low,homophily,24.0,0.3,0.35,0,target:71:rho_low:0:1497559057,0.546303391456604,0.791015625,0.1576140820980072
71,sum,rho_low,homophily,24.0,0.3,0.35,0,target:71:rho_low:0:1497559057,0.5990585088729858,0.79248046875,0.15924271941184998
71,pna,rho_low,homophily,24.0,0.3,0.35,0,target:71:rho_low:0:1497559057,0.5441985726356506,0.77783203125,0.16454075276851654
71,mean,rho_low,homophily,24.0,0.3,0.35,1,target:71:rho_low:1:1915265313,0.5711104869842529,0.783203125,0.16288292407989502
71,mean_degree,rho_low,homophily,24.0,0.3,0.35,1,target:71:rho_low:1:1915265313,0.5549848079681396,0.787109375,0.15993326902389526
71,sum,rho_low,homophily,24.0,0.3,0.35,1,target:71:rho_low:1:1915265313,0.6479840874671936,0.78271484375,0.16981998085975647
71,pna,rho_low,homophily,24.0,0.3,0.35,1,target:71:rho_low:1:1915265313,0.5456638336181641,0.77685546875,0.16288265585899353
71,mean,rho_low,homophily,24.0,0.3,0.35,2,target:71:rho_low:2:2015592705,0.5351415872573853,0.78515625,0.15710395574569702
71,mean_degree,rho_low,homophily,24.0,0.3,0.35,2,target:71:rho_low:2:2015592705,0.5178369879722595,0.79345703125,0.15262988209724426
71,sum,rho_low,homophily,24.0,0.3,0.35,2,target:71:rho_low:2:2015592705,0.6267623901367188,0.7802734375,0.1701655387878418
71,pna,rho_low,homophily,24.0,0.3,0.35,2,target:71:rho_low:2:2015592705,0.5322675704956055,0.78173828125,0.16193887591362
71,mean,rho_low,homophily,24.0,0.3,0.35,3,target:71:rho_low:3:925017244,0.6057099103927612,0.7666015625,0.1748916506767273
71,mean_degree,rho_low,homophily,24.0,0.3,0.35,3,target:71:rho_low:3:925017244,0.5987229943275452,0.768798828125,0.1738857924938202
71,sum,rho_low,homophily,24.0,0.3,0.35,3,target:71:rho_low:3:925017244,0.6449655294418335,0.775390625,0.17698335647583008
71,pna,rho_low,homophily,24.0,0.3,0.35,3,target:71:rho_low:3:925017244,0.5858249664306641,0.760986328125,0.17777785658836365
71,mean,rho_low,homophily,24.0,0.3,0.35,4,target:71:rho_low:4:1016704775,0.6092650890350342,0.76416015625,0.17556379735469818
71,mean_degree,rho_low,homophily,24.0,0.3,0.35,4,target:71:rho_low:4:1016704775,0.6158597469329834,0.765380859375,0.17617648839950562
71,sum,rho_low,homophily,24.0,0.3,0.35,4,target:71:rho_low:4:1016704775,0.6853223443031311,0.772705078125,0.17730915546417236
71,pna,rho_low,homophily,24.0,0.3,0.35,4,target:71:rho_low:4:1016704775,0.5673763751983643,0.764892578125,0.17371779680252075
71,mean,rho_low,homophily,24.0,0.3,0.35,5,target:71:rho_low:5:1771835443,0.526320219039917,0.79833984375,0.149800643324852
71,mean_degree,rho_low,homophily,24.0,0.3,0.35,5,target:71:rho_low:5:1771835443,0.5176081657409668,0.802001953125,0.148172989487648
71,sum,rho_low,homophily,24.0,0.3,0.35,5,target:71:rho_low:5:1771835443,0.6290632486343384,0.79345703125,0.16172689199447632
71,pna,rho_low,homophily,24.0,0.3,0.35,5,target:71:rho_low:5:1771835443,0.5121697187423706,0.793212890625,0.15243151783943176
71,mean,rho_low,homophily,24.0,0.3,0.35,6,target:71:rho_low:6:1162728756,0.5709797143936157,0.778076171875,0.16566258668899536
71,mean_degree,rho_low,homophily,24.0,0.3,0.35,6,target:71:rho_low:6:1162728756,0.5738150477409363,0.7783203125,0.16674554347991943
71,sum,rho_low,homophily,24.0,0.3,0.35,6,target:71:rho_low:6:1162728756,0.6480550169944763,0.775146484375,0.17483367025852203
71,pna,rho_low,homophily,24.0,0.3,0.35,6,target:71:rho_low:6:1162728756,0.5568500757217407,0.767822265625,0.17105385661125183
71,mean,rho_low,homophily,24.0,0.3,0.35,7,target:71:rho_low:7:479052458,0.613926887512207,0.7734375,0.17252680659294128
71,mean_degree,rho_low,homophily,24.0,0.3,0.35,7,target:71:rho_low:7:479052458,0.6001824140548706,0.77685546875,0.17023682594299316
71,sum,rho_low,homophily,24.0,0.3,0.35,7,target:71:rho_low:7:479052458,0.686565637588501,0.776123046875,0.17806772887706757
71,pna,rho_low,homophily,24.0,0.3,0.35,7,target:71:rho_low:7:479052458,0.5794093608856201,0.76123046875,0.1729142963886261
71,mean,rho_high,homophily,24.0,0.8,0.35,0,target:71:rho_high:0:528487869,0.0006332665798254311,0.999755859375,0.00014237407594919205
71,mean_degree,rho_high,homophily,24.0,0.8,0.35,0,target:71:rho_high:0:528487869,0.0005813724128529429,0.999755859375,0.0001151944525190629
71,sum,rho_high,homophily,24.0,0.8,0.35,0,target:71:rho_high:0:528487869,0.0007284667808562517,0.999755859375,0.0001246949686901644
71,pna,rho_high,homophily,24.0,0.8,0.35,0,target:71:rho_high:0:528487869,0.0021992120891809464,0.99951171875,0.00028545421082526445
71,mean,rho_high,homophily,24.0,0.8,0.35,1,target:71:rho_high:1:657378945,0.0020451045129448175,0.99951171875,0.0004887558170594275
71,mean_degree,rho_high,homophily,24.0,0.8,0.35,1,target:71:rho_high:1:657378945,0.0017175230896100402,0.99951171875,0.0004676027747336775
71,sum,rho_high,homophily,24.0,0.8,0.35,1,target:71:rho_high:1:657378945,0.001353554893285036,0.999755859375,0.00035139068495482206
71,pna,rho_high,homophily,24.0,0.8,0.35,1,target:71:rho_high:1:657378945,0.0025837544817477465,0.99951171875,0.0004758299037348479
71,mean,rho_high,homophily,24.0,0.8,0.35,2,target:71:rho_high:2:145549592,0.0011455637868493795,0.999755859375,0.0002510005724616349
71,mean_degree,rho_high,homophily,24.0,0.8,0.35,2,target:71:rho_high:2:145549592,0.001221182057633996,0.999755859375,0.00026544800493866205
71,sum,rho_high,homophily,24.0,0.8,0.35,2,target:71:rho_high:2:145549592,0.0013801772147417068,0.999755859375,0.0002993984380736947
71,pna,rho_high,homophily,24.0,0.8,0.35,2,target:71:rho_high:2:145549592,0.0036305824760347605,0.999267578125,0.0007891347631812096
71,mean,rho_high,homophily,24.0,0.8,0.35,3,target:71:rho_high:3:773863905,0.0008781096548773348,0.99951171875,0.0002590958902146667
71,mean_degree,rho_high,homophily,24.0,0.8,0.35,3,target:71:rho_high:3:773863905,0.0007988542784005404,0.99951171875,0.0002257800952065736
71,sum,rho_high,homophily,24.0,0.8,0.35,3,target:71:rho_high:3:773863905,0.0008473112829960883,0.999755859375,0.00018319470109418035
71,pna,rho_high,homophily,24.0,0.8,0.35,3,target:71:rho_high:3:773863905,0.002138162963092327,0.99951171875,0.000449279323220253
71,mean,rho_high,homophily,24.0,0.8,0.35,4,target:71:rho_high:4:1337085733,0.0009875274263322353,0.999755859375,0.00018571560212876648
71,mean_degree,rho_high,homophily,24.0,0.8,0.35,4,target:71:rho_high:4:1337085733,0.0009565600194036961,0.999755859375,0.00016846865764819086
71,sum,rho_high,homophily,24.0,0.8,0.35,4,target:71:rho_high:4:1337085733,0.0009116794099099934,1.0,0.0001150556854554452
71,pna,rho_high,homophily,24.0,0.8,0.35,4,target:71:rho_high:4:1337085733,0.003172393888235092,0.999267578125,0.000568211660720408
71,mean,rho_high,homophily,24.0,0.8,0.35,5,target:71:rho_high:5:753368112,0.0010479929624125361,0.999755859375,0.00028086124802939594
71,mean_degree,rho_high,homophily,24.0,0.8,0.35,5,target:71:rho_high:5:753368112,0.0009057566057890654,0.999755859375,0.000228975506615825
71,sum,rho_high,homophily,24.0,0.8,0.35,5,target:71:rho_high:5:753368112,0.000958736171014607,0.99951171875,0.0002111853682436049
71,pna,rho_high,homophily,24.0,0.8,0.35,5,target:71:rho_high:5:753368112,0.002850338350981474,0.999267578125,0.0006275728228501976
71,mean,rho_high,homophily,24.0,0.8,0.35,6,target:71:rho_high:6:2043403559,0.0005703402566723526,0.999755859375,0.000129283158457838
71,mean_degree,rho_high,homophily,24.0,0.8,0.35,6,target:71:rho_high:6:2043403559,0.0006726137944497168,0.999755859375,0.00016546022379770875
71,sum,rho_high,homophily,24.0,0.8,0.35,6,target:71:rho_high:6:2043403559,0.0008785909740254283,0.999755859375,0.00021309423027560115
71,pna,rho_high,homophily,24.0,0.8,0.35,6,target:71:rho_high:6:2043403559,0.0025372719392180443,0.9990234375,0.0006283663678914309
71,mean,rho_high,homophily,24.0,0.8,0.35,7,target:71:rho_high:7:178138769,0.00045342984958551824,0.999755859375,9.710976155474782e-05
71,mean_degree,rho_high,homophily,24.0,0.8,0.35,7,target:71:rho_high:7:178138769,0.0005529843037948012,0.999755859375,0.0001146013819379732
71,sum,rho_high,homophily,24.0,0.8,0.35,7,target:71:rho_high:7:178138769,0.0007423682254739106,0.999755859375,0.00015687427367083728
71,pna,rho_high,homophily,24.0,0.8,0.35,7,target:71:rho_high:7:178138769,0.0018511991947889328,0.99951171875,0.00034676340874284506
71,mean,mu_low,feature_signal,24.0,0.6,0.2,0,target:71:mu_low:0:305536002,0.17434482276439667,0.9345703125,0.04961854964494705
71,mean_degree,mu_low,feature_signal,24.0,0.6,0.2,0,target:71:mu_low:0:305536002,0.16954371333122253,0.935546875,0.04892617091536522
71,sum,mu_low,feature_signal,24.0,0.6,0.2,0,target:71:mu_low:0:305536002,0.1909542679786682,0.92919921875,0.05392478406429291
71,pna,mu_low,feature_signal,24.0,0.6,0.2,0,target:71:mu_low:0:305536002,0.21252071857452393,0.9150390625,0.0623813197016716
71,mean,mu_low,feature_signal,24.0,0.6,0.2,1,target:71:mu_low:1:2103328119,0.14072374999523163,0.94287109375,0.04166543483734131
71,mean_degree,mu_low,feature_signal,24.0,0.6,0.2,1,target:71:mu_low:1:2103328119,0.13780780136585236,0.944580078125,0.040940988808870316
71,sum,mu_low,feature_signal,24.0,0.6,0.2,1,target:71:mu_low:1:2103328119,0.15458226203918457,0.9404296875,0.04510066658258438
71,pna,mu_low,feature_signal,24.0,0.6,0.2,1,target:71:mu_low:1:2103328119,0.17888596653938293,0.924560546875,0.0536578930914402
71,mean,mu_low,feature_signal,24.0,0.6,0.2,2,target:71:mu_low:2:1368974530,0.16413405537605286,0.9345703125,0.0487016998231411
71,mean_degree,mu_low,feature_signal,24.0,0.6,0.2,2,target:71:mu_low:2:1368974530,0.15776334702968597,0.937255859375,0.04683714359998703
71,sum,mu_low,feature_signal,24.0,0.6,0.2,2,target:71:mu_low:2:1368974530,0.1825069785118103,0.929443359375,0.053286533802747726
71,pna,mu_low,feature_signal,24.0,0.6,0.2,2,target:71:mu_low:2:1368974530,0.1895768642425537,0.924072265625,0.05627395212650299
71,mean,mu_low,feature_signal,24.0,0.6,0.2,3,target:71:mu_low:3:457288995,0.17613625526428223,0.932373046875,0.05007156357169151
71,mean_degree,mu_low,feature_signal,24.0,0.6,0.2,3,target:71:mu_low:3:457288995,0.1720522940158844,0.934814453125,0.04939841479063034
71,sum,mu_low,feature_signal,24.0,0.6,0.2,3,target:71:mu_low:3:457288995,0.18207696080207825,0.928955078125,0.05226989835500717
71,pna,mu_low,feature_signal,24.0,0.6,0.2,3,target:71:mu_low:3:457288995,0.20497146248817444,0.919189453125,0.060160573571920395
71,mean,mu_low,feature_signal,24.0,0.6,0.2,4,target:71:mu_low:4:1031019869,0.1313576102256775,0.9521484375,0.03723127394914627
71,mean_degree,mu_low,feature_signal,24.0,0.6,0.2,4,target:71:mu_low:4:1031019869,0.12671421468257904,0.953125,0.03630334138870239
71,sum,mu_low,feature_signal,24.0,0.6,0.2,4,target:71:mu_low:4:1031019869,0.1357213854789734,0.94970703125,0.03892664611339569
71,pna,mu_low,feature_signal,24.0,0.6,0.2,4,target:71:mu_low:4:1031019869,0.17013704776763916,0.935546875,0.05002559348940849
71,mean,mu_low,feature_signal,24.0,0.6,0.2,5,target:71:mu_low:5:423646405,0.15374118089675903,0.939453125,0.04433765634894371
71,mean_degree,mu_low,feature_signal,24.0,0.6,0.2,5,target:71:mu_low:5:423646405,0.15100827813148499,0.94091796875,0.04380635544657707
71,sum,mu_low,feature_signal,24.0,0.6,0.2,5,target:71:mu_low:5:423646405,0.16540265083312988,0.934326171875,0.048214782029390335
71,pna,mu_low,feature_signal,24.0,0.6,0.2,5,target:71:mu_low:5:423646405,0.18652978539466858,0.926025390625,0.05512332543730736
71,mean,mu_low,feature_signal,24.0,0.6,0.2,6,target:71:mu_low:6:839981041,0.1282801330089569,0.94873046875,0.03747914731502533
71,mean_degree,mu_low,feature_signal,24.0,0.6,0.2,6,target:71:mu_low:6:839981041,0.12193663418292999,0.950927734375,0.03609991818666458
71,sum,mu_low,feature_signal,24.0,0.6,0.2,6,target:71:mu_low:6:839981041,0.13846084475517273,0.93994140625,0.041370939463377
71,pna,mu_low,feature_signal,24.0,0.6,0.2,6,target:71:mu_low:6:839981041,0.15715491771697998,0.940673828125,0.044712163507938385
71,mean,mu_low,feature_signal,24.0,0.6,0.2,7,target:71:mu_low:7:570402273,0.1344374120235443,0.944580078125,0.03989842161536217
71,mean_degree,mu_low,feature_signal,24.0,0.6,0.2,7,target:71:mu_low:7:570402273,0.13256783783435822,0.947021484375,0.03947537764906883
71,sum,mu_low,feature_signal,24.0,0.6,0.2,7,target:71:mu_low:7:570402273,0.14033694565296173,0.943115234375,0.042230792343616486
71,pna,mu_low,feature_signal,24.0,0.6,0.2,7,target:71:mu_low:7:570402273,0.17828485369682312,0.9326171875,0.051775120198726654
71,mean,mu_high,feature_signal,24.0,0.6,0.5,0,target:71:mu_high:0:90721067,0.01804409921169281,0.994140625,0.004782555624842644
71,mean_degree,mu_high,feature_signal,24.0,0.6,0.5,0,target:71:mu_high:0:90721067,0.018032751977443695,0.994140625,0.005009354557842016
71,sum,mu_high,feature_signal,24.0,0.6,0.5,0,target:71:mu_high:0:90721067,0.02081654779613018,0.992919921875,0.005524347070604563
71,pna,mu_high,feature_signal,24.0,0.6,0.5,0,target:71:mu_high:0:90721067,0.02844935469329357,0.990234375,0.00793148297816515
71,mean,mu_high,feature_signal,24.0,0.6,0.5,1,target:71:mu_high:1:1576329034,0.011597732082009315,0.995849609375,0.0030502895824611187
71,mean_degree,mu_high,feature_signal,24.0,0.6,0.5,1,target:71:mu_high:1:1576329034,0.010683704167604446,0.99609375,0.0029563712887465954
71,sum,mu_high,feature_signal,24.0,0.6,0.5,1,target:71:mu_high:1:1576329034,0.012971294112503529,0.995361328125,0.003649849211797118
71,pna,mu_high,feature_signal,24.0,0.6,0.5,1,target:71:mu_high:1:1576329034,0.01807480677962303,0.99267578125,0.00511664105579257
71,mean,mu_high,feature_signal,24.0,0.6,0.5,2,target:71:mu_high:2:307912089,0.01354825496673584,0.9951171875,0.003709983080625534
71,mean_degree,mu_high,feature_signal,24.0,0.6,0.5,2,target:71:mu_high:2:307912089,0.013456175103783607,0.995361328125,0.00370414974167943
71,sum,mu_high,feature_signal,24.0,0.6,0.5,2,target:71:mu_high:2:307912089,0.017400067299604416,0.993408203125,0.004877867177128792
71,pna,mu_high,feature_signal,24.0,0.6,0.5,2,target:71:mu_high:2:307912089,0.021152744069695473,0.991943359375,0.005794235039502382
71,mean,mu_high,feature_signal,24.0,0.6,0.5,3,target:71:mu_high:3:783588385,0.02074488252401352,0.994384765625,0.004591905511915684
71,mean_degree,mu_high,feature_signal,24.0,0.6,0.5,3,target:71:mu_high:3:783588385,0.020808059722185135,0.99462890625,0.004969683475792408
71,sum,mu_high,feature_signal,24.0,0.6,0.5,3,target:71:mu_high:3:783588385,0.022116847336292267,0.992919921875,0.005686630494892597
71,pna,mu_high,feature_signal,24.0,0.6,0.5,3,target:71:mu_high:3:783588385,0.029216229915618896,0.98876953125,0.007950459606945515
71,mean,mu_high,feature_signal,24.0,0.6,0.5,4,target:71:mu_high:4:2115655666,0.03278076648712158,0.98828125,0.00881932582706213
71,mean_degree,mu_high,feature_signal,24.0,0.6,0.5,4,target:71:mu_high:4:2115655666,0.03320874646306038,0.9873046875,0.009250226430594921
71,sum,mu_high,feature_signal,24.0,0.6,0.5,4,target:71:mu_high:4:2115655666,0.03682142496109009,0.9853515625,0.01026912685483694
71,pna,mu_high,feature_signal,24.0,0.6,0.5,4,target:71:mu_high:4:2115655666,0.056958746165037155,0.979248046875,0.0164762195199728
71,mean,mu_high,feature_signal,24.0,0.6,0.5,5,target:71:mu_high:5:745323295,0.011816194280982018,0.995849609375,0.0029818546026945114
71,mean_degree,mu_high,feature_signal,24.0,0.6,0.5,5,target:71:mu_high:5:745323295,0.00990245584398508,0.99609375,0.0027394515927881002
71,sum,mu_high,feature_signal,24.0,0.6,0.5,5,target:71:mu_high:5:745323295,0.010419627651572227,0.995849609375,0.0030752443708479404
71,pna,mu_high,feature_signal,24.0,0.6,0.5,5,target:71:mu_high:5:745323295,0.017260905355215073,0.994140625,0.00458295363932848
71,mean,mu_high,feature_signal,24.0,0.6,0.5,6,target:71:mu_high:6:1589019557,0.02056761085987091,0.992431640625,0.005605505313724279
71,mean_degree,mu_high,feature_signal,24.0,0.6,0.5,6,target:71:mu_high:6:1589019557,0.019775116816163063,0.9921875,0.00533459335565567
71,sum,mu_high,feature_signal,24.0,0.6,0.5,6,target:71:mu_high:6:1589019557,0.021572327241301537,0.99169921875,0.005980122368782759
71,pna,mu_high,feature_signal,24.0,0.6,0.5,6,target:71:mu_high:6:1589019557,0.029333196580410004,0.98779296875,0.00855584442615509
71,mean,mu_high,feature_signal,24.0,0.6,0.5,7,target:71:mu_high:7:12905131,0.009105822071433067,0.99658203125,0.0025851097889244556
71,mean_degree,mu_high,feature_signal,24.0,0.6,0.5,7,target:71:mu_high:7:12905131,0.00970897451043129,0.9970703125,0.0027251243591308594
71,sum,mu_high,feature_signal,24.0,0.6,0.5,7,target:71:mu_high:7:12905131,0.013006439432501793,0.9951171875,0.003705502487719059
71,pna,mu_high,feature_signal,24.0,0.6,0.5,7,target:71:mu_high:7:12905131,0.0172011349350214,0.992919921875,0.004866371396929026
71,mean,combined_l12_r03_m02,combined,12.0,0.3,0.2,0,target:71:combined_l12_r03_m02:0:765641786,1.7617130279541016,0.627197265625,0.31857699155807495
71,mean_degree,combined_l12_r03_m02,combined,12.0,0.3,0.2,0,target:71:combined_l12_r03_m02:0:765641786,1.0126574039459229,0.627197265625,0.2814982533454895
71,sum,combined_l12_r03_m02,combined,12.0,0.3,0.2,0,target:71:combined_l12_r03_m02:0:765641786,0.8101567029953003,0.598876953125,0.2711147964000702
71,pna,combined_l12_r03_m02,combined,12.0,0.3,0.2,0,target:71:combined_l12_r03_m02:0:765641786,1.4356379508972168,0.6259765625,0.3082769513130188
71,mean,combined_l12_r03_m02,combined,12.0,0.3,0.2,1,target:71:combined_l12_r03_m02:1:2071418956,1.751810908317566,0.631591796875,0.31899887323379517
71,mean_degree,combined_l12_r03_m02,combined,12.0,0.3,0.2,1,target:71:combined_l12_r03_m02:1:2071418956,1.0107386112213135,0.6298828125,0.2825969457626343
71,sum,combined_l12_r03_m02,combined,12.0,0.3,0.2,1,target:71:combined_l12_r03_m02:1:2071418956,0.8009982109069824,0.600341796875,0.26962512731552124
71,pna,combined_l12_r03_m02,combined,12.0,0.3,0.2,1,target:71:combined_l12_r03_m02:1:2071418956,1.5610204935073853,0.62060546875,0.31882113218307495
71,mean,combined_l12_r03_m02,combined,12.0,0.3,0.2,2,target:71:combined_l12_r03_m02:2:298854669,1.952883005142212,0.61181640625,0.3370104432106018
71,mean_degree,combined_l12_r03_m02,combined,12.0,0.3,0.2,2,target:71:combined_l12_r03_m02:2:298854669,1.0919641256332397,0.610107421875,0.29931652545928955
71,sum,combined_l12_r03_m02,combined,12.0,0.3,0.2,2,target:71:combined_l12_r03_m02:2:298854669,0.8312236070632935,0.582275390625,0.28066492080688477
71,pna,combined_l12_r03_m02,combined,12.0,0.3,0.2,2,target:71:combined_l12_r03_m02:2:298854669,1.5310336351394653,0.6083984375,0.3284069895744324
71,mean,combined_l12_r03_m02,combined,12.0,0.3,0.2,3,target:71:combined_l12_r03_m02:3:805547952,1.8401658535003662,0.60791015625,0.3377140760421753
71,mean_degree,combined_l12_r03_m02,combined,12.0,0.3,0.2,3,target:71:combined_l12_r03_m02:3:805547952,1.0322602987289429,0.607177734375,0.29544806480407715
71,sum,combined_l12_r03_m02,combined,12.0,0.3,0.2,3,target:71:combined_l12_r03_m02:3:805547952,0.8090521097183228,0.58642578125,0.2757875919342041
71,pna,combined_l12_r03_m02,combined,12.0,0.3,0.2,3,target:71:combined_l12_r03_m02:3:805547952,1.44637131690979,0.614501953125,0.32157719135284424
71,mean,combined_l12_r03_m02,combined,12.0,0.3,0.2,4,target:71:combined_l12_r03_m02:4:385407253,1.795880913734436,0.615478515625,0.32766467332839966
71,mean_degree,combined_l12_r03_m02,combined,12.0,0.3,0.2,4,target:71:combined_l12_r03_m02:4:385407253,1.006986379623413,0.623291015625,0.28507736325263977
71,sum,combined_l12_r03_m02,combined,12.0,0.3,0.2,4,target:71:combined_l12_r03_m02:4:385407253,0.8174735307693481,0.599365234375,0.2760480046272278
71,pna,combined_l12_r03_m02,combined,12.0,0.3,0.2,4,target:71:combined_l12_r03_m02:4:385407253,1.5594686269760132,0.615234375,0.322162389755249
71,mean,combined_l12_r03_m02,combined,12.0,0.3,0.2,5,target:71:combined_l12_r03_m02:5:1974618783,1.8447315692901611,0.627685546875,0.3210507333278656
71,mean_degree,combined_l12_r03_m02,combined,12.0,0.3,0.2,5,target:71:combined_l12_r03_m02:5:1974618783,1.0271409749984741,0.63671875,0.28123968839645386
71,sum,combined_l12_r03_m02,combined,12.0,0.3,0.2,5,target:71:combined_l12_r03_m02:5:1974618783,0.8118913173675537,0.6103515625,0.26955610513687134
71,pna,combined_l12_r03_m02,combined,12.0,0.3,0.2,5,target:71:combined_l12_r03_m02:5:1974618783,1.3964011669158936,0.630859375,0.31067371368408203
71,mean,combined_l12_r03_m02,combined,12.0,0.3,0.2,6,target:71:combined_l12_r03_m02:6:91839441,1.8399887084960938,0.607421875,0.3376884460449219
71,mean_degree,combined_l12_r03_m02,combined,12.0,0.3,0.2,6,target:71:combined_l12_r03_m02:6:91839441,1.0702062845230103,0.612548828125,0.29717788100242615
71,sum,combined_l12_r03_m02,combined,12.0,0.3,0.2,6,target:71:combined_l12_r03_m02:6:91839441,0.8447269797325134,0.579345703125,0.2832041382789612
71,pna,combined_l12_r03_m02,combined,12.0,0.3,0.2,6,target:71:combined_l12_r03_m02:6:91839441,1.5993881225585938,0.607666015625,0.33202725648880005
71,mean,combined_l12_r03_m02,combined,12.0,0.3,0.2,7,target:71:combined_l12_r03_m02:7:1862410449,1.7219452857971191,0.646728515625,0.3089081048965454
71,mean_degree,combined_l12_r03_m02,combined,12.0,0.3,0.2,7,target:71:combined_l12_r03_m02:7:1862410449,0.9610963463783264,0.6455078125,0.2701747417449951
71,sum,combined_l12_r03_m02,combined,12.0,0.3,0.2,7,target:71:combined_l12_r03_m02:7:1862410449,0.7794957160949707,0.614013671875,0.2621879577636719
71,pna,combined_l12_r03_m02,combined,12.0,0.3,0.2,7,target:71:combined_l12_r03_m02:7:1862410449,1.3310437202453613,0.640625,0.29887300729751587
71,mean,combined_l12_r03_m05,combined,12.0,0.3,0.5,0,target:71:combined_l12_r03_m05:0:467434834,1.3014649152755737,0.731689453125,0.23063141107559204
71,mean_degree,combined_l12_r03_m05,combined,12.0,0.3,0.5,0,target:71:combined_l12_r03_m05:0:467434834,0.7511935830116272,0.734375,0.2057221680879593
71,sum,combined_l12_r03_m05,combined,12.0,0.3,0.5,0,target:71:combined_l12_r03_m05:0:467434834,0.6869065761566162,0.667724609375,0.22702893614768982
71,pna,combined_l12_r03_m05,combined,12.0,0.3,0.5,0,target:71:combined_l12_r03_m05:0:467434834,1.018829107284546,0.7314453125,0.2226186990737915
71,mean,combined_l12_r03_m05,combined,12.0,0.3,0.5,1,target:71:combined_l12_r03_m05:1:514908190,1.2199759483337402,0.7431640625,0.21972079575061798
71,mean_degree,combined_l12_r03_m05,combined,12.0,0.3,0.5,1,target:71:combined_l12_r03_m05:1:514908190,0.7107452750205994,0.74267578125,0.19695982336997986
71,sum,combined_l12_r03_m05,combined,12.0,0.3,0.5,1,target:71:combined_l12_r03_m05:1:514908190,0.6551740169525146,0.69140625,0.21533048152923584
71,pna,combined_l12_r03_m05,combined,12.0,0.3,0.5,1,target:71:combined_l12_r03_m05:1:514908190,1.0372025966644287,0.737060546875,0.2187957614660263
71,mean,combined_l12_r03_m05,combined,12.0,0.3,0.5,2,target:71:combined_l12_r03_m05:2:975814293,1.1764867305755615,0.76171875,0.20326834917068481
71,mean_degree,combined_l12_r03_m05,combined,12.0,0.3,0.5,2,target:71:combined_l12_r03_m05:2:975814293,0.6737648248672485,0.76708984375,0.17967480421066284
71,sum,combined_l12_r03_m05,combined,12.0,0.3,0.5,2,target:71:combined_l12_r03_m05:2:975814293,0.636285662651062,0.702392578125,0.20617800951004028
71,pna,combined_l12_r03_m05,combined,12.0,0.3,0.5,2,target:71:combined_l12_r03_m05:2:975814293,0.9475510716438293,0.758544921875,0.19794970750808716
71,mean,combined_l12_r03_m05,combined,12.0,0.3,0.5,3,target:71:combined_l12_r03_m05:3:923442801,1.1824800968170166,0.757080078125,0.20897136628627777
71,mean_degree,combined_l12_r03_m05,combined,12.0,0.3,0.5,3,target:71:combined_l12_r03_m05:3:923442801,0.7004865407943726,0.7548828125,0.1884719729423523
71,sum,combined_l12_r03_m05,combined,12.0,0.3,0.5,3,target:71:combined_l12_r03_m05:3:923442801,0.6792198419570923,0.68603515625,0.21810874342918396
71,pna,combined_l12_r03_m05,combined,12.0,0.3,0.5,3,target:71:combined_l12_r03_m05:3:923442801,1.0209298133850098,0.7529296875,0.20728328824043274
71,mean,combined_l12_r03_m05,combined,12.0,0.3,0.5,4,target:71:combined_l12_r03_m05:4:1764948749,1.2039209604263306,0.74951171875,0.21444793045520782
71,mean_degree,combined_l12_r03_m05,combined,12.0,0.3,0.5,4,target:71:combined_l12_r03_m05:4:1764948749,0.6791976690292358,0.752685546875,0.18835103511810303
71,sum,combined_l12_r03_m05,combined,12.0,0.3,0.5,4,target:71:combined_l12_r03_m05:4:1764948749,0.6387845277786255,0.69384765625,0.21150270104408264
71,pna,combined_l12_r03_m05,combined,12.0,0.3,0.5,4,target:71:combined_l12_r03_m05:4:1764948749,0.9743770360946655,0.75,0.20834949612617493
71,mean,combined_l12_r03_m05,combined,12.0,0.3,0.5,5,target:71:combined_l12_r03_m05:5:507699754,1.134364366531372,0.750244140625,0.21150869131088257
71,mean_degree,combined_l12_r03_m05,combined,12.0,0.3,0.5,5,target:71:combined_l12_r03_m05:5:507699754,0.6634842157363892,0.75634765625,0.1853594183921814
71,sum,combined_l12_r03_m05,combined,12.0,0.3,0.5,5,target:71:combined_l12_r03_m05:5:507699754,0.6486209630966187,0.69580078125,0.21185770630836487
71,pna,combined_l12_r03_m05,combined,12.0,0.3,0.5,5,target:71:combined_l12_r03_m05:5:507699754,0.9278026819229126,0.75390625,0.2034442126750946
71,mean,combined_l12_r03_m05,combined,12.0,0.3,0.5,6,target:71:combined_l12_r03_m05:6:582974190,1.27042818069458,0.7294921875,0.23072755336761475
71,mean_degree,combined_l12_r03_m05,combined,12.0,0.3,0.5,6,target:71:combined_l12_r03_m05:6:582974190,0.7356165647506714,0.734619140625,0.20410872995853424
71,sum,combined_l12_r03_m05,combined,12.0,0.3,0.5,6,target:71:combined_l12_r03_m05:6:582974190,0.6888545751571655,0.66943359375,0.22714734077453613
71,pna,combined_l12_r03_m05,combined,12.0,0.3,0.5,6,target:71:combined_l12_r03_m05:6:582974190,1.036426067352295,0.731689453125,0.2234058678150177
71,mean,combined_l12_r03_m05,combined,12.0,0.3,0.5,7,target:71:combined_l12_r03_m05:7:1409333685,1.1540980339050293,0.744140625,0.21529223024845123
71,mean_degree,combined_l12_r03_m05,combined,12.0,0.3,0.5,7,target:71:combined_l12_r03_m05:7:1409333685,0.6699744462966919,0.752197265625,0.1863558292388916
71,sum,combined_l12_r03_m05,combined,12.0,0.3,0.5,7,target:71:combined_l12_r03_m05:7:1409333685,0.6513882875442505,0.686767578125,0.21314637362957
71,pna,combined_l12_r03_m05,combined,12.0,0.3,0.5,7,target:71:combined_l12_r03_m05:7:1409333685,0.9460355043411255,0.74365234375,0.20923909544944763
71,mean,combined_l12_r08_m02,combined,12.0,0.8,0.2,0,target:71:combined_l12_r08_m02:0:2103102056,0.317240446805954,0.9111328125,0.07065392285585403
71,mean_degree,combined_l12_r08_m02,combined,12.0,0.8,0.2,0,target:71:combined_l12_r08_m02:0:2103102056,0.2083882987499237,0.9169921875,0.06200235337018967
71,sum,combined_l12_r08_m02,combined,12.0,0.8,0.2,0,target:71:combined_l12_r08_m02:0:2103102056,0.2391432821750641,0.900146484375,0.07115398347377777
71,pna,combined_l12_r08_m02,combined,12.0,0.8,0.2,0,target:71:combined_l12_r08_m02:0:2103102056,0.32313990592956543,0.902587890625,0.07693333923816681
71,mean,combined_l12_r08_m02,combined,12.0,0.8,0.2,1,target:71:combined_l12_r08_m02:1:1441633216,0.41759100556373596,0.886962890625,0.0916360467672348
71,mean_degree,combined_l12_r08_m02,combined,12.0,0.8,0.2,1,target:71:combined_l12_r08_m02:1:1441633216,0.25794821977615356,0.892333984375,0.0777558982372284
71,sum,combined_l12_r08_m02,combined,12.0,0.8,0.2,1,target:71:combined_l12_r08_m02:1:1441633216,0.26575767993927,0.892822265625,0.07957486808300018
71,pna,combined_l12_r08_m02,combined,12.0,0.8,0.2,1,target:71:combined_l12_r08_m02:1:1441633216,0.38142311573028564,0.882080078125,0.09475549310445786
71,mean,combined_l12_r08_m02,combined,12.0,0.8,0.2,2,target:71:combined_l12_r08_m02:2:1657490147,0.2874571979045868,0.921630859375,0.0639408603310585
71,mean_degree,combined_l12_r08_m02,combined,12.0,0.8,0.2,2,target:71:combined_l12_r08_m02:2:1657490147,0.18131135404109955,0.932373046875,0.05305153876543045
71,sum,combined_l12_r08_m02,combined,12.0,0.8,0.2,2,target:71:combined_l12_r08_m02:2:1657490147,0.2118699848651886,0.921142578125,0.061520274728536606
71,pna,combined_l12_r08_m02,combined,12.0,0.8,0.2,2,target:71:combined_l12_r08_m02:2:1657490147,0.29662996530532837,0.9130859375,0.06995826214551926
71,mean,combined_l12_r08_m02,combined,12.0,0.8,0.2,3,target:71:combined_l12_r08_m02:3:1848007557,0.407589852809906,0.892822265625,0.08769742399454117
71,mean_degree,combined_l12_r08_m02,combined,12.0,0.8,0.2,3,target:71:combined_l12_r08_m02:3:1848007557,0.2516036927700043,0.900146484375,0.07362058013677597
71,sum,combined_l12_r08_m02,combined,12.0,0.8,0.2,3,target:71:combined_l12_r08_m02:3:1848007557,0.2588297724723816,0.896728515625,0.0775352269411087
71,pna,combined_l12_r08_m02,combined,12.0,0.8,0.2,3,target:71:combined_l12_r08_m02:3:1848007557,0.3594730496406555,0.88623046875,0.08805632591247559
71,mean,combined_l12_r08_m02,combined,12.0,0.8,0.2,4,target:71:combined_l12_r08_m02:4:1195356431,0.3327743709087372,0.908203125,0.07457225024700165
71,mean_degree,combined_l12_r08_m02,combined,12.0,0.8,0.2,4,target:71:combined_l12_r08_m02:4:1195356431,0.2101251184940338,0.915283203125,0.0628235936164856
71,sum,combined_l12_r08_m02,combined,12.0,0.8,0.2,4,target:71:combined_l12_r08_m02:4:1195356431,0.24458158016204834,0.900634765625,0.07349784672260284
71,pna,combined_l12_r08_m02,combined,12.0,0.8,0.2,4,target:71:combined_l12_r08_m02:4:1195356431,0.3352400064468384,0.8984375,0.08056081831455231
71,mean,combined_l12_r08_m02,combined,12.0,0.8,0.2,5,target:71:combined_l12_r08_m02:5:911428932,0.30198371410369873,0.913818359375,0.06948329508304596
71,mean_degree,combined_l12_r08_m02,combined,12.0,0.8,0.2,5,target:71:combined_l12_r08_m02:5:911428932,0.18217328190803528,0.923828125,0.05483619123697281
71,sum,combined_l12_r08_m02,combined,12.0,0.8,0.2,5,target:71:combined_l12_r08_m02:5:911428932,0.21660521626472473,0.912841796875,0.063697449862957
71,pna,combined_l12_r08_m02,combined,12.0,0.8,0.2,5,target:71:combined_l12_r08_m02:5:911428932,0.26190710067749023,0.9130859375,0.06753905117511749
71,mean,combined_l12_r08_m02,combined,12.0,0.8,0.2,6,target:71:combined_l12_r08_m02:6:347934085,0.32366132736206055,0.919189453125,0.06790979951620102
71,mean_degree,combined_l12_r08_m02,combined,12.0,0.8,0.2,6,target:71:combined_l12_r08_m02:6:347934085,0.20485977828502655,0.92041015625,0.059523291885852814
71,sum,combined_l12_r08_m02,combined,12.0,0.8,0.2,6,target:71:combined_l12_r08_m02:6:347934085,0.22339767217636108,0.91357421875,0.06584727764129639
71,pna,combined_l12_r08_m02,combined,12.0,0.8,0.2,6,target:71:combined_l12_r08_m02:6:347934085,0.34213492274284363,0.90380859375,0.07674090564250946
71,mean,combined_l12_r08_m02,combined,12.0,0.8,0.2,7,target:71:combined_l12_r08_m02:7:458874361,0.2676970660686493,0.929443359375,0.05836101993918419
71,mean_degree,combined_l12_r08_m02,combined,12.0,0.8,0.2,7,target:71:combined_l12_r08_m02:7:458874361,0.16599012911319733,0.932373046875,0.04851805791258812
71,sum,combined_l12_r08_m02,combined,12.0,0.8,0.2,7,target:71:combined_l12_r08_m02:7:458874361,0.20175060629844666,0.92822265625,0.05750119686126709
71,pna,combined_l12_r08_m02,combined,12.0,0.8,0.2,7,target:71:combined_l12_r08_m02:7:458874361,0.28608161211013794,0.92041015625,0.06467264890670776
71,mean,combined_l12_r08_m05,combined,12.0,0.8,0.5,0,target:71:combined_l12_r08_m05:0:591076653,0.027384858578443527,0.994384765625,0.004764928948134184
71,mean_degree,combined_l12_r08_m05,combined,12.0,0.8,0.5,0,target:71:combined_l12_r08_m05:0:591076653,0.021022634580731392,0.992919921875,0.005280151963233948
71,sum,combined_l12_r08_m05,combined,12.0,0.8,0.5,0,target:71:combined_l12_r08_m05:0:591076653,0.04411952197551727,0.98974609375,0.010058722458779812
71,pna,combined_l12_r08_m05,combined,12.0,0.8,0.5,0,target:71:combined_l12_r08_m05:0:591076653,0.034664154052734375,0.98974609375,0.007733871228992939
71,mean,combined_l12_r08_m05,combined,12.0,0.8,0.5,1,target:71:combined_l12_r08_m05:1:1787740037,0.040239039808511734,0.99072265625,0.007959473878145218
71,mean_degree,combined_l12_r08_m05,combined,12.0,0.8,0.5,1,target:71:combined_l12_r08_m05:1:1787740037,0.025354325771331787,0.990234375,0.007136593107134104
71,sum,combined_l12_r08_m05,combined,12.0,0.8,0.5,1,target:71:combined_l12_r08_m05:1:1787740037,0.046990446746349335,0.988037109375,0.010922152549028397
71,pna,combined_l12_r08_m05,combined,12.0,0.8,0.5,1,target:71:combined_l12_r08_m05:1:1787740037,0.04501606523990631,0.988037109375,0.009487899020314217
71,mean,combined_l12_r08_m05,combined,12.0,0.8,0.5,2,target:71:combined_l12_r08_m05:2:969868560,0.025823116302490234,0.994384765625,0.004980205558240414
71,mean_degree,combined_l12_r08_m05,combined,12.0,0.8,0.5,2,target:71:combined_l12_r08_m05:2:969868560,0.0165975634008646,0.994140625,0.004696869757026434
71,sum,combined_l12_r08_m05,combined,12.0,0.8,0.5,2,target:71:combined_l12_r08_m05:2:969868560,0.04400039091706276,0.986083984375,0.010724715888500214
71,pna,combined_l12_r08_m05,combined,12.0,0.8,0.5,2,target:71:combined_l12_r08_m05:2:969868560,0.028029700741171837,0.992431640625,0.006084558553993702
71,mean,combined_l12_r08_m05,combined,12.0,0.8,0.5,3,target:71:combined_l12_r08_m05:3:1710078078,0.04347088932991028,0.990966796875,0.007770994678139687
71,mean_degree,combined_l12_r08_m05,combined,12.0,0.8,0.5,3,target:71:combined_l12_r08_m05:3:1710078078,0.027127394452691078,0.990966796875,0.006727780681103468
71,sum,combined_l12_r08_m05,combined,12.0,0.8,0.5,3,target:71:combined_l12_r08_m05:3:1710078078,0.05370071530342102,0.983154296875,0.013719962909817696
71,pna,combined_l12_r08_m05,combined,12.0,0.8,0.5,3,target:71:combined_l12_r08_m05:3:1710078078,0.03909997642040253,0.9892578125,0.008509954437613487
71,mean,combined_l12_r08_m05,combined,12.0,0.8,0.5,4,target:71:combined_l12_r08_m05:4:507441531,0.04074881598353386,0.992919921875,0.006298305466771126
71,mean_degree,combined_l12_r08_m05,combined,12.0,0.8,0.5,4,target:71:combined_l12_r08_m05:4:507441531,0.02456444501876831,0.99169921875,0.006317260675132275
71,sum,combined_l12_r08_m05,combined,12.0,0.8,0.5,4,target:71:combined_l12_r08_m05:4:507441531,0.05126433074474335,0.9853515625,0.01257322821766138
71,pna,combined_l12_r08_m05,combined,12.0,0.8,0.5,4,target:71:combined_l12_r08_m05:4:507441531,0.0465720109641552,0.989501953125,0.008409647271037102
71,mean,combined_l12_r08_m05,combined,12.0,0.8,0.5,5,target:71:combined_l12_r08_m05:5:1502082279,0.03651206195354462,0.99365234375,0.005599108058959246
71,mean_degree,combined_l12_r08_m05,combined,12.0,0.8,0.5,5,target:71:combined_l12_r08_m05:5:1502082279,0.01908951625227928,0.9951171875,0.004615018144249916
71,sum,combined_l12_r08_m05,combined,12.0,0.8,0.5,5,target:71:combined_l12_r08_m05:5:1502082279,0.04283803701400757,0.989501953125,0.009799016639590263
71,pna,combined_l12_r08_m05,combined,12.0,0.8,0.5,5,target:71:combined_l12_r08_m05:5:1502082279,0.035855308175086975,0.991455078125,0.007357161492109299
71,mean,combined_l12_r08_m05,combined,12.0,0.8,0.5,6,target:71:combined_l12_r08_m05:6:1896463613,0.023581167683005333,0.994384765625,0.004544485360383987
71,mean_degree,combined_l12_r08_m05,combined,12.0,0.8,0.5,6,target:71:combined_l12_r08_m05:6:1896463613,0.015506172552704811,0.994873046875,0.0041654095984995365
71,sum,combined_l12_r08_m05,combined,12.0,0.8,0.5,6,target:71:combined_l12_r08_m05:6:1896463613,0.04241158813238144,0.9873046875,0.010199502110481262
71,pna,combined_l12_r08_m05,combined,12.0,0.8,0.5,6,target:71:combined_l12_r08_m05:6:1896463613,0.020886925980448723,0.993408203125,0.005001095123589039
71,mean,combined_l12_r08_m05,combined,12.0,0.8,0.5,7,target:71:combined_l12_r08_m05:7:1251667758,0.03340539708733559,0.991943359375,0.006577995605766773
71,mean_degree,combined_l12_r08_m05,combined,12.0,0.8,0.5,7,target:71:combined_l12_r08_m05:7:1251667758,0.02161264233291149,0.9931640625,0.005661883391439915
71,sum,combined_l12_r08_m05,combined,12.0,0.8,0.5,7,target:71:combined_l12_r08_m05:7:1251667758,0.04876038432121277,0.987548828125,0.011245830915868282
71,pna,combined_l12_r08_m05,combined,12.0,0.8,0.5,7,target:71:combined_l12_r08_m05:7:1251667758,0.038953520357608795,0.988037109375,0.009218047372996807
71,mean,combined_l48_r03_m02,combined,48.0,0.3,0.2,0,target:71:combined_l48_r03_m02:0:618052418,0.49268051981925964,0.760986328125,0.16218754649162292
71,mean_degree,combined_l48_r03_m02,combined,48.0,0.3,0.2,0,target:71:combined_l48_r03_m02:0:618052418,2.7302756309509277,0.508056640625,0.4660722613334656
71,sum,combined_l48_r03_m02,combined,48.0,0.3,0.2,0,target:71:combined_l48_r03_m02:0:618052418,1.0497527122497559,0.782958984375,0.18479233980178833
71,pna,combined_l48_r03_m02,combined,48.0,0.3,0.2,0,target:71:combined_l48_r03_m02:0:618052418,0.5650635957717896,0.7197265625,0.18872664868831635
71,mean,combined_l48_r03_m02,combined,48.0,0.3,0.2,1,target:71:combined_l48_r03_m02:1:1921993657,0.5800999402999878,0.722412109375,0.19207271933555603
71,mean_degree,combined_l48_r03_m02,combined,48.0,0.3,0.2,1,target:71:combined_l48_r03_m02:1:1921993657,1.6032572984695435,0.558837890625,0.3760479986667633
71,sum,combined_l48_r03_m02,combined,48.0,0.3,0.2,1,target:71:combined_l48_r03_m02:1:1921993657,1.467981219291687,0.7412109375,0.2280978560447693
71,pna,combined_l48_r03_m02,combined,48.0,0.3,0.2,1,target:71:combined_l48_r03_m02:1:1921993657,0.5060340166091919,0.757080078125,0.1668933480978012
71,mean,combined_l48_r03_m02,combined,48.0,0.3,0.2,2,target:71:combined_l48_r03_m02:2:321292716,1.0497596263885498,0.581298828125,0.316597044467926
71,mean_degree,combined_l48_r03_m02,combined,48.0,0.3,0.2,2,target:71:combined_l48_r03_m02:2:321292716,4.563536643981934,0.500244140625,0.4971366822719574
71,sum,combined_l48_r03_m02,combined,48.0,0.3,0.2,2,target:71:combined_l48_r03_m02:2:321292716,4.218977928161621,0.589599609375,0.3923247456550598
71,pna,combined_l48_r03_m02,combined,48.0,0.3,0.2,2,target:71:combined_l48_r03_m02:2:321292716,1.0975987911224365,0.5576171875,0.3377455770969391
71,mean,combined_l48_r03_m02,combined,48.0,0.3,0.2,3,target:71:combined_l48_r03_m02:3:1768625551,0.6297128796577454,0.6982421875,0.20745180547237396
71,mean_degree,combined_l48_r03_m02,combined,48.0,0.3,0.2,3,target:71:combined_l48_r03_m02:3:1768625551,3.4392402172088623,0.50244140625,0.4870408773422241
71,sum,combined_l48_r03_m02,combined,48.0,0.3,0.2,3,target:71:combined_l48_r03_m02:3:1768625551,1.9508367776870728,0.719482421875,0.25346946716308594
71,pna,combined_l48_r03_m02,combined,48.0,0.3,0.2,3,target:71:combined_l48_r03_m02:3:1768625551,0.7568241357803345,0.639404296875,0.25151142477989197
71,mean,combined_l48_r03_m02,combined,48.0,0.3,0.2,4,target:71:combined_l48_r03_m02:4:627456705,0.5051984786987305,0.764404296875,0.16582989692687988
71,mean_degree,combined_l48_r03_m02,combined,48.0,0.3,0.2,4,target:71:combined_l48_r03_m02:4:627456705,2.8500661849975586,0.508544921875,0.46899285912513733
71,sum,combined_l48_r03_m02,combined,48.0,0.3,0.2,4,target:71:combined_l48_r03_m02:4:627456705,1.210144281387329,0.769287109375,0.20269463956356049
71,pna,combined_l48_r03_m02,combined,48.0,0.3,0.2,4,target:71:combined_l48_r03_m02:4:627456705,0.5665700435638428,0.726318359375,0.1890154480934143
71,mean,combined_l48_r03_m02,combined,48.0,0.3,0.2,5,target:71:combined_l48_r03_m02:5:1540821106,0.6970507502555847,0.67822265625,0.22612795233726501
71,mean_degree,combined_l48_r03_m02,combined,48.0,0.3,0.2,5,target:71:combined_l48_r03_m02:5:1540821106,3.655902862548828,0.5009765625,0.48968517780303955
71,sum,combined_l48_r03_m02,combined,48.0,0.3,0.2,5,target:71:combined_l48_r03_m02:5:1540821106,2.1681296825408936,0.687255859375,0.2843167185783386
71,pna,combined_l48_r03_m02,combined,48.0,0.3,0.2,5,target:71:combined_l48_r03_m02:5:1540821106,0.7533087730407715,0.643798828125,0.249667227268219
71,mean,combined_l48_r03_m02,combined,48.0,0.3,0.2,6,target:71:combined_l48_r03_m02:6:1452174529,0.5037489533424377,0.754638671875,0.1659604012966156
71,mean_degree,combined_l48_r03_m02,combined,48.0,0.3,0.2,6,target:71:combined_l48_r03_m02:6:1452174529,1.714463472366333,0.55859375,0.3818932771682739
71,sum,combined_l48_r03_m02,combined,48.0,0.3,0.2,6,target:71:combined_l48_r03_m02:6:1452174529,1.2134544849395752,0.787353515625,0.1873074769973755
71,pna,combined_l48_r03_m02,combined,48.0,0.3,0.2,6,target:71:combined_l48_r03_m02:6:1452174529,0.4893328547477722,0.767578125,0.16025009751319885
71,mean,combined_l48_r03_m02,combined,48.0,0.3,0.2,7,target:71:combined_l48_r03_m02:7:274489911,0.5576612949371338,0.724853515625,0.18487659096717834
71,mean_degree,combined_l48_r03_m02,combined,48.0,0.3,0.2,7,target:71:combined_l48_r03_m02:7:274489911,2.9163765907287598,0.505126953125,0.4715063273906708
71,sum,combined_l48_r03_m02,combined,48.0,0.3,0.2,7,target:71:combined_l48_r03_m02:7:274489911,1.4332194328308105,0.753662109375,0.21603864431381226
71,pna,combined_l48_r03_m02,combined,48.0,0.3,0.2,7,target:71:combined_l48_r03_m02:7:274489911,0.6552616953849792,0.6787109375,0.22085751593112946
71,mean,combined_l48_r03_m05,combined,48.0,0.3,0.5,0,target:71:combined_l48_r03_m05:0:421417664,0.2331063449382782,0.9033203125,0.06982647627592087
71,mean_degree,combined_l48_r03_m05,combined,48.0,0.3,0.5,0,target:71:combined_l48_r03_m05:0:421417664,1.627404808998108,0.609130859375,0.3348791003227234
71,sum,combined_l48_r03_m05,combined,48.0,0.3,0.5,0,target:71:combined_l48_r03_m05:0:421417664,0.40442919731140137,0.927734375,0.06377068161964417
71,pna,combined_l48_r03_m05,combined,48.0,0.3,0.5,0,target:71:combined_l48_r03_m05:0:421417664,0.40541037917137146,0.81494140625,0.13008646667003632
71,mean,combined_l48_r03_m05,combined,48.0,0.3,0.5,1,target:71:combined_l48_r03_m05:1:1038211475,0.31445157527923584,0.860595703125,0.0981377363204956
71,mean_degree,combined_l48_r03_m05,combined,48.0,0.3,0.5,1,target:71:combined_l48_r03_m05:1:1038211475,2.121284008026123,0.557861328125,0.39544546604156494
71,sum,combined_l48_r03_m05,combined,48.0,0.3,0.5,1,target:71:combined_l48_r03_m05:1:1038211475,0.5761314630508423,0.89697265625,0.09171134233474731
71,pna,combined_l48_r03_m05,combined,48.0,0.3,0.5,1,target:71:combined_l48_r03_m05:1:1038211475,0.46680498123168945,0.7744140625,0.15302231907844543
71,mean,combined_l48_r03_m05,combined,48.0,0.3,0.5,2,target:71:combined_l48_r03_m05:2:815781249,0.2442464828491211,0.899169921875,0.07373208552598953
71,mean_degree,combined_l48_r03_m05,combined,48.0,0.3,0.5,2,target:71:combined_l48_r03_m05:2:815781249,0.9410511255264282,0.712158203125,0.2304854393005371
71,sum,combined_l48_r03_m05,combined,48.0,0.3,0.5,2,target:71:combined_l48_r03_m05:2:815781249,0.33030885457992554,0.93798828125,0.05438719689846039
71,pna,combined_l48_r03_m05,combined,48.0,0.3,0.5,2,target:71:combined_l48_r03_m05:2:815781249,0.2450477033853531,0.892333984375,0.07477539777755737
71,mean,combined_l48_r03_m05,combined,48.0,0.3,0.5,3,target:71:combined_l48_r03_m05:3:54407585,0.2163459062576294,0.909912109375,0.064877450466156
71,mean_degree,combined_l48_r03_m05,combined,48.0,0.3,0.5,3,target:71:combined_l48_r03_m05:3:54407585,1.1421366930007935,0.685791015625,0.2604476809501648
71,sum,combined_l48_r03_m05,combined,48.0,0.3,0.5,3,target:71:combined_l48_r03_m05:3:54407585,0.2725836932659149,0.944580078125,0.04803440719842911
71,pna,combined_l48_r03_m05,combined,48.0,0.3,0.5,3,target:71:combined_l48_r03_m05:3:54407585,0.27213767170906067,0.880126953125,0.08462001383304596
71,mean,combined_l48_r03_m05,combined,48.0,0.3,0.5,4,target:71:combined_l48_r03_m05:4:1199428896,0.27695634961128235,0.887451171875,0.08423186838626862
71,mean_degree,combined_l48_r03_m05,combined,48.0,0.3,0.5,4,target:71:combined_l48_r03_m05:4:1199428896,1.8333868980407715,0.59765625,0.35457777976989746
71,sum,combined_l48_r03_m05,combined,48.0,0.3,0.5,4,target:71:combined_l48_r03_m05:4:1199428896,0.5053845643997192,0.914306640625,0.07662767171859741
71,pna,combined_l48_r03_m05,combined,48.0,0.3,0.5,4,target:71:combined_l48_r03_m05:4:1199428896,0.5122811794281006,0.768310546875,0.16260983049869537
71,mean,combined_l48_r03_m05,combined,48.0,0.3,0.5,5,target:71:combined_l48_r03_m05:5:1331447413,0.21369940042495728,0.915771484375,0.06400018185377121
71,mean_degree,combined_l48_r03_m05,combined,48.0,0.3,0.5,5,target:71:combined_l48_r03_m05:5:1331447413,1.5757782459259033,0.6171875,0.3304372727870941
71,sum,combined_l48_r03_m05,combined,48.0,0.3,0.5,5,target:71:combined_l48_r03_m05:5:1331447413,0.3410192131996155,0.934326171875,0.05650361254811287
71,pna,combined_l48_r03_m05,combined,48.0,0.3,0.5,5,target:71:combined_l48_r03_m05:5:1331447413,0.29732319712638855,0.864990234375,0.09401417523622513
71,mean,combined_l48_r03_m05,combined,48.0,0.3,0.5,6,target:71:combined_l48_r03_m05:6:1635016202,0.24584519863128662,0.8955078125,0.07431699335575104
71,mean_degree,combined_l48_r03_m05,combined,48.0,0.3,0.5,6,target:71:combined_l48_r03_m05:6:1635016202,0.9094290733337402,0.727783203125,0.22295551002025604
71,sum,combined_l48_r03_m05,combined,48.0,0.3,0.5,6,target:71:combined_l48_r03_m05:6:1635016202,0.36730289459228516,0.924560546875,0.06399719417095184
71,pna,combined_l48_r03_m05,combined,48.0,0.3,0.5,6,target:71:combined_l48_r03_m05:6:1635016202,0.24178792536258698,0.90185546875,0.07278399169445038
71,mean,combined_l48_r03_m05,combined,48.0,0.3,0.5,7,target:71:combined_l48_r03_m05:7:919621055,0.22954362630844116,0.90380859375,0.06876922398805618
71,mean_degree,combined_l48_r03_m05,combined,48.0,0.3,0.5,7,target:71:combined_l48_r03_m05:7:919621055,1.0771427154541016,0.691650390625,0.2537645697593689
71,sum,combined_l48_r03_m05,combined,48.0,0.3,0.5,7,target:71:combined_l48_r03_m05:7:919621055,0.340118944644928,0.932861328125,0.05745350569486618
71,pna,combined_l48_r03_m05,combined,48.0,0.3,0.5,7,target:71:combined_l48_r03_m05:7:919621055,0.2547670006752014,0.888671875,0.07818487286567688
71,mean,combined_l48_r08_m02,combined,48.0,0.8,0.2,0,target:71:combined_l48_r08_m02:0:1537005120,0.0013165418058633804,0.999755859375,0.00014097017992753536
71,mean_degree,combined_l48_r08_m02,combined,48.0,0.8,0.2,0,target:71:combined_l48_r08_m02:0:1537005120,0.006064372602850199,0.998291015625,0.0011632133973762393
71,sum,combined_l48_r08_m02,combined,48.0,0.8,0.2,0,target:71:combined_l48_r08_m02:0:1537005120,6.740941444149939e-06,1.0,1.7059709023214964e-07
71,pna,combined_l48_r08_m02,combined,48.0,0.8,0.2,0,target:71:combined_l48_r08_m02:0:1537005120,0.0031868615187704563,0.999755859375,0.00018897445988841355
71,mean,combined_l48_r08_m02,combined,48.0,0.8,0.2,1,target:71:combined_l48_r08_m02:1:857278336,0.001092251855880022,1.0,3.100939284195192e-05
71,mean_degree,combined_l48_r08_m02,combined,48.0,0.8,0.2,1,target:71:combined_l48_r08_m02:1:857278336,0.021413255482912064,0.992919921875,0.005461113061755896
71,sum,combined_l48_r08_m02,combined,48.0,0.8,0.2,1,target:71:combined_l48_r08_m02:1:857278336,9.780043797036342e-08,1.0,2.2315087278013124e-11
71,pna,combined_l48_r08_m02,combined,48.0,0.8,0.2,1,target:71:combined_l48_r08_m02:1:857278336,0.00642436183989048,0.999267578125,0.0008534840890206397
71,mean,combined_l48_r08_m02,combined,48.0,0.8,0.2,2,target:71:combined_l48_r08_m02:2:1291588108,0.002205734606832266,1.0,0.0001339756272500381
71,mean_degree,combined_l48_r08_m02,combined,48.0,0.8,0.2,2,target:71:combined_l48_r08_m02:2:1291588108,0.05320297181606293,0.982177734375,0.014719640836119652
71,sum,combined_l48_r08_m02,combined,48.0,0.8,0.2,2,target:71:combined_l48_r08_m02:2:1291588108,0.0014206556370481849,0.999755859375,0.00024488166673108935
71,pna,combined_l48_r08_m02,combined,48.0,0.8,0.2,2,target:71:combined_l48_r08_m02:2:1291588108,0.00997382402420044,0.999267578125,0.001308521954342723
71,mean,combined_l48_r08_m02,combined,48.0,0.8,0.2,3,target:71:combined_l48_r08_m02:3:1575227361,0.002834406215697527,1.0,9.025566396303475e-05
71,mean_degree,combined_l48_r08_m02,combined,48.0,0.8,0.2,3,target:71:combined_l48_r08_m02:3:1575227361,0.01646719127893448,0.9951171875,0.004063601139932871
71,sum,combined_l48_r08_m02,combined,48.0,0.8,0.2,3,target:71:combined_l48_r08_m02:3:1575227361,0.0002040448016487062,1.0,5.093605432193726e-05
71,pna,combined_l48_r08_m02,combined,48.0,0.8,0.2,3,target:71:combined_l48_r08_m02:3:1575227361,0.008368399925529957,0.99951171875,0.0006373096257448196
71,mean,combined_l48_r08_m02,combined,48.0,0.8,0.2,4,target:71:combined_l48_r08_m02:4:389950908,0.003092559054493904,1.0,0.0002016066573560238
71,mean_degree,combined_l48_r08_m02,combined,48.0,0.8,0.2,4,target:71:combined_l48_r08_m02:4:389950908,0.004113330505788326,0.9990234375,0.0008279854664579034
71,sum,combined_l48_r08_m02,combined,48.0,0.8,0.2,4,target:71:combined_l48_r08_m02:4:389950908,1.0897969104917138e-06,1.0,1.5414088894161182e-09
71,pna,combined_l48_r08_m02,combined,48.0,0.8,0.2,4,target:71:combined_l48_r08_m02:4:389950908,0.007096897345036268,1.0,0.00039128720527514815
71,mean,combined_l48_r08_m02,combined,48.0,0.8,0.2,5,target:71:combined_l48_r08_m02:5:613794348,0.0032008904963731766,0.999755859375,0.0001993322657654062
71,mean_degree,combined_l48_r08_m02,combined,48.0,0.8,0.2,5,target:71:combined_l48_r08_m02:5:613794348,0.05746491998434067,0.9814453125,0.015665575861930847
71,sum,combined_l48_r08_m02,combined,48.0,0.8,0.2,5,target:71:combined_l48_r08_m02:5:613794348,4.387706212582998e-06,1.0,1.8213111019349526e-08
71,pna,combined_l48_r08_m02,combined,48.0,0.8,0.2,5,target:71:combined_l48_r08_m02:5:613794348,0.010125852189958096,0.999755859375,0.0008682109764777124
71,mean,combined_l48_r08_m02,combined,48.0,0.8,0.2,6,target:71:combined_l48_r08_m02:6:1733216721,0.0017668076325207949,1.0,7.56088484195061e-05
71,mean_degree,combined_l48_r08_m02,combined,48.0,0.8,0.2,6,target:71:combined_l48_r08_m02:6:1733216721,0.011508270166814327,0.99755859375,0.002507577184587717
71,sum,combined_l48_r08_m02,combined,48.0,0.8,0.2,6,target:71:combined_l48_r08_m02:6:1733216721,4.153824590957811e-07,1.0,5.187353324664912e-10
71,pna,combined_l48_r08_m02,combined,48.0,0.8,0.2,6,target:71:combined_l48_r08_m02:6:1733216721,0.005185628309845924,1.0,0.00028389523504301906
71,mean,combined_l48_r08_m02,combined,48.0,0.8,0.2,7,target:71:combined_l48_r08_m02:7:580599038,0.0024358737282454967,0.999755859375,0.0001868105900939554
71,mean_degree,combined_l48_r08_m02,combined,48.0,0.8,0.2,7,target:71:combined_l48_r08_m02:7:580599038,0.010850997641682625,0.997314453125,0.0024188535753637552
71,sum,combined_l48_r08_m02,combined,48.0,0.8,0.2,7,target:71:combined_l48_r08_m02:7:580599038,7.40407404009602e-06,1.0,1.7839266774899443e-07
71,pna,combined_l48_r08_m02,combined,48.0,0.8,0.2,7,target:71:combined_l48_r08_m02:7:580599038,0.005165208131074905,1.0,0.0002510833437554538
71,mean,combined_l48_r08_m05,combined,48.0,0.8,0.5,0,target:71:combined_l48_r08_m05:0:720319857,2.6436049438416376e-07,1.0,1.901950472116276e-11
71,mean_degree,combined_l48_r08_m05,combined,48.0,0.8,0.5,0,target:71:combined_l48_r08_m05:0:720319857,2.3286165884428556e-08,1.0,1.9533391831111357e-12
71,sum,combined_l48_r08_m05,combined,48.0,0.8,0.5,0,target:71:combined_l48_r08_m05:0:720319857,1.249508256387703e-20,1.0,1.3055362496100949e-38
71,pna,combined_l48_r08_m05,combined,48.0,0.8,0.5,0,target:71:combined_l48_r08_m05:0:720319857,1.9700491975527257e-05,1.0,7.162807236227309e-09
71,mean,combined_l48_r08_m05,combined,48.0,0.8,0.5,1,target:71:combined_l48_r08_m05:1:726580260,1.5559587041025225e-07,1.0,2.7509179829909858e-12
71,mean_degree,combined_l48_r08_m05,combined,48.0,0.8,0.5,1,target:71:combined_l48_r08_m05:1:726580260,5.6345058396800596e-08,1.0,1.8292884568227308e-12
71,sum,combined_l48_r08_m05,combined,48.0,0.8,0.5,1,target:71:combined_l48_r08_m05:1:726580260,1.6911655924858366e-18,1.0,5.661208671396082e-27
71,pna,combined_l48_r08_m05,combined,48.0,0.8,0.5,1,target:71:combined_l48_r08_m05:1:726580260,1.2214604794280604e-05,1.0,3.5948448662281862e-09
71,mean,combined_l48_r08_m05,combined,48.0,0.8,0.5,2,target:71:combined_l48_r08_m05:2:594888167,1.4378898072209267e-07,1.0,1.3248610541971573e-11
71,mean_degree,combined_l48_r08_m05,combined,48.0,0.8,0.5,2,target:71:combined_l48_r08_m05:2:594888167,1.8219002129171713e-07,1.0,9.907569903377933e-11
71,sum,combined_l48_r08_m05,combined,48.0,0.8,0.5,2,target:71:combined_l48_r08_m05:2:594888167,1.1755962334008554e-16,1.0,4.2167186415903245e-33
71,pna,combined_l48_r08_m05,combined,48.0,0.8,0.5,2,target:71:combined_l48_r08_m05:2:594888167,1.2992872143513523e-05,1.0,2.6331560931680542e-08
71,mean,combined_l48_r08_m05,combined,48.0,0.8,0.5,3,target:71:combined_l48_r08_m05:3:1954121790,2.7243905265095236e-07,1.0,4.4407168914295525e-12
71,mean_degree,combined_l48_r08_m05,combined,48.0,0.8,0.5,3,target:71:combined_l48_r08_m05:3:1954121790,5.261995994487734e-08,1.0,6.408469132961059e-13
71,sum,combined_l48_r08_m05,combined,48.0,0.8,0.5,3,target:71:combined_l48_r08_m05:3:1954121790,2.432894518654227e-18,1.0,8.203260207863084e-32
71,pna,combined_l48_r08_m05,combined,48.0,0.8,0.5,3,target:71:combined_l48_r08_m05:3:1954121790,1.7455511624575593e-05,1.0,8.367059045610858e-09
71,mean,combined_l48_r08_m05,combined,48.0,0.8,0.5,4,target:71:combined_l48_r08_m05:4:488994586,1.6733568486415606e-07,1.0,1.2536255020179077e-11
71,mean_degree,combined_l48_r08_m05,combined,48.0,0.8,0.5,4,target:71:combined_l48_r08_m05:4:488994586,7.46188977274187e-09,1.0,2.009826766818934e-13
71,sum,combined_l48_r08_m05,combined,48.0,0.8,0.5,4,target:71:combined_l48_r08_m05:4:488994586,1.1510125314748978e-15,1.0,9.209083045810846e-30
71,pna,combined_l48_r08_m05,combined,48.0,0.8,0.5,4,target:71:combined_l48_r08_m05:4:488994586,1.7671305613475852e-05,1.0,3.3185820758063755e-09
71,mean,combined_l48_r08_m05,combined,48.0,0.8,0.5,5,target:71:combined_l48_r08_m05:5:1162260814,2.1405769246030104e-07,1.0,1.137752392299518e-11
71,mean_degree,combined_l48_r08_m05,combined,48.0,0.8,0.5,5,target:71:combined_l48_r08_m05:5:1162260814,1.396984146140312e-07,1.0,1.6139905384404685e-11
71,sum,combined_l48_r08_m05,combined,48.0,0.8,0.5,5,target:71:combined_l48_r08_m05:5:1162260814,1.3018161311191643e-22,1.0,1.1097275295717476e-29
71,pna,combined_l48_r08_m05,combined,48.0,0.8,0.5,5,target:71:combined_l48_r08_m05:5:1162260814,1.2153010175097734e-05,1.0,5.414321435637248e-09
71,mean,combined_l48_r08_m05,combined,48.0,0.8,0.5,6,target:71:combined_l48_r08_m05:6:632961849,3.632513312368246e-07,1.0,1.285511835869002e-10
71,mean_degree,combined_l48_r08_m05,combined,48.0,0.8,0.5,6,target:71:combined_l48_r08_m05:6:632961849,1.4682310478519867e-08,1.0,2.6755868028950636e-13
71,sum,combined_l48_r08_m05,combined,48.0,0.8,0.5,6,target:71:combined_l48_r08_m05:6:632961849,2.4355360372223538e-17,1.0,6.715238771925308e-34
71,pna,combined_l48_r08_m05,combined,48.0,0.8,0.5,6,target:71:combined_l48_r08_m05:6:632961849,2.2609725419897586e-05,1.0,3.6865952512954436e-09
71,mean,combined_l48_r08_m05,combined,48.0,0.8,0.5,7,target:71:combined_l48_r08_m05:7:2021344370,3.039954776795639e-07,1.0,8.114299510086909e-11
71,mean_degree,combined_l48_r08_m05,combined,48.0,0.8,0.5,7,target:71:combined_l48_r08_m05:7:2021344370,3.930192349343997e-07,1.0,6.117219508716687e-10
71,sum,combined_l48_r08_m05,combined,48.0,0.8,0.5,7,target:71:combined_l48_r08_m05:7:2021344370,3.526212056053943e-17,1.0,3.431459027882266e-34
71,pna,combined_l48_r08_m05,combined,48.0,0.8,0.5,7,target:71:combined_l48_r08_m05:7:2021344370,2.5085708330152556e-05,1.0,8.68501999207183e-08
101,mean,source,source,24.0,0.6,0.35,0,target:101:source:0:72538003,0.034780725836753845,0.98876953125,0.00915750116109848
101,mean_degree,source,source,24.0,0.6,0.35,0,target:101:source:0:72538003,0.03192562609910965,0.9892578125,0.008608526550233364
101,sum,source,source,24.0,0.6,0.35,0,target:101:source:0:72538003,0.03513854742050171,0.98828125,0.009433659724891186
101,pna,source,source,24.0,0.6,0.35,0,target:101:source:0:72538003,0.052488937973976135,0.9833984375,0.0139207374304533
101,mean,source,source,24.0,0.6,0.35,1,target:101:source:1:1799218981,0.028851516544818878,0.990234375,0.007679346017539501
101,mean_degree,source,source,24.0,0.6,0.35,1,target:101:source:1:1799218981,0.028724316507577896,0.990478515625,0.007891056127846241
101,sum,source,source,24.0,0.6,0.35,1,target:101:source:1:1799218981,0.03397854417562485,0.988525390625,0.008803880773484707
101,pna,source,source,24.0,0.6,0.35,1,target:101:source:1:1799218981,0.046063296496868134,0.9833984375,0.012339907698333263
101,mean,source,source,24.0,0.6,0.35,2,target:101:source:2:657732626,0.04220239073038101,0.986083984375,0.011156529188156128
101,mean_degree,source,source,24.0,0.6,0.35,2,target:101:source:2:657732626,0.038941700011491776,0.986328125,0.010688835754990578
101,sum,source,source,24.0,0.6,0.35,2,target:101:source:2:657732626,0.04378613829612732,0.982421875,0.012321212328970432
101,pna,source,source,24.0,0.6,0.35,2,target:101:source:2:657732626,0.05422082543373108,0.979248046875,0.014956801198422909
101,mean,source,source,24.0,0.6,0.35,3,target:101:source:3:863687178,0.029291143640875816,0.989501953125,0.00800416897982359
101,mean_degree,source,source,24.0,0.6,0.35,3,target:101:source:3:863687178,0.027141068130731583,0.989990234375,0.007716749329119921
101,sum,source,source,24.0,0.6,0.35,3,target:101:source:3:863687178,0.03255205973982811,0.988037109375,0.008843372575938702
101,pna,source,source,24.0,0.6,0.35,3,target:101:source:3:863687178,0.044675182551145554,0.9853515625,0.011882871389389038
101,mean,source,source,24.0,0.6,0.35,4,target:101:source:4:305474759,0.057955194264650345,0.981689453125,0.015407325699925423
101,mean_degree,source,source,24.0,0.6,0.35,4,target:101:source:4:305474759,0.05224614590406418,0.980712890625,0.01452451478689909
101,sum,source,source,24.0,0.6,0.35,4,target:101:source:4:305474759,0.06510273367166519,0.978271484375,0.017323188483715057
101,pna,source,source,24.0,0.6,0.35,4,target:101:source:4:305474759,0.07004275918006897,0.9755859375,0.019410783424973488
101,mean,source,source,24.0,0.6,0.35,5,target:101:source:5:703605709,0.05224331468343735,0.9814453125,0.013932940550148487
101,mean_degree,source,source,24.0,0.6,0.35,5,target:101:source:5:703605709,0.04786435514688492,0.982666015625,0.013357830233871937
101,sum,source,source,24.0,0.6,0.35,5,target:101:source:5:703605709,0.06985819339752197,0.977294921875,0.017443440854549408
101,pna,source,source,24.0,0.6,0.35,5,target:101:source:5:703605709,0.06531333178281784,0.974853515625,0.018433433026075363
101,mean,source,source,24.0,0.6,0.35,6,target:101:source:6:1788668530,0.031801022589206696,0.989990234375,0.008132552728056908
101,mean_degree,source,source,24.0,0.6,0.35,6,target:101:source:6:1788668530,0.030434615910053253,0.9912109375,0.007627053651958704
101,sum,source,source,24.0,0.6,0.35,6,target:101:source:6:1788668530,0.034292072057724,0.987548828125,0.008923059329390526
101,pna,source,source,24.0,0.6,0.35,6,target:101:source:6:1788668530,0.04904733598232269,0.984375,0.012655466794967651
101,mean,source,source,24.0,0.6,0.35,7,target:101:source:7:1500252088,0.08581625670194626,0.968994140625,0.023707538843154907
101,mean_degree,source,source,24.0,0.6,0.35,7,target:101:source:7:1500252088,0.08490879833698273,0.96728515625,0.02375643700361252
101,sum,source,source,24.0,0.6,0.35,7,target:101:source:7:1500252088,0.10919801890850067,0.9609375,0.02866388112306595
101,pna,source,source,24.0,0.6,0.35,7,target:101:source:7:1500252088,0.10460525006055832,0.958740234375,0.03051907569169998
101,mean,lambda_low,degree,12.0,0.6,0.35,0,target:101:lambda_low:0:2056603618,0.46096885204315186,0.885009765625,0.09477142989635468
101,mean_degree,lambda_low,degree,12.0,0.6,0.35,0,target:101:lambda_low:0:2056603618,0.26962289214134216,0.88916015625,0.08149751275777817
101,sum,lambda_low,degree,12.0,0.6,0.35,0,target:101:lambda_low:0:2056603618,0.27916914224624634,0.888916015625,0.08241138607263565
101,pna,lambda_low,degree,12.0,0.6,0.35,0,target:101:lambda_low:0:2056603618,0.38809895515441895,0.87744140625,0.09752032160758972
101,mean,lambda_low,degree,12.0,0.6,0.35,1,target:101:lambda_low:1:622696724,0.5095192193984985,0.87744140625,0.10087475180625916
101,mean_degree,lambda_low,degree,12.0,0.6,0.35,1,target:101:lambda_low:1:622696724,0.28164103627204895,0.884765625,0.0844876617193222
101,sum,lambda_low,degree,12.0,0.6,0.35,1,target:101:lambda_low:1:622696724,0.30063873529434204,0.866455078125,0.09428787231445312
101,pna,lambda_low,degree,12.0,0.6,0.35,1,target:101:lambda_low:1:622696724,0.4751521944999695,0.86474609375,0.10855899006128311
101,mean,lambda_low,degree,12.0,0.6,0.35,2,target:101:lambda_low:2:1972280721,0.3423217236995697,0.916748046875,0.06887394189834595
101,mean_degree,lambda_low,degree,12.0,0.6,0.35,2,target:101:lambda_low:2:1972280721,0.21803241968154907,0.912353515625,0.06446364521980286
101,sum,lambda_low,degree,12.0,0.6,0.35,2,target:101:lambda_low:2:1972280721,0.22580111026763916,0.91162109375,0.06714043021202087
101,pna,lambda_low,degree,12.0,0.6,0.35,2,target:101:lambda_low:2:1972280721,0.2911140024662018,0.912841796875,0.06963074952363968
101,mean,lambda_low,degree,12.0,0.6,0.35,3,target:101:lambda_low:3:1712814974,0.42150941491127014,0.897216796875,0.08501490950584412
101,mean_degree,lambda_low,degree,12.0,0.6,0.35,3,target:101:lambda_low:3:1712814974,0.25044217705726624,0.899169921875,0.07484683394432068
101,sum,lambda_low,degree,12.0,0.6,0.35,3,target:101:lambda_low:3:1712814974,0.2656462788581848,0.89404296875,0.07959243655204773
101,pna,lambda_low,degree,12.0,0.6,0.35,3,target:101:lambda_low:3:1712814974,0.3600766658782959,0.892822265625,0.08792048692703247
101,mean,lambda_low,degree,12.0,0.6,0.35,4,target:101:lambda_low:4:473581528,0.37725692987442017,0.90625,0.07740981131792068
101,mean_degree,lambda_low,degree,12.0,0.6,0.35,4,target:101:lambda_low:4:473581528,0.22177214920520782,0.905517578125,0.0666828379034996
101,sum,lambda_low,degree,12.0,0.6,0.35,4,target:101:lambda_low:4:473581528,0.24532409012317657,0.894287109375,0.07352612167596817
101,pna,lambda_low,degree,12.0,0.6,0.35,4,target:101:lambda_low:4:473581528,0.340606153011322,0.900390625,0.08125695586204529
101,mean,lambda_low,degree,12.0,0.6,0.35,5,target:101:lambda_low:5:454194706,0.3715347945690155,0.916015625,0.07073172926902771
101,mean_degree,lambda_low,degree,12.0,0.6,0.35,5,target:101:lambda_low:5:454194706,0.2219008505344391,0.91064453125,0.06674158573150635
101,sum,lambda_low,degree,12.0,0.6,0.35,5,target:101:lambda_low:5:454194706,0.2368280589580536,0.900634765625,0.07133235037326813
101,pna,lambda_low,degree,12.0,0.6,0.35,5,target:101:lambda_low:5:454194706,0.29001545906066895,0.912353515625,0.07116088271141052
101,mean,lambda_low,degree,12.0,0.6,0.35,6,target:101:lambda_low:6:1340746419,0.4304807782173157,0.8974609375,0.08585751801729202
101,mean_degree,lambda_low,degree,12.0,0.6,0.35,6,target:101:lambda_low:6:1340746419,0.25432392954826355,0.899169921875,0.07628349959850311
101,sum,lambda_low,degree,12.0,0.6,0.35,6,target:101:lambda_low:6:1340746419,0.265666663646698,0.890869140625,0.08025673031806946
101,pna,lambda_low,degree,12.0,0.6,0.35,6,target:101:lambda_low:6:1340746419,0.38031235337257385,0.887939453125,0.08953270316123962
101,mean,lambda_low,degree,12.0,0.6,0.35,7,target:101:lambda_low:7:715557721,0.4301649332046509,0.8974609375,0.08432792127132416
101,mean_degree,lambda_low,degree,12.0,0.6,0.35,7,target:101:lambda_low:7:715557721,0.25269773602485657,0.8984375,0.07488763332366943
101,sum,lambda_low,degree,12.0,0.6,0.35,7,target:101:lambda_low:7:715557721,0.2636934518814087,0.894775390625,0.07736198604106903
101,pna,lambda_low,degree,12.0,0.6,0.35,7,target:101:lambda_low:7:715557721,0.3700050711631775,0.8916015625,0.08809947967529297
101,mean,lambda_high,degree,48.0,0.6,0.35,0,target:101:lambda_high:0:591609981,0.004496101289987564,0.99951171875,0.0006403737934306264
101,mean_degree,lambda_high,degree,48.0,0.6,0.35,0,target:101:lambda_high:0:591609981,0.0010959337232634425,0.999755859375,0.0002363250096095726
101,sum,lambda_high,degree,48.0,0.6,0.35,0,target:101:lambda_high:0:591609981,0.0011514133075252175,0.99951171875,0.00033795545459724963
101,pna,lambda_high,degree,48.0,0.6,0.35,0,target:101:lambda_high:0:591609981,0.010309579782187939,0.99853515625,0.0014224916230887175
101,mean,lambda_high,degree,48.0,0.6,0.35,1,target:101:lambda_high:1:104926182,0.002805775497108698,1.0,0.0003519098390825093
101,mean_degree,lambda_high,degree,48.0,0.6,0.35,1,target:101:lambda_high:1:104926182,0.0008606977062299848,1.0,0.0001611763145774603
101,sum,lambda_high,degree,48.0,0.6,0.35,1,target:101:lambda_high:1:104926182,0.0004269721684977412,0.999755859375,0.00014396510960068554
101,pna,lambda_high,degree,48.0,0.6,0.35,1,target:101:lambda_high:1:104926182,0.00949550699442625,0.998291015625,0.0014811339788138866
101,mean,lambda_high,degree,48.0,0.6,0.35,2,target:101:lambda_high:2:548506764,0.004941398277878761,0.999267578125,0.000639549340121448
101,mean_degree,lambda_high,degree,48.0,0.6,0.35,2,target:101:lambda_high:2:548506764,0.0016872963169589639,0.99951171875,0.0004418527823872864
101,sum,lambda_high,degree,48.0,0.6,0.35,2,target:101:lambda_high:2:548506764,0.001360626076348126,0.99951171875,0.00042135565308853984
101,pna,lambda_high,degree,48.0,0.6,0.35,2,target:101:lambda_high:2:548506764,0.013496671803295612,0.998291015625,0.0019060431513935328
101,mean,lambda_high,degree,48.0,0.6,0.35,3,target:101:lambda_high:3:1515089097,0.00517300795763731,0.999267578125,0.0007894481532275677
101,mean_degree,lambda_high,degree,48.0,0.6,0.35,3,target:101:lambda_high:3:1515089097,0.0017881441162899137,0.99951171875,0.0004240962734911591
101,sum,lambda_high,degree,48.0,0.6,0.35,3,target:101:lambda_high:3:1515089097,0.0031490838155150414,0.9990234375,0.0006441989680752158
101,pna,lambda_high,degree,48.0,0.6,0.35,3,target:101:lambda_high:3:1515089097,0.007636046968400478,0.998779296875,0.0010643972782418132
101,mean,lambda_high,degree,48.0,0.6,0.35,4,target:101:lambda_high:4:574292542,0.0032585146836936474,1.0,0.00021712682791985571
101,mean_degree,lambda_high,degree,48.0,0.6,0.35,4,target:101:lambda_high:4:574292542,0.0003890684456564486,1.0,2.8192574973218143e-05
101,sum,lambda_high,degree,48.0,0.6,0.35,4,target:101:lambda_high:4:574292542,0.00022157104103825986,0.999755859375,8.206321217585355e-05
101,pna,lambda_high,degree,48.0,0.6,0.35,4,target:101:lambda_high:4:574292542,0.011582620441913605,0.999267578125,0.001313504297286272
101,mean,lambda_high,degree,48.0,0.6,0.35,5,target:101:lambda_high:5:673799971,0.004076173063367605,0.999755859375,0.00031965936068445444
101,mean_degree,lambda_high,degree,48.0,0.6,0.35,5,target:101:lambda_high:5:673799971,0.0005759391351602972,1.0,7.569218723801896e-05
101,sum,lambda_high,degree,48.0,0.6,0.35,5,target:101:lambda_high:5:673799971,0.0008489250321872532,0.999267578125,0.00030881681595928967
101,pna,lambda_high,degree,48.0,0.6,0.35,5,target:101:lambda_high:5:673799971,0.012324108742177486,0.9990234375,0.001299454364925623
101,mean,lambda_high,degree,48.0,0.6,0.35,6,target:101:lambda_high:6:184448094,0.003981341607868671,0.999755859375,0.0003802842111326754
101,mean_degree,lambda_high,degree,48.0,0.6,0.35,6,target:101:lambda_high:6:184448094,0.0005822385428473353,1.0,8.429287117905915e-05
101,sum,lambda_high,degree,48.0,0.6,0.35,6,target:101:lambda_high:6:184448094,0.0002847293217200786,1.0,6.716638017678633e-05
101,pna,lambda_high,degree,48.0,0.6,0.35,6,target:101:lambda_high:6:184448094,0.008187947794795036,0.99951171875,0.0008950440678745508
101,mean,lambda_high,degree,48.0,0.6,0.35,7,target:101:lambda_high:7:69920831,0.00470852991566062,0.99853515625,0.0008680832106620073
101,mean_degree,lambda_high,degree,48.0,0.6,0.35,7,target:101:lambda_high:7:69920831,0.002034346340224147,0.9990234375,0.0006101316539570689
101,sum,lambda_high,degree,48.0,0.6,0.35,7,target:101:lambda_high:7:69920831,0.000613920041359961,0.99951171875,0.0002213877160102129
101,pna,lambda_high,degree,48.0,0.6,0.35,7,target:101:lambda_high:7:69920831,0.010128461755812168,0.998779296875,0.001368372468277812
101,mean,rho_low,homophily,24.0,0.3,0.35,0,target:101:rho_low:0:1259635135,0.589655339717865,0.786865234375,0.1655457317829132
101,mean_degree,rho_low,homophily,24.0,0.3,0.35,0,target:101:rho_low:0:1259635135,0.6116430759429932,0.786376953125,0.1680775284767151
101,sum,rho_low,homophily,24.0,0.3,0.35,0,target:101:rho_low:0:1259635135,0.6708683967590332,0.7841796875,0.17123247683048248
101,pna,rho_low,homophily,24.0,0.3,0.35,0,target:101:rho_low:0:1259635135,0.5958402156829834,0.774169921875,0.17195188999176025
101,mean,rho_low,homophily,24.0,0.3,0.35,1,target:101:rho_low:1:2089840748,0.6068564653396606,0.77001953125,0.1734662652015686
101,mean_degree,rho_low,homophily,24.0,0.3,0.35,1,target:101:rho_low:1:2089840748,0.6121327877044678,0.7705078125,0.17301461100578308
101,sum,rho_low,homophily,24.0,0.3,0.35,1,target:101:rho_low:1:2089840748,0.7001761198043823,0.775634765625,0.1783413290977478
101,pna,rho_low,homophily,24.0,0.3,0.35,1,target:101:rho_low:1:2089840748,0.5920560359954834,0.757080078125,0.1790892779827118
101,mean,rho_low,homophily,24.0,0.3,0.35,2,target:101:rho_low:2:736395748,0.5646076202392578,0.78857421875,0.15829998254776
101,mean_degree,rho_low,homophily,24.0,0.3,0.35,2,target:101:rho_low:2:736395748,0.5640274286270142,0.789306640625,0.15735527873039246
101,sum,rho_low,homophily,24.0,0.3,0.35,2,target:101:rho_low:2:736395748,0.6583975553512573,0.783203125,0.16747748851776123
101,pna,rho_low,homophily,24.0,0.3,0.35,2,target:101:rho_low:2:736395748,0.5365571975708008,0.778076171875,0.16230559349060059
101,mean,rho_low,homophily,24.0,0.3,0.35,3,target:101:rho_low:3:1496825117,0.5926675796508789,0.775146484375,0.16980935633182526
101,mean_degree,rho_low,homophily,24.0,0.3,0.35,3,target:101:rho_low:3:1496825117,0.6098958253860474,0.7734375,0.17110922932624817
101,sum,rho_low,homophily,24.0,0.3,0.35,3,target:101:rho_low:3:1496825117,0.7091356515884399,0.779052734375,0.17455442249774933
101,pna,rho_low,homophily,24.0,0.3,0.35,3,target:101:rho_low:3:1496825117,0.5763827562332153,0.76416015625,0.17262624204158783
101,mean,rho_low,homophily,24.0,0.3,0.35,4,target:101:rho_low:4:797662706,0.6153144836425781,0.759765625,0.17816981673240662
101,mean_degree,rho_low,homophily,24.0,0.3,0.35,4,target:101:rho_low:4:797662706,0.6194581985473633,0.76171875,0.17820845544338226
101,sum,rho_low,homophily,24.0,0.3,0.35,4,target:101:rho_low:4:797662706,0.6938236951828003,0.76806640625,0.18083733320236206
101,pna,rho_low,homophily,24.0,0.3,0.35,4,target:101:rho_low:4:797662706,0.611424446105957,0.75048828125,0.18354064226150513
101,mean,rho_low,homophily,24.0,0.3,0.35,5,target:101:rho_low:5:964115287,0.7976024746894836,0.7275390625,0.20873621106147766
101,mean_degree,rho_low,homophily,24.0,0.3,0.35,5,target:101:rho_low:5:964115287,0.8263112306594849,0.729736328125,0.21052078902721405
101,sum,rho_low,homophily,24.0,0.3,0.35,5,target:101:rho_low:5:964115287,1.040887475013733,0.73291015625,0.2188854217529297
101,pna,rho_low,homophily,24.0,0.3,0.35,5,target:101:rho_low:5:964115287,0.6383737325668335,0.737548828125,0.19388021528720856
101,mean,rho_low,homophily,24.0,0.3,0.35,6,target:101:rho_low:6:1133907223,0.6061259508132935,0.764892578125,0.17402097582817078
101,mean_degree,rho_low,homophily,24.0,0.3,0.35,6,target:101:rho_low:6:1133907223,0.6284566521644592,0.765869140625,0.1766061782836914
101,sum,rho_low,homophily,24.0,0.3,0.35,6,target:101:rho_low:6:1133907223,0.6801376938819885,0.77001953125,0.1778494119644165
101,pna,rho_low,homophily,24.0,0.3,0.35,6,target:101:rho_low:6:1133907223,0.6238583326339722,0.7509765625,0.18153607845306396
101,mean,rho_low,homophily,24.0,0.3,0.35,7,target:101:rho_low:7:1623941344,0.584016740322113,0.77490234375,0.16693755984306335
101,mean_degree,rho_low,homophily,24.0,0.3,0.35,7,target:101:rho_low:7:1623941344,0.5931808352470398,0.77783203125,0.16742020845413208
101,sum,rho_low,homophily,24.0,0.3,0.35,7,target:101:rho_low:7:1623941344,0.664393961429596,0.775390625,0.17184075713157654
101,pna,rho_low,homophily,24.0,0.3,0.35,7,target:101:rho_low:7:1623941344,0.5917496681213379,0.763427734375,0.17574313282966614
101,mean,rho_high,homophily,24.0,0.8,0.35,0,target:101:rho_high:0:9839135,0.000609713839367032,0.999755859375,0.00011674651614157483
101,mean_degree,rho_high,homophily,24.0,0.8,0.35,0,target:101:rho_high:0:9839135,0.0007572891772724688,0.999755859375,0.00016752310330048203
101,sum,rho_high,homophily,24.0,0.8,0.35,0,target:101:rho_high:0:9839135,0.001119328080676496,0.999755859375,0.0002581812732387334
101,pna,rho_high,homophily,24.0,0.8,0.35,0,target:101:rho_high:0:9839135,0.003242474514991045,0.99951171875,0.0005259875324554741
101,mean,rho_high,homophily,24.0,0.8,0.35,1,target:101:rho_high:1:1787240936,0.0014442389365285635,0.999755859375,0.00028744369046762586
101,mean_degree,rho_high,homophily,24.0,0.8,0.35,1,target:101:rho_high:1:1787240936,0.0013517995830625296,0.999755859375,0.0002959055418614298
101,sum,rho_high,homophily,24.0,0.8,0.35,1,target:101:rho_high:1:1787240936,0.001893194392323494,0.999267578125,0.0005142968147993088
101,pna,rho_high,homophily,24.0,0.8,0.35,1,target:101:rho_high:1:1787240936,0.003710848046466708,0.999267578125,0.0006226102123036981
101,mean,rho_high,homophily,24.0,0.8,0.35,2,target:101:rho_high:2:929545529,0.00037754137883894145,1.0,2.8949873012606986e-05
101,mean_degree,rho_high,homophily,24.0,0.8,0.35,2,target:101:rho_high:2:929545529,0.0003764590946957469,1.0,3.7853642425034195e-05
101,sum,rho_high,homophily,24.0,0.8,0.35,2,target:101:rho_high:2:929545529,0.0007884049555286765,0.99951171875,0.00021292005840223283
101,pna,rho_high,homophily,24.0,0.8,0.35,2,target:101:rho_high:2:929545529,0.002267146250233054,0.999755859375,0.0003321007825434208
101,mean,rho_high,homophily,24.0,0.8,0.35,3,target:101:rho_high:3:1189607181,0.0011414078762754798,0.99951171875,0.00030099277500994503
101,mean_degree,rho_high,homophily,24.0,0.8,0.35,3,target:101:rho_high:3:1189607181,0.0011956618400290608,0.99951171875,0.00031686003785580397
101,sum,rho_high,homophily,24.0,0.8,0.35,3,target:101:rho_high:3:1189607181,0.0008365336689166725,1.0,0.0001648160396143794
101,pna,rho_high,homophily,24.0,0.8,0.35,3,target:101:rho_high:3:1189607181,0.003494363510981202,0.99951171875,0.0006348212482407689
101,mean,rho_high,homophily,24.0,0.8,0.35,4,target:101:rho_high:4:852269428,0.0012926447670906782,0.999755859375,0.00030864012660458684
101,mean_degree,rho_high,homophily,24.0,0.8,0.35,4,target:101:rho_high:4:852269428,0.0012532498221844435,0.999755859375,0.0002754225570242852
101,sum,rho_high,homophily,24.0,0.8,0.35,4,target:101:rho_high:4:852269428,0.0017023375257849693,0.99951171875,0.0004288209311198443
101,pna,rho_high,homophily,24.0,0.8,0.35,4,target:101:rho_high:4:852269428,0.005549794994294643,0.99853515625,0.0012158569879829884
101,mean,rho_high,homophily,24.0,0.8,0.35,5,target:101:rho_high:5:414031534,0.0005505557055585086,1.0,9.761154069565237e-05
101,mean_degree,rho_high,homophily,24.0,0.8,0.35,5,target:101:rho_high:5:414031534,0.0008386289700865746,0.99951171875,0.00021971935348119587
101,sum,rho_high,homophily,24.0,0.8,0.35,5,target:101:rho_high:5:414031534,0.0007180424290709198,0.999755859375,0.00013655933435074985
101,pna,rho_high,homophily,24.0,0.8,0.35,5,target:101:rho_high:5:414031534,0.0028613670729100704,0.999755859375,0.0004986916901543736
101,mean,rho_high,homophily,24.0,0.8,0.35,6,target:101:rho_high:6:1228053649,0.0017712083645164967,0.999755859375,0.00037431850796565413
101,mean_degree,rho_high,homophily,24.0,0.8,0.35,6,target:101:rho_high:6:1228053649,0.0016560895601287484,0.999755859375,0.00034920743200927973
101,sum,rho_high,homophily,24.0,0.8,0.35,6,target:101:rho_high:6:1228053649,0.0023137691896408796,0.99951171875,0.0005191806703805923
101,pna,rho_high,homophily,24.0,0.8,0.35,6,target:101:rho_high:6:1228053649,0.0033670812845230103,0.999267578125,0.000611170195043087
101,mean,rho_high,homophily,24.0,0.8,0.35,7,target:101:rho_high:7:756806401,0.0016873987624421716,0.999267578125,0.00046270911116153
101,mean_degree,rho_high,homophily,24.0,0.8,0.35,7,target:101:rho_high:7:756806401,0.0019152878085151315,0.999267578125,0.0005125495372340083
101,sum,rho_high,homophily,24.0,0.8,0.35,7,target:101:rho_high:7:756806401,0.001715799910016358,0.99951171875,0.0004769928054884076
101,pna,rho_high,homophily,24.0,0.8,0.35,7,target:101:rho_high:7:756806401,0.004106911830604076,0.9990234375,0.0007398691959679127
101,mean,mu_low,feature_signal,24.0,0.6,0.2,0,target:101:mu_low:0:693309207,0.13288025557994843,0.949462890625,0.037640877068042755
101,mean_degree,mu_low,feature_signal,24.0,0.6,0.2,0,target:101:mu_low:0:693309207,0.1271941214799881,0.951416015625,0.03653951734304428
101,sum,mu_low,feature_signal,24.0,0.6,0.2,0,target:101:mu_low:0:693309207,0.1539534032344818,0.94384765625,0.0432191826403141
101,pna,mu_low,feature_signal,24.0,0.6,0.2,0,target:101:mu_low:0:693309207,0.1664290875196457,0.9365234375,0.04883318394422531
101,mean,mu_low,feature_signal,24.0,0.6,0.2,1,target:101:mu_low:1:859283546,0.1503063142299652,0.944580078125,0.042280398309230804
101,mean_degree,mu_low,feature_signal,24.0,0.6,0.2,1,target:101:mu_low:1:859283546,0.146156907081604,0.9443359375,0.04210112243890762
101,sum,mu_low,feature_signal,24.0,0.6,0.2,1,target:101:mu_low:1:859283546,0.18348604440689087,0.934326171875,0.049517881125211716
101,pna,mu_low,feature_signal,24.0,0.6,0.2,1,target:101:mu_low:1:859283546,0.16654324531555176,0.939208984375,0.04684291034936905
101,mean,mu_low,feature_signal,24.0,0.6,0.2,2,target:101:mu_low:2:368560475,0.3270110487937927,0.870849609375,0.09573104232549667
101,mean_degree,mu_low,feature_signal,24.0,0.6,0.2,2,target:101:mu_low:2:368560475,0.32451170682907104,0.8740234375,0.09394130110740662
101,sum,mu_low,feature_signal,24.0,0.6,0.2,2,target:101:mu_low:2:368560475,0.38653650879859924,0.859130859375,0.10636407881975174
101,pna,mu_low,feature_signal,24.0,0.6,0.2,2,target:101:mu_low:2:368560475,0.3514927923679352,0.86279296875,0.1025339886546135
101,mean,mu_low,feature_signal,24.0,0.6,0.2,3,target:101:mu_low:3:705096036,0.12685063481330872,0.9521484375,0.035927362740039825
101,mean_degree,mu_low,feature_signal,24.0,0.6,0.2,3,target:101:mu_low:3:705096036,0.12111751735210419,0.95166015625,0.03488021343946457
101,sum,mu_low,feature_signal,24.0,0.6,0.2,3,target:101:mu_low:3:705096036,0.14932236075401306,0.943603515625,0.04193519800901413
101,pna,mu_low,feature_signal,24.0,0.6,0.2,3,target:101:mu_low:3:705096036,0.16037079691886902,0.934326171875,0.04694969579577446
101,mean,mu_low,feature_signal,24.0,0.6,0.2,4,target:101:mu_low:4:508478070,0.18745988607406616,0.926025390625,0.05427674576640129
101,mean_degree,mu_low,feature_signal,24.0,0.6,0.2,4,target:101:mu_low:4:508478070,0.18271389603614807,0.925537109375,0.05363106355071068
101,sum,mu_low,feature_signal,24.0,0.6,0.2,4,target:101:mu_low:4:508478070,0.22479206323623657,0.92041015625,0.060772716999053955
101,pna,mu_low,feature_signal,24.0,0.6,0.2,4,target:101:mu_low:4:508478070,0.2257237732410431,0.9033203125,0.06882450729608536
101,mean,mu_low,feature_signal,24.0,0.6,0.2,5,target:101:mu_low:5:2056994732,0.1451691836118698,0.945068359375,0.04132609814405441
101,mean_degree,mu_low,feature_signal,24.0,0.6,0.2,5,target:101:mu_low:5:2056994732,0.1406078040599823,0.947021484375,0.04041612893342972
101,sum,mu_low,feature_signal,24.0,0.6,0.2,5,target:101:mu_low:5:2056994732,0.1623309850692749,0.941162109375,0.04521922022104263
101,pna,mu_low,feature_signal,24.0,0.6,0.2,5,target:101:mu_low:5:2056994732,0.1773384064435959,0.937255859375,0.050119273364543915
101,mean,mu_low,feature_signal,24.0,0.6,0.2,6,target:101:mu_low:6:202736386,0.2389577031135559,0.908447265625,0.06919357180595398
101,mean_degree,mu_low,feature_signal,24.0,0.6,0.2,6,target:101:mu_low:6:202736386,0.23290584981441498,0.906982421875,0.06825682520866394
101,sum,mu_low,feature_signal,24.0,0.6,0.2,6,target:101:mu_low:6:202736386,0.28113651275634766,0.900146484375,0.07727152854204178
101,pna,mu_low,feature_signal,24.0,0.6,0.2,6,target:101:mu_low:6:202736386,0.2903103828430176,0.881591796875,0.08706799149513245
101,mean,mu_low,feature_signal,24.0,0.6,0.2,7,target:101:mu_low:7:1357491494,0.20702514052391052,0.92041015625,0.05960220843553543
101,mean_degree,mu_low,feature_signal,24.0,0.6,0.2,7,target:101:mu_low:7:1357491494,0.19871735572814941,0.923583984375,0.05779676139354706
101,sum,mu_low,feature_signal,24.0,0.6,0.2,7,target:101:mu_low:7:1357491494,0.2704939544200897,0.911376953125,0.06960596889257431
101,pna,mu_low,feature_signal,24.0,0.6,0.2,7,target:101:mu_low:7:1357491494,0.20880088210105896,0.908203125,0.06342524290084839
101,mean,mu_high,feature_signal,24.0,0.6,0.5,0,target:101:mu_high:0:1187933255,0.01196162961423397,0.995361328125,0.003175509162247181
101,mean_degree,mu_high,feature_signal,24.0,0.6,0.5,0,target:101:mu_high:0:1187933255,0.010909785516560078,0.99560546875,0.0030182907357811928
101,sum,mu_high,feature_signal,24.0,0.6,0.5,0,target:101:mu_high:0:1187933255,0.01230989582836628,0.995849609375,0.0033470895141363144
101,pna,mu_high,feature_signal,24.0,0.6,0.5,0,target:101:mu_high:0:1187933255,0.01763012260198593,0.9951171875,0.004393703304231167
101,mean,mu_high,feature_signal,24.0,0.6,0.5,1,target:101:mu_high:1:1632137279,0.02300134114921093,0.991943359375,0.006306939758360386
101,mean_degree,mu_high,feature_signal,24.0,0.6,0.5,1,target:101:mu_high:1:1632137279,0.021498795598745346,0.991943359375,0.006076524965465069
101,sum,mu_high,feature_signal,24.0,0.6,0.5,1,target:101:mu_high:1:1632137279,0.026594823226332664,0.991943359375,0.0063454704359173775
101,pna,mu_high,feature_signal,24.0,0.6,0.5,1,target:101:mu_high:1:1632137279,0.03324093669652939,0.987548828125,0.009341785684227943
101,mean,mu_high,feature_signal,24.0,0.6,0.5,2,target:101:mu_high:2:1077160094,0.023683203384280205,0.9921875,0.006076890043914318
101,mean_degree,mu_high,feature_signal,24.0,0.6,0.5,2,target:101:mu_high:2:1077160094,0.0222672987729311,0.99169921875,0.005911566317081451
101,sum,mu_high,feature_signal,24.0,0.6,0.5,2,target:101:mu_high:2:1077160094,0.022639503702521324,0.992431640625,0.005700620822608471
101,pna,mu_high,feature_signal,24.0,0.6,0.5,2,target:101:mu_high:2:1077160094,0.02799627184867859,0.989990234375,0.0075557781383395195
101,mean,mu_high,feature_signal,24.0,0.6,0.5,3,target:101:mu_high:3:1005393055,0.016953591257333755,0.993408203125,0.004868215881288052
101,mean_degree,mu_high,feature_signal,24.0,0.6,0.5,3,target:101:mu_high:3:1005393055,0.0164309274405241,0.9931640625,0.004907735623419285
101,sum,mu_high,feature_signal,24.0,0.6,0.5,3,target:101:mu_high:3:1005393055,0.019248420372605324,0.9931640625,0.005555741488933563
101,pna,mu_high,feature_signal,24.0,0.6,0.5,3,target:101:mu_high:3:1005393055,0.020917532965540886,0.993896484375,0.005291065666824579
101,mean,mu_high,feature_signal,24.0,0.6,0.5,4,target:101:mu_high:4:488292955,0.012240996584296227,0.99609375,0.002985656261444092
101,mean_degree,mu_high,feature_signal,24.0,0.6,0.5,4,target:101:mu_high:4:488292955,0.011666174046695232,0.996337890625,0.0030181575566530228
101,sum,mu_high,feature_signal,24.0,0.6,0.5,4,target:101:mu_high:4:488292955,0.01597607508301735,0.995361328125,0.0039686234667897224
101,pna,mu_high,feature_signal,24.0,0.6,0.5,4,target:101:mu_high:4:488292955,0.016877271234989166,0.995361328125,0.004063809290528297
101,mean,mu_high,feature_signal,24.0,0.6,0.5,5,target:101:mu_high:5:304856640,0.021265655755996704,0.9921875,0.005381498485803604
101,mean_degree,mu_high,feature_signal,24.0,0.6,0.5,5,target:101:mu_high:5:304856640,0.019186964258551598,0.993408203125,0.005045836791396141
101,sum,mu_high,feature_signal,24.0,0.6,0.5,5,target:101:mu_high:5:304856640,0.022739587351679802,0.993896484375,0.004752874840050936
101,pna,mu_high,feature_signal,24.0,0.6,0.5,5,target:101:mu_high:5:304856640,0.025458095595240593,0.990478515625,0.006661353167146444
101,mean,mu_high,feature_signal,24.0,0.6,0.5,6,target:101:mu_high:6:1060507463,0.012998782098293304,0.997314453125,0.0030977376736700535
101,mean_degree,mu_high,feature_signal,24.0,0.6,0.5,6,target:101:mu_high:6:1060507463,0.012566205114126205,0.99658203125,0.0030847929883748293
101,sum,mu_high,feature_signal,24.0,0.6,0.5,6,target:101:mu_high:6:1060507463,0.01343612838536501,0.99609375,0.0033286912366747856
101,pna,mu_high,feature_signal,24.0,0.6,0.5,6,target:101:mu_high:6:1060507463,0.016287803649902344,0.994140625,0.004157609306275845
101,mean,mu_high,feature_signal,24.0,0.6,0.5,7,target:101:mu_high:7:295316578,0.019665349274873734,0.99365234375,0.0051988582126796246
101,mean_degree,mu_high,feature_signal,24.0,0.6,0.5,7,target:101:mu_high:7:295316578,0.017592862248420715,0.994384765625,0.004818540066480637
101,sum,mu_high,feature_signal,24.0,0.6,0.5,7,target:101:mu_high:7:295316578,0.023424305021762848,0.99267578125,0.006080637685954571
101,pna,mu_high,feature_signal,24.0,0.6,0.5,7,target:101:mu_high:7:295316578,0.027354061603546143,0.98974609375,0.007454940117895603
101,mean,combined_l12_r03_m02,combined,12.0,0.3,0.2,0,target:101:combined_l12_r03_m02:0:1820435034,1.9959899187088013,0.604736328125,0.34164518117904663
101,mean_degree,combined_l12_r03_m02,combined,12.0,0.3,0.2,0,target:101:combined_l12_r03_m02:0:1820435034,1.0082072019577026,0.59716796875,0.29477131366729736
101,sum,combined_l12_r03_m02,combined,12.0,0.3,0.2,0,target:101:combined_l12_r03_m02:0:1820435034,0.9125372171401978,0.588134765625,0.28984886407852173
101,pna,combined_l12_r03_m02,combined,12.0,0.3,0.2,0,target:101:combined_l12_r03_m02:0:1820435034,1.5357587337493896,0.6015625,0.3298352360725403
101,mean,combined_l12_r03_m02,combined,12.0,0.3,0.2,1,target:101:combined_l12_r03_m02:1:2036804002,1.6983447074890137,0.63623046875,0.3136880099773407
101,mean_degree,combined_l12_r03_m02,combined,12.0,0.3,0.2,1,target:101:combined_l12_r03_m02:1:2036804002,0.86441969871521,0.638671875,0.2626737952232361
101,sum,combined_l12_r03_m02,combined,12.0,0.3,0.2,1,target:101:combined_l12_r03_m02:1:2036804002,0.8191661238670349,0.623779296875,0.2617437243461609
101,pna,combined_l12_r03_m02,combined,12.0,0.3,0.2,1,target:101:combined_l12_r03_m02:1:2036804002,1.498607873916626,0.62841796875,0.3141343593597412
101,mean,combined_l12_r03_m02,combined,12.0,0.3,0.2,2,target:101:combined_l12_r03_m02:2:1963346349,1.758805751800537,0.6240234375,0.3208782970905304
101,mean_degree,combined_l12_r03_m02,combined,12.0,0.3,0.2,2,target:101:combined_l12_r03_m02:2:1963346349,0.9193203449249268,0.62841796875,0.27367568016052246
101,sum,combined_l12_r03_m02,combined,12.0,0.3,0.2,2,target:101:combined_l12_r03_m02:2:1963346349,0.8691685795783997,0.602783203125,0.276045560836792
101,pna,combined_l12_r03_m02,combined,12.0,0.3,0.2,2,target:101:combined_l12_r03_m02:2:1963346349,1.3806201219558716,0.619873046875,0.3137914538383484
101,mean,combined_l12_r03_m02,combined,12.0,0.3,0.2,3,target:101:combined_l12_r03_m02:3:2036599802,1.753537654876709,0.632080078125,0.3196508586406708
101,mean_degree,combined_l12_r03_m02,combined,12.0,0.3,0.2,3,target:101:combined_l12_r03_m02:3:2036599802,0.8637744188308716,0.63525390625,0.2631235420703888
101,sum,combined_l12_r03_m02,combined,12.0,0.3,0.2,3,target:101:combined_l12_r03_m02:3:2036599802,0.8156539797782898,0.611083984375,0.268843412399292
101,pna,combined_l12_r03_m02,combined,12.0,0.3,0.2,3,target:101:combined_l12_r03_m02:3:2036599802,1.6197272539138794,0.624755859375,0.3208593726158142
101,mean,combined_l12_r03_m02,combined,12.0,0.3,0.2,4,target:101:combined_l12_r03_m02:4:281504544,1.8409600257873535,0.61865234375,0.3294188678264618
101,mean_degree,combined_l12_r03_m02,combined,12.0,0.3,0.2,4,target:101:combined_l12_r03_m02:4:281504544,0.9692740440368652,0.613525390625,0.28241050243377686
101,sum,combined_l12_r03_m02,combined,12.0,0.3,0.2,4,target:101:combined_l12_r03_m02:4:281504544,0.8980582356452942,0.602783203125,0.27877482771873474
101,pna,combined_l12_r03_m02,combined,12.0,0.3,0.2,4,target:101:combined_l12_r03_m02:4:281504544,1.386444091796875,0.6181640625,0.319391131401062
101,mean,combined_l12_r03_m02,combined,12.0,0.3,0.2,5,target:101:combined_l12_r03_m02:5:1297545770,1.833387851715088,0.6259765625,0.3211754560470581
101,mean_degree,combined_l12_r03_m02,combined,12.0,0.3,0.2,5,target:101:combined_l12_r03_m02:5:1297545770,0.907515287399292,0.63720703125,0.2693631052970886
101,sum,combined_l12_r03_m02,combined,12.0,0.3,0.2,5,target:101:combined_l12_r03_m02:5:1297545770,0.8666083216667175,0.61181640625,0.2718222737312317
101,pna,combined_l12_r03_m02,combined,12.0,0.3,0.2,5,target:101:combined_l12_r03_m02:5:1297545770,1.544825553894043,0.623291015625,0.31521886587142944
101,mean,combined_l12_r03_m02,combined,12.0,0.3,0.2,6,target:101:combined_l12_r03_m02:6:1924057342,1.811094045639038,0.622314453125,0.32326701283454895
101,mean_degree,combined_l12_r03_m02,combined,12.0,0.3,0.2,6,target:101:combined_l12_r03_m02:6:1924057342,0.9131969213485718,0.625732421875,0.27215203642845154
101,sum,combined_l12_r03_m02,combined,12.0,0.3,0.2,6,target:101:combined_l12_r03_m02:6:1924057342,0.84190434217453,0.61083984375,0.2670336961746216
101,pna,combined_l12_r03_m02,combined,12.0,0.3,0.2,6,target:101:combined_l12_r03_m02:6:1924057342,1.4340240955352783,0.62646484375,0.3142380714416504
101,mean,combined_l12_r03_m02,combined,12.0,0.3,0.2,7,target:101:combined_l12_r03_m02:7:1550364985,1.6155592203140259,0.630126953125,0.31462371349334717
101,mean_degree,combined_l12_r03_m02,combined,12.0,0.3,0.2,7,target:101:combined_l12_r03_m02:7:1550364985,0.8671847581863403,0.63134765625,0.26507073640823364
101,sum,combined_l12_r03_m02,combined,12.0,0.3,0.2,7,target:101:combined_l12_r03_m02:7:1550364985,0.860776424407959,0.60546875,0.27175021171569824
101,pna,combined_l12_r03_m02,combined,12.0,0.3,0.2,7,target:101:combined_l12_r03_m02:7:1550364985,1.3086704015731812,0.632568359375,0.30019354820251465
101,mean,combined_l12_r03_m05,combined,12.0,0.3,0.5,0,target:101:combined_l12_r03_m05:0:104203792,1.2061830759048462,0.755859375,0.21005842089653015
101,mean_degree,combined_l12_r03_m05,combined,12.0,0.3,0.5,0,target:101:combined_l12_r03_m05:0:104203792,0.6061349511146545,0.7568359375,0.1787356436252594
101,sum,combined_l12_r03_m05,combined,12.0,0.3,0.5,0,target:101:combined_l12_r03_m05:0:104203792,0.6415557861328125,0.713134765625,0.2021951675415039
101,pna,combined_l12_r03_m05,combined,12.0,0.3,0.5,0,target:101:combined_l12_r03_m05:0:104203792,1.0090022087097168,0.75146484375,0.2073674350976944
101,mean,combined_l12_r03_m05,combined,12.0,0.3,0.5,1,target:101:combined_l12_r03_m05:1:1965989872,1.1824167966842651,0.74072265625,0.2227552980184555
101,mean_degree,combined_l12_r03_m05,combined,12.0,0.3,0.5,1,target:101:combined_l12_r03_m05:1:1965989872,0.5974718928337097,0.748779296875,0.18320056796073914
101,sum,combined_l12_r03_m05,combined,12.0,0.3,0.5,1,target:101:combined_l12_r03_m05:1:1965989872,0.6547458171844482,0.7041015625,0.2084166407585144
101,pna,combined_l12_r03_m05,combined,12.0,0.3,0.5,1,target:101:combined_l12_r03_m05:1:1965989872,1.0619463920593262,0.72412109375,0.22539874911308289
101,mean,combined_l12_r03_m05,combined,12.0,0.3,0.5,2,target:101:combined_l12_r03_m05:2:521658611,1.2174286842346191,0.748046875,0.21641290187835693
101,mean_degree,combined_l12_r03_m05,combined,12.0,0.3,0.5,2,target:101:combined_l12_r03_m05:2:521658611,0.6153882741928101,0.756591796875,0.17996589839458466
101,sum,combined_l12_r03_m05,combined,12.0,0.3,0.5,2,target:101:combined_l12_r03_m05:2:521658611,0.6446454524993896,0.71875,0.20048639178276062
101,pna,combined_l12_r03_m05,combined,12.0,0.3,0.5,2,target:101:combined_l12_r03_m05:2:521658611,1.044964075088501,0.747802734375,0.2125704288482666
101,mean,combined_l12_r03_m05,combined,12.0,0.3,0.5,3,target:101:combined_l12_r03_m05:3:1942344693,1.130203127861023,0.76025390625,0.2040228247642517
101,mean_degree,combined_l12_r03_m05,combined,12.0,0.3,0.5,3,target:101:combined_l12_r03_m05:3:1942344693,0.5758213400840759,0.769775390625,0.1716184914112091
101,sum,combined_l12_r03_m05,combined,12.0,0.3,0.5,3,target:101:combined_l12_r03_m05:3:1942344693,0.6353882551193237,0.72216796875,0.19761711359024048
101,pna,combined_l12_r03_m05,combined,12.0,0.3,0.5,3,target:101:combined_l12_r03_m05:3:1942344693,0.9429575204849243,0.76220703125,0.1974479854106903
101,mean,combined_l12_r03_m05,combined,12.0,0.3,0.5,4,target:101:combined_l12_r03_m05:4:1775025747,1.2421542406082153,0.75048828125,0.21533432602882385
101,mean_degree,combined_l12_r03_m05,combined,12.0,0.3,0.5,4,target:101:combined_l12_r03_m05:4:1775025747,0.632165253162384,0.748046875,0.1851169466972351
101,sum,combined_l12_r03_m05,combined,12.0,0.3,0.5,4,target:101:combined_l12_r03_m05:4:1775025747,0.6742444038391113,0.712158203125,0.20725764334201813
101,pna,combined_l12_r03_m05,combined,12.0,0.3,0.5,4,target:101:combined_l12_r03_m05:4:1775025747,1.051160216331482,0.74169921875,0.21587789058685303
101,mean,combined_l12_r03_m05,combined,12.0,0.3,0.5,5,target:101:combined_l12_r03_m05:5:681101267,1.2854292392730713,0.72998046875,0.2322435975074768
101,mean_degree,combined_l12_r03_m05,combined,12.0,0.3,0.5,5,target:101:combined_l12_r03_m05:5:681101267,0.6215426921844482,0.743896484375,0.18806761503219604
101,sum,combined_l12_r03_m05,combined,12.0,0.3,0.5,5,target:101:combined_l12_r03_m05:5:681101267,0.6701219081878662,0.698974609375,0.21308879554271698
101,pna,combined_l12_r03_m05,combined,12.0,0.3,0.5,5,target:101:combined_l12_r03_m05:5:681101267,1.108458399772644,0.729248046875,0.22524765133857727
101,mean,combined_l12_r03_m05,combined,12.0,0.3,0.5,6,target:101:combined_l12_r03_m05:6:1774924994,1.1027076244354248,0.776123046875,0.1960999071598053
101,mean_degree,combined_l12_r03_m05,combined,12.0,0.3,0.5,6,target:101:combined_l12_r03_m05:6:1774924994,0.571269690990448,0.7744140625,0.16906800866127014
101,sum,combined_l12_r03_m05,combined,12.0,0.3,0.5,6,target:101:combined_l12_r03_m05:6:1774924994,0.6127736568450928,0.73046875,0.1920916736125946
101,pna,combined_l12_r03_m05,combined,12.0,0.3,0.5,6,target:101:combined_l12_r03_m05:6:1774924994,0.9414290189743042,0.763916015625,0.19780977070331573
101,mean,combined_l12_r03_m05,combined,12.0,0.3,0.5,7,target:101:combined_l12_r03_m05:7:1691119978,1.035871982574463,0.754638671875,0.2049422562122345
101,mean_degree,combined_l12_r03_m05,combined,12.0,0.3,0.5,7,target:101:combined_l12_r03_m05:7:1691119978,0.5611820816993713,0.761474609375,0.17224334180355072
101,sum,combined_l12_r03_m05,combined,12.0,0.3,0.5,7,target:101:combined_l12_r03_m05:7:1691119978,0.611678957939148,0.71826171875,0.19648414850234985
101,pna,combined_l12_r03_m05,combined,12.0,0.3,0.5,7,target:101:combined_l12_r03_m05:7:1691119978,0.8795778751373291,0.754150390625,0.20243778824806213
101,mean,combined_l12_r08_m02,combined,12.0,0.8,0.2,0,target:101:combined_l12_r08_m02:0:727273250,0.34022992849349976,0.90576171875,0.07493770867586136
101,mean_degree,combined_l12_r08_m02,combined,12.0,0.8,0.2,0,target:101:combined_l12_r08_m02:0:727273250,0.2003808319568634,0.916015625,0.05990830063819885
101,sum,combined_l12_r08_m02,combined,12.0,0.8,0.2,0,target:101:combined_l12_r08_m02:0:727273250,0.2234419286251068,0.91064453125,0.06741119921207428
101,pna,combined_l12_r08_m02,combined,12.0,0.8,0.2,0,target:101:combined_l12_r08_m02:0:727273250,0.3443725109100342,0.89599609375,0.08355926722288132
101,mean,combined_l12_r08_m02,combined,12.0,0.8,0.2,1,target:101:combined_l12_r08_m02:1:500360261,0.4231037199497223,0.90185546875,0.08219370245933533
101,mean_degree,combined_l12_r08_m02,combined,12.0,0.8,0.2,1,target:101:combined_l12_r08_m02:1:500360261,0.24744394421577454,0.90380859375,0.07211416959762573
101,sum,combined_l12_r08_m02,combined,12.0,0.8,0.2,1,target:101:combined_l12_r08_m02:1:500360261,0.24098074436187744,0.906982421875,0.0699862390756607
101,pna,combined_l12_r08_m02,combined,12.0,0.8,0.2,1,target:101:combined_l12_r08_m02:1:500360261,0.3525499105453491,0.89599609375,0.08575449883937836
101,mean,combined_l12_r08_m02,combined,12.0,0.8,0.2,2,target:101:combined_l12_r08_m02:2:1630065395,0.2990294396877289,0.91064453125,0.07221613824367523
101,mean_degree,combined_l12_r08_m02,combined,12.0,0.8,0.2,2,target:101:combined_l12_r08_m02:2:1630065395,0.19012296199798584,0.91943359375,0.057089634239673615
101,sum,combined_l12_r08_m02,combined,12.0,0.8,0.2,2,target:101:combined_l12_r08_m02:2:1630065395,0.2222643494606018,0.911376953125,0.06569311022758484
101,pna,combined_l12_r08_m02,combined,12.0,0.8,0.2,2,target:101:combined_l12_r08_m02:2:1630065395,0.2928808331489563,0.90185546875,0.07604137063026428
101,mean,combined_l12_r08_m02,combined,12.0,0.8,0.2,3,target:101:combined_l12_r08_m02:3:2032317344,0.4163132905960083,0.888671875,0.08961506932973862
101,mean_degree,combined_l12_r08_m02,combined,12.0,0.8,0.2,3,target:101:combined_l12_r08_m02:3:2032317344,0.262526273727417,0.89404296875,0.07890179753303528
101,sum,combined_l12_r08_m02,combined,12.0,0.8,0.2,3,target:101:combined_l12_r08_m02:3:2032317344,0.25320833921432495,0.898681640625,0.07578793168067932
101,pna,combined_l12_r08_m02,combined,12.0,0.8,0.2,3,target:101:combined_l12_r08_m02:3:2032317344,0.3721838593482971,0.87890625,0.09440577030181885
101,mean,combined_l12_r08_m02,combined,12.0,0.8,0.2,4,target:101:combined_l12_r08_m02:4:1831476783,0.41667941212654114,0.888671875,0.09144634008407593
101,mean_degree,combined_l12_r08_m02,combined,12.0,0.8,0.2,4,target:101:combined_l12_r08_m02:4:1831476783,0.2464643120765686,0.896240234375,0.07476796209812164
101,sum,combined_l12_r08_m02,combined,12.0,0.8,0.2,4,target:101:combined_l12_r08_m02:4:1831476783,0.26829269528388977,0.885986328125,0.08250294625759125
101,pna,combined_l12_r08_m02,combined,12.0,0.8,0.2,4,target:101:combined_l12_r08_m02:4:1831476783,0.5011951923370361,0.864501953125,0.11056433618068695
101,mean,combined_l12_r08_m02,combined,12.0,0.8,0.2,5,target:101:combined_l12_r08_m02:5:1310273271,0.5159314870834351,0.871826171875,0.10492748022079468
101,mean_degree,combined_l12_r08_m02,combined,12.0,0.8,0.2,5,target:101:combined_l12_r08_m02:5:1310273271,0.27730321884155273,0.88525390625,0.0838383138179779
101,sum,combined_l12_r08_m02,combined,12.0,0.8,0.2,5,target:101:combined_l12_r08_m02:5:1310273271,0.3012871742248535,0.87158203125,0.0922335609793663
101,pna,combined_l12_r08_m02,combined,12.0,0.8,0.2,5,target:101:combined_l12_r08_m02:5:1310273271,0.4912518858909607,0.861572265625,0.11011300981044769
101,mean,combined_l12_r08_m02,combined,12.0,0.8,0.2,6,target:101:combined_l12_r08_m02:6:1033504335,0.4154649078845978,0.88720703125,0.09161100536584854
101,mean_degree,combined_l12_r08_m02,combined,12.0,0.8,0.2,6,target:101:combined_l12_r08_m02:6:1033504335,0.2596166133880615,0.894287109375,0.07796387374401093
101,sum,combined_l12_r08_m02,combined,12.0,0.8,0.2,6,target:101:combined_l12_r08_m02:6:1033504335,0.27222132682800293,0.880859375,0.0834406167268753
101,pna,combined_l12_r08_m02,combined,12.0,0.8,0.2,6,target:101:combined_l12_r08_m02:6:1033504335,0.38771748542785645,0.883056640625,0.09424452483654022
101,mean,combined_l12_r08_m02,combined,12.0,0.8,0.2,7,target:101:combined_l12_r08_m02:7:2009486730,0.23664632439613342,0.935546875,0.052365101873874664
101,mean_degree,combined_l12_r08_m02,combined,12.0,0.8,0.2,7,target:101:combined_l12_r08_m02:7:2009486730,0.1529156118631363,0.939453125,0.04535015672445297
101,sum,combined_l12_r08_m02,combined,12.0,0.8,0.2,7,target:101:combined_l12_r08_m02:7:2009486730,0.16911880671977997,0.935546875,0.04895627498626709
101,pna,combined_l12_r08_m02,combined,12.0,0.8,0.2,7,target:101:combined_l12_r08_m02:7:2009486730,0.22417277097702026,0.9306640625,0.05500310659408569
101,mean,combined_l12_r08_m05,combined,12.0,0.8,0.5,0,target:101:combined_l12_r08_m05:0:1312880095,0.03488871827721596,0.9921875,0.006864738184958696
101,mean_degree,combined_l12_r08_m05,combined,12.0,0.8,0.5,0,target:101:combined_l12_r08_m05:0:1312880095,0.023093100637197495,0.992431640625,0.0062125311233103275
101,sum,combined_l12_r08_m05,combined,12.0,0.8,0.5,0,target:101:combined_l12_r08_m05:0:1312880095,0.039974652230739594,0.98583984375,0.010406597517430782
101,pna,combined_l12_r08_m05,combined,12.0,0.8,0.5,0,target:101:combined_l12_r08_m05:0:1312880095,0.03999538719654083,0.988525390625,0.009725596755743027
101,mean,combined_l12_r08_m05,combined,12.0,0.8,0.5,1,target:101:combined_l12_r08_m05:1:1691888835,0.025611920282244682,0.993408203125,0.005301794037222862
101,mean_degree,combined_l12_r08_m05,combined,12.0,0.8,0.5,1,target:101:combined_l12_r08_m05:1:1691888835,0.019796296954154968,0.99267578125,0.005376413464546204
101,sum,combined_l12_r08_m05,combined,12.0,0.8,0.5,1,target:101:combined_l12_r08_m05:1:1691888835,0.03513561561703682,0.9892578125,0.008866403251886368
101,pna,combined_l12_r08_m05,combined,12.0,0.8,0.5,1,target:101:combined_l12_r08_m05:1:1691888835,0.03642737865447998,0.991455078125,0.007337359711527824
101,mean,combined_l12_r08_m05,combined,12.0,0.8,0.5,2,target:101:combined_l12_r08_m05:2:1012638600,0.03514869511127472,0.993408203125,0.005565665662288666
101,mean_degree,combined_l12_r08_m05,combined,12.0,0.8,0.5,2,target:101:combined_l12_r08_m05:2:1012638600,0.02013520523905754,0.99365234375,0.005057753529399633
101,sum,combined_l12_r08_m05,combined,12.0,0.8,0.5,2,target:101:combined_l12_r08_m05:2:1012638600,0.037362441420555115,0.98876953125,0.009193542413413525
101,pna,combined_l12_r08_m05,combined,12.0,0.8,0.5,2,target:101:combined_l12_r08_m05:2:1012638600,0.03425965458154678,0.99169921875,0.007112783379852772
101,mean,combined_l12_r08_m05,combined,12.0,0.8,0.5,3,target:101:combined_l12_r08_m05:3:1019781590,0.02464224398136139,0.99267578125,0.005395232699811459
101,mean_degree,combined_l12_r08_m05,combined,12.0,0.8,0.5,3,target:101:combined_l12_r08_m05:3:1019781590,0.020798709243535995,0.993896484375,0.005222403444349766
101,sum,combined_l12_r08_m05,combined,12.0,0.8,0.5,3,target:101:combined_l12_r08_m05:3:1019781590,0.03701828792691231,0.98828125,0.009235363453626633
101,pna,combined_l12_r08_m05,combined,12.0,0.8,0.5,3,target:101:combined_l12_r08_m05:3:1019781590,0.027638137340545654,0.99072265625,0.006988987792283297
101,mean,combined_l12_r08_m05,combined,12.0,0.8,0.5,4,target:101:combined_l12_r08_m05:4:1626041919,0.031229056417942047,0.992919921875,0.005809401161968708
101,mean_degree,combined_l12_r08_m05,combined,12.0,0.8,0.5,4,target:101:combined_l12_r08_m05:4:1626041919,0.020663324743509293,0.9921875,0.0054564462043344975
101,sum,combined_l12_r08_m05,combined,12.0,0.8,0.5,4,target:101:combined_l12_r08_m05:4:1626041919,0.03811071068048477,0.988037109375,0.00953422486782074
101,pna,combined_l12_r08_m05,combined,12.0,0.8,0.5,4,target:101:combined_l12_r08_m05:4:1626041919,0.03769471496343613,0.990478515625,0.007593005895614624
101,mean,combined_l12_r08_m05,combined,12.0,0.8,0.5,5,target:101:combined_l12_r08_m05:5:834282922,0.024382762610912323,0.993408203125,0.005455890670418739
101,mean_degree,combined_l12_r08_m05,combined,12.0,0.8,0.5,5,target:101:combined_l12_r08_m05:5:834282922,0.016564248129725456,0.994140625,0.004283514805138111
101,sum,combined_l12_r08_m05,combined,12.0,0.8,0.5,5,target:101:combined_l12_r08_m05:5:834282922,0.029076464474201202,0.991943359375,0.006678557023406029
101,pna,combined_l12_r08_m05,combined,12.0,0.8,0.5,5,target:101:combined_l12_r08_m05:5:834282922,0.028686650097370148,0.992919921875,0.005912203341722488
101,mean,combined_l12_r08_m05,combined,12.0,0.8,0.5,6,target:101:combined_l12_r08_m05:6:26305734,0.022195754572749138,0.994140625,0.004360607825219631
101,mean_degree,combined_l12_r08_m05,combined,12.0,0.8,0.5,6,target:101:combined_l12_r08_m05:6:26305734,0.02009124495089054,0.992919921875,0.005052276886999607
101,sum,combined_l12_r08_m05,combined,12.0,0.8,0.5,6,target:101:combined_l12_r08_m05:6:26305734,0.03447911888360977,0.991455078125,0.008040269836783409
101,pna,combined_l12_r08_m05,combined,12.0,0.8,0.5,6,target:101:combined_l12_r08_m05:6:26305734,0.02670375257730484,0.9921875,0.006604177877306938
101,mean,combined_l12_r08_m05,combined,12.0,0.8,0.5,7,target:101:combined_l12_r08_m05:7:2040956551,0.033539772033691406,0.99267578125,0.005816017743200064
101,mean_degree,combined_l12_r08_m05,combined,12.0,0.8,0.5,7,target:101:combined_l12_r08_m05:7:2040956551,0.02261994779109955,0.992919921875,0.005494673736393452
101,sum,combined_l12_r08_m05,combined,12.0,0.8,0.5,7,target:101:combined_l12_r08_m05:7:2040956551,0.03679485619068146,0.990478515625,0.008517642505466938
101,pna,combined_l12_r08_m05,combined,12.0,0.8,0.5,7,target:101:combined_l12_r08_m05:7:2040956551,0.033323146402835846,0.990234375,0.00790427066385746
101,mean,combined_l48_r03_m02,combined,48.0,0.3,0.2,0,target:101:combined_l48_r03_m02:0:297620580,0.5247323513031006,0.74951171875,0.17205214500427246
101,mean_degree,combined_l48_r03_m02,combined,48.0,0.3,0.2,0,target:101:combined_l48_r03_m02:0:297620580,0.6191550493240356,0.75439453125,0.18207864463329315
101,sum,combined_l48_r03_m02,combined,48.0,0.3,0.2,0,target:101:combined_l48_r03_m02:0:297620580,1.1177290678024292,0.785400390625,0.18617773056030273
101,pna,combined_l48_r03_m02,combined,48.0,0.3,0.2,0,target:101:combined_l48_r03_m02:0:297620580,0.7634568214416504,0.65380859375,0.2431987226009369
101,mean,combined_l48_r03_m02,combined,48.0,0.3,0.2,1,target:101:combined_l48_r03_m02:1:1352239152,0.5165155529975891,0.74755859375,0.1701817512512207
101,mean_degree,combined_l48_r03_m02,combined,48.0,0.3,0.2,1,target:101:combined_l48_r03_m02:1:1352239152,0.5821391344070435,0.75390625,0.17741185426712036
101,sum,combined_l48_r03_m02,combined,48.0,0.3,0.2,1,target:101:combined_l48_r03_m02:1:1352239152,1.1629009246826172,0.7763671875,0.1930883824825287
101,pna,combined_l48_r03_m02,combined,48.0,0.3,0.2,1,target:101:combined_l48_r03_m02:1:1352239152,0.7297302484512329,0.667236328125,0.23620551824569702
101,mean,combined_l48_r03_m02,combined,48.0,0.3,0.2,2,target:101:combined_l48_r03_m02:2:2052565611,0.4890063405036926,0.7734375,0.1592159867286682
101,mean_degree,combined_l48_r03_m02,combined,48.0,0.3,0.2,2,target:101:combined_l48_r03_m02:2:2052565611,0.5290378332138062,0.7802734375,0.160253643989563
101,sum,combined_l48_r03_m02,combined,48.0,0.3,0.2,2,target:101:combined_l48_r03_m02:2:2052565611,1.2187029123306274,0.77685546875,0.19308258593082428
101,pna,combined_l48_r03_m02,combined,48.0,0.3,0.2,2,target:101:combined_l48_r03_m02:2:2052565611,0.5573517084121704,0.733642578125,0.18329574167728424
101,mean,combined_l48_r03_m02,combined,48.0,0.3,0.2,3,target:101:combined_l48_r03_m02:3:359561571,0.616047203540802,0.699462890625,0.2037481963634491
101,mean_degree,combined_l48_r03_m02,combined,48.0,0.3,0.2,3,target:101:combined_l48_r03_m02:3:359561571,0.7293471693992615,0.716796875,0.2107272744178772
101,sum,combined_l48_r03_m02,combined,48.0,0.3,0.2,3,target:101:combined_l48_r03_m02:3:359561571,2.0209403038024902,0.727294921875,0.24881884455680847
101,pna,combined_l48_r03_m02,combined,48.0,0.3,0.2,3,target:101:combined_l48_r03_m02:3:359561571,0.4950895309448242,0.75244140625,0.16369038820266724
101,mean,combined_l48_r03_m02,combined,48.0,0.3,0.2,4,target:101:combined_l48_r03_m02:4:1132758716,0.7020667791366577,0.672607421875,0.22828562557697296
101,mean_degree,combined_l48_r03_m02,combined,48.0,0.3,0.2,4,target:101:combined_l48_r03_m02:4:1132758716,1.054066777229309,0.658935546875,0.27253252267837524
101,sum,combined_l48_r03_m02,combined,48.0,0.3,0.2,4,target:101:combined_l48_r03_m02:4:1132758716,2.211564540863037,0.702880859375,0.2733343839645386
101,pna,combined_l48_r03_m02,combined,48.0,0.3,0.2,4,target:101:combined_l48_r03_m02:4:1132758716,1.1090545654296875,0.577880859375,0.3212188482284546
101,mean,combined_l48_r03_m02,combined,48.0,0.3,0.2,5,target:101:combined_l48_r03_m02:5:929595620,0.5661677122116089,0.728759765625,0.18603573739528656
101,mean_degree,combined_l48_r03_m02,combined,48.0,0.3,0.2,5,target:101:combined_l48_r03_m02:5:929595620,0.7777714729309082,0.716552734375,0.21760649979114532
101,sum,combined_l48_r03_m02,combined,48.0,0.3,0.2,5,target:101:combined_l48_r03_m02:5:929595620,1.4043067693710327,0.7666015625,0.20729562640190125
101,pna,combined_l48_r03_m02,combined,48.0,0.3,0.2,5,target:101:combined_l48_r03_m02:5:929595620,0.7384610772132874,0.674560546875,0.2328529953956604
101,mean,combined_l48_r03_m02,combined,48.0,0.3,0.2,6,target:101:combined_l48_r03_m02:6:1893529787,0.4283122718334198,0.80029296875,0.13822105526924133
101,mean_degree,combined_l48_r03_m02,combined,48.0,0.3,0.2,6,target:101:combined_l48_r03_m02:6:1893529787,0.4458637535572052,0.8095703125,0.13671165704727173
101,sum,combined_l48_r03_m02,combined,48.0,0.3,0.2,6,target:101:combined_l48_r03_m02:6:1893529787,0.8667709231376648,0.819580078125,0.15539401769638062
101,pna,combined_l48_r03_m02,combined,48.0,0.3,0.2,6,target:101:combined_l48_r03_m02:6:1893529787,0.6017429828643799,0.714599609375,0.19685110449790955
101,mean,combined_l48_r03_m02,combined,48.0,0.3,0.2,7,target:101:combined_l48_r03_m02:7:709571259,0.5506539344787598,0.733154296875,0.18115706741809845
101,mean_degree,combined_l48_r03_m02,combined,48.0,0.3,0.2,7,target:101:combined_l48_r03_m02:7:709571259,0.6960655450820923,0.734619140625,0.20135171711444855
101,sum,combined_l48_r03_m02,combined,48.0,0.3,0.2,7,target:101:combined_l48_r03_m02:7:709571259,1.2400126457214355,0.77880859375,0.19447004795074463
101,pna,combined_l48_r03_m02,combined,48.0,0.3,0.2,7,target:101:combined_l48_r03_m02:7:709571259,0.7633636593818665,0.66015625,0.24299602210521698
101,mean,combined_l48_r03_m05,combined,48.0,0.3,0.5,0,target:101:combined_l48_r03_m05:0:1641606624,0.29023560881614685,0.876953125,0.08920172601938248
101,mean_degree,combined_l48_r03_m05,combined,48.0,0.3,0.5,0,target:101:combined_l48_r03_m05:0:1641606624,0.3007774353027344,0.892578125,0.08291948586702347
101,sum,combined_l48_r03_m05,combined,48.0,0.3,0.5,0,target:101:combined_l48_r03_m05:0:1641606624,0.6439948081970215,0.89306640625,0.09312085807323456
101,pna,combined_l48_r03_m05,combined,48.0,0.3,0.5,0,target:101:combined_l48_r03_m05:0:1641606624,0.2312617301940918,0.90673828125,0.06883416324853897
101,mean,combined_l48_r03_m05,combined,48.0,0.3,0.5,1,target:101:combined_l48_r03_m05:1:1539089338,0.20456793904304504,0.916259765625,0.0607445165514946
101,mean_degree,combined_l48_r03_m05,combined,48.0,0.3,0.5,1,target:101:combined_l48_r03_m05:1:1539089338,0.1907338798046112,0.9267578125,0.054800428450107574
101,sum,combined_l48_r03_m05,combined,48.0,0.3,0.5,1,target:101:combined_l48_r03_m05:1:1539089338,0.3456912636756897,0.938720703125,0.05303536728024483
101,pna,combined_l48_r03_m05,combined,48.0,0.3,0.5,1,target:101:combined_l48_r03_m05:1:1539089338,0.23615212738513947,0.90576171875,0.07000811398029327
101,mean,combined_l48_r03_m05,combined,48.0,0.3,0.5,2,target:101:combined_l48_r03_m05:2:213028585,0.33981555700302124,0.850341796875,0.10544541478157043
101,mean_degree,combined_l48_r03_m05,combined,48.0,0.3,0.5,2,target:101:combined_l48_r03_m05:2:213028585,0.47246062755584717,0.84130859375,0.12261737883090973
101,sum,combined_l48_r03_m05,combined,48.0,0.3,0.5,2,target:101:combined_l48_r03_m05:2:213028585,0.7410489916801453,0.888427734375,0.10025845468044281
101,pna,combined_l48_r03_m05,combined,48.0,0.3,0.5,2,target:101:combined_l48_r03_m05:2:213028585,0.5055639147758484,0.789794921875,0.154166579246521
101,mean,combined_l48_r03_m05,combined,48.0,0.3,0.5,3,target:101:combined_l48_r03_m05:3:1769929630,0.34392932057380676,0.8486328125,0.1082066148519516
101,mean_degree,combined_l48_r03_m05,combined,48.0,0.3,0.5,3,target:101:combined_l48_r03_m05:3:1769929630,0.45800986886024475,0.83935546875,0.12323013693094254
101,sum,combined_l48_r03_m05,combined,48.0,0.3,0.5,3,target:101:combined_l48_r03_m05:3:1769929630,0.6351710557937622,0.889404296875,0.09577268362045288
101,pna,combined_l48_r03_m05,combined,48.0,0.3,0.5,3,target:101:combined_l48_r03_m05:3:1769929630,0.4680364429950714,0.797607421875,0.14612464606761932
101,mean,combined_l48_r03_m05,combined,48.0,0.3,0.5,4,target:101:combined_l48_r03_m05:4:184913558,0.2568385601043701,0.89501953125,0.07780161499977112
101,mean_degree,combined_l48_r03_m05,combined,48.0,0.3,0.5,4,target:101:combined_l48_r03_m05:4:184913558,0.2881510853767395,0.894775390625,0.08013235777616501
101,sum,combined_l48_r03_m05,combined,48.0,0.3,0.5,4,target:101:combined_l48_r03_m05:4:184913558,0.41419482231140137,0.9228515625,0.06586505472660065
101,pna,combined_l48_r03_m05,combined,48.0,0.3,0.5,4,target:101:combined_l48_r03_m05:4:184913558,0.33201175928115845,0.8583984375,0.1023993045091629
101,mean,combined_l48_r03_m05,combined,48.0,0.3,0.5,5,target:101:combined_l48_r03_m05:5:1987706650,0.21142993867397308,0.91552734375,0.06355972588062286
101,mean_degree,combined_l48_r03_m05,combined,48.0,0.3,0.5,5,target:101:combined_l48_r03_m05:5:1987706650,0.2220604568719864,0.91357421875,0.06340816617012024
101,sum,combined_l48_r03_m05,combined,48.0,0.3,0.5,5,target:101:combined_l48_r03_m05:5:1987706650,0.29646289348602295,0.9404296875,0.05091243237257004
101,pna,combined_l48_r03_m05,combined,48.0,0.3,0.5,5,target:101:combined_l48_r03_m05:5:1987706650,0.27257150411605835,0.892333984375,0.08166608214378357
101,mean,combined_l48_r03_m05,combined,48.0,0.3,0.5,6,target:101:combined_l48_r03_m05:6:1179448459,0.28573352098464966,0.87939453125,0.08751462399959564
101,mean_degree,combined_l48_r03_m05,combined,48.0,0.3,0.5,6,target:101:combined_l48_r03_m05:6:1179448459,0.28146207332611084,0.89794921875,0.07714981585741043
101,sum,combined_l48_r03_m05,combined,48.0,0.3,0.5,6,target:101:combined_l48_r03_m05:6:1179448459,0.6212399005889893,0.90087890625,0.08712577819824219
101,pna,combined_l48_r03_m05,combined,48.0,0.3,0.5,6,target:101:combined_l48_r03_m05:6:1179448459,0.24000683426856995,0.900634765625,0.07253766059875488
101,mean,combined_l48_r03_m05,combined,48.0,0.3,0.5,7,target:101:combined_l48_r03_m05:7:581087553,0.19472363591194153,0.926025390625,0.05629143863916397
101,mean_degree,combined_l48_r03_m05,combined,48.0,0.3,0.5,7,target:101:combined_l48_r03_m05:7:581087553,0.19668132066726685,0.928466796875,0.053472522646188736
101,sum,combined_l48_r03_m05,combined,48.0,0.3,0.5,7,target:101:combined_l48_r03_m05:7:581087553,0.267589271068573,0.947509765625,0.04444044083356857
101,pna,combined_l48_r03_m05,combined,48.0,0.3,0.5,7,target:101:combined_l48_r03_m05:7:581087553,0.25809991359710693,0.896484375,0.07647798955440521
101,mean,combined_l48_r08_m02,combined,48.0,0.8,0.2,0,target:101:combined_l48_r08_m02:0:2062406874,0.0009758036467246711,1.0,2.13045823329594e-05
101,mean_degree,combined_l48_r08_m02,combined,48.0,0.8,0.2,0,target:101:combined_l48_r08_m02:0:2062406874,5.55578590137884e-05,1.0,5.979013621981721e-07
101,sum,combined_l48_r08_m02,combined,48.0,0.8,0.2,0,target:101:combined_l48_r08_m02:0:2062406874,7.882539421188994e-08,1.0,7.717417850605646e-12
101,pna,combined_l48_r08_m02,combined,48.0,0.8,0.2,0,target:101:combined_l48_r08_m02:0:2062406874,0.006350916810333729,1.0,0.0004007808747701347
101,mean,combined_l48_r08_m02,combined,48.0,0.8,0.2,1,target:101:combined_l48_r08_m02:1:1142281185,0.0024116632994264364,1.0,0.00010462168575031683
101,mean_degree,combined_l48_r08_m02,combined,48.0,0.8,0.2,1,target:101:combined_l48_r08_m02:1:1142281185,0.000375489704310894,1.0,2.2906571757630445e-05
101,sum,combined_l48_r08_m02,combined,48.0,0.8,0.2,1,target:101:combined_l48_r08_m02:1:1142281185,5.115064141136827e-06,1.0,6.759618997875805e-08
101,pna,combined_l48_r08_m02,combined,48.0,0.8,0.2,1,target:101:combined_l48_r08_m02:1:1142281185,0.014671566896140575,0.9990234375,0.00176042050588876
101,mean,combined_l48_r08_m02,combined,48.0,0.8,0.2,2,target:101:combined_l48_r08_m02:2:2049620446,0.0016864504432305694,0.999755859375,0.00015826347225811332
101,mean_degree,combined_l48_r08_m02,combined,48.0,0.8,0.2,2,target:101:combined_l48_r08_m02:2:2049620446,0.000243545655393973,1.0,4.404763240017928e-05
101,sum,combined_l48_r08_m02,combined,48.0,0.8,0.2,2,target:101:combined_l48_r08_m02:2:2049620446,3.6485220334725454e-05,1.0,3.0092157885519555e-06
101,pna,combined_l48_r08_m02,combined,48.0,0.8,0.2,2,target:101:combined_l48_r08_m02:2:2049620446,0.005037159193307161,1.0,0.00025755088427104056
101,mean,combined_l48_r08_m02,combined,48.0,0.8,0.2,3,target:101:combined_l48_r08_m02:3:305026864,0.002400350756943226,1.0,0.00016413608682341874
101,mean_degree,combined_l48_r08_m02,combined,48.0,0.8,0.2,3,target:101:combined_l48_r08_m02:3:305026864,0.00021232716972008348,1.0,2.112232868967112e-05
101,sum,combined_l48_r08_m02,combined,48.0,0.8,0.2,3,target:101:combined_l48_r08_m02:3:305026864,0.0009125496726483107,0.999755859375,0.00023292387777473778
101,pna,combined_l48_r08_m02,combined,48.0,0.8,0.2,3,target:101:combined_l48_r08_m02:3:305026864,0.006008039694279432,1.0,0.0003418376436457038
101,mean,combined_l48_r08_m02,combined,48.0,0.8,0.2,4,target:101:combined_l48_r08_m02:4:1007243430,0.0014222339959815145,1.0,4.0581246139481664e-05
101,mean_degree,combined_l48_r08_m02,combined,48.0,0.8,0.2,4,target:101:combined_l48_r08_m02:4:1007243430,0.00014649753575213253,1.0,5.194049663259648e-06
101,sum,combined_l48_r08_m02,combined,48.0,0.8,0.2,4,target:101:combined_l48_r08_m02:4:1007243430,1.5636793250450864e-05,1.0,4.7342555831164645e-07
101,pna,combined_l48_r08_m02,combined,48.0,0.8,0.2,4,target:101:combined_l48_r08_m02:4:1007243430,0.010800706222653389,0.999755859375,0.001024437602609396
101,mean,combined_l48_r08_m02,combined,48.0,0.8,0.2,5,target:101:combined_l48_r08_m02:5:371786455,0.003599155694246292,0.99951171875,0.00031077416497282684
101,mean_degree,combined_l48_r08_m02,combined,48.0,0.8,0.2,5,target:101:combined_l48_r08_m02:5:371786455,0.0002495601074770093,1.0,1.912135303427931e-05
101,sum,combined_l48_r08_m02,combined,48.0,0.8,0.2,5,target:101:combined_l48_r08_m02:5:371786455,1.2897310170956189e-06,1.0,9.214934926227158e-10
101,pna,combined_l48_r08_m02,combined,48.0,0.8,0.2,5,target:101:combined_l48_r08_m02:5:371786455,0.009247967973351479,1.0,0.0006459136493504047
101,mean,combined_l48_r08_m02,combined,48.0,0.8,0.2,6,target:101:combined_l48_r08_m02:6:237176030,0.0032775558065623045,1.0,0.00016441117622889578
101,mean_degree,combined_l48_r08_m02,combined,48.0,0.8,0.2,6,target:101:combined_l48_r08_m02:6:237176030,0.00019704450096469373,1.0,4.630225703294855e-06
101,sum,combined_l48_r08_m02,combined,48.0,0.8,0.2,6,target:101:combined_l48_r08_m02:6:237176030,6.363787861118908e-07,1.0,2.267589171989215e-10
101,pna,combined_l48_r08_m02,combined,48.0,0.8,0.2,6,target:101:combined_l48_r08_m02:6:237176030,0.01021602749824524,0.99951171875,0.0008192956447601318
101,mean,combined_l48_r08_m02,combined,48.0,0.8,0.2,7,target:101:combined_l48_r08_m02:7:631722544,0.004044247791171074,0.99951171875,0.00037843373138457537
101,mean_degree,combined_l48_r08_m02,combined,48.0,0.8,0.2,7,target:101:combined_l48_r08_m02:7:631722544,0.000952133908867836,0.999755859375,0.00020614443928934634
101,sum,combined_l48_r08_m02,combined,48.0,0.8,0.2,7,target:101:combined_l48_r08_m02:7:631722544,0.00013476838648784906,1.0,2.693094029382337e-05
101,pna,combined_l48_r08_m02,combined,48.0,0.8,0.2,7,target:101:combined_l48_r08_m02:7:631722544,0.01949087530374527,0.998046875,0.0028026564978063107
101,mean,combined_l48_r08_m05,combined,48.0,0.8,0.5,0,target:101:combined_l48_r08_m05:0:20860160,3.13368417437232e-07,1.0,1.6948305259223417e-10
101,mean_degree,combined_l48_r08_m05,combined,48.0,0.8,0.5,0,target:101:combined_l48_r08_m05:0:20860160,4.25671409232109e-09,1.0,7.395475155663397e-14
101,sum,combined_l48_r08_m05,combined,48.0,0.8,0.5,0,target:101:combined_l48_r08_m05:0:20860160,2.2049155678135075e-16,1.0,7.961066870060341e-28
101,pna,combined_l48_r08_m05,combined,48.0,0.8,0.5,0,target:101:combined_l48_r08_m05:0:20860160,8.126909233396873e-05,1.0,7.66891474768272e-08
101,mean,combined_l48_r08_m05,combined,48.0,0.8,0.5,1,target:101:combined_l48_r08_m05:1:1440767510,2.886649781430606e-07,1.0,1.4781345591963202e-10
101,mean_degree,combined_l48_r08_m05,combined,48.0,0.8,0.5,1,target:101:combined_l48_r08_m05:1:1440767510,2.3983286467910148e-09,1.0,2.2207929939455084e-14
101,sum,combined_l48_r08_m05,combined,48.0,0.8,0.5,1,target:101:combined_l48_r08_m05:1:1440767510,4.114025428032818e-19,1.0,3.334518947505829e-32
101,pna,combined_l48_r08_m05,combined,48.0,0.8,0.5,1,target:101:combined_l48_r08_m05:1:1440767510,9.909176878863946e-05,1.0,6.69745432446689e-08
101,mean,combined_l48_r08_m05,combined,48.0,0.8,0.5,2,target:101:combined_l48_r08_m05:2:421228792,1.3238850442576222e-06,1.0,6.2374549969490545e-09
101,mean_degree,combined_l48_r08_m05,combined,48.0,0.8,0.5,2,target:101:combined_l48_r08_m05:2:421228792,4.821616812478169e-07,1.0,9.502327813493139e-10
101,sum,combined_l48_r08_m05,combined,48.0,0.8,0.5,2,target:101:combined_l48_r08_m05:2:421228792,2.345548200111125e-09,1.0,2.2763041451767663e-14
101,pna,combined_l48_r08_m05,combined,48.0,0.8,0.5,2,target:101:combined_l48_r08_m05:2:421228792,0.0001036702815326862,1.0,8.884840241307757e-08
101,mean,combined_l48_r08_m05,combined,48.0,0.8,0.5,3,target:101:combined_l48_r08_m05:3:1399088946,3.3086470807575097e-07,1.0,9.43541252074187e-12
101,mean_degree,combined_l48_r08_m05,combined,48.0,0.8,0.5,3,target:101:combined_l48_r08_m05:3:1399088946,6.39942751567979e-11,1.0,1.5598833025182087e-17
101,sum,combined_l48_r08_m05,combined,48.0,0.8,0.5,3,target:101:combined_l48_r08_m05:3:1399088946,2.770680494331521e-19,1.0,5.0321686744569136e-26
101,pna,combined_l48_r08_m05,combined,48.0,0.8,0.5,3,target:101:combined_l48_r08_m05:3:1399088946,6.744801066815853e-05,1.0,2.1027119601058075e-08
101,mean,combined_l48_r08_m05,combined,48.0,0.8,0.5,4,target:101:combined_l48_r08_m05:4:2081627416,1.8250338484904205e-07,1.0,1.8966644227402796e-11
101,mean_degree,combined_l48_r08_m05,combined,48.0,0.8,0.5,4,target:101:combined_l48_r08_m05:4:2081627416,9.515432886075814e-10,1.0,2.928731823370807e-15
101,sum,combined_l48_r08_m05,combined,48.0,0.8,0.5,4,target:101:combined_l48_r08_m05:4:2081627416,1.5144827124162485e-14,1.0,4.9177774773995475e-31
101,pna,combined_l48_r08_m05,combined,48.0,0.8,0.5,4,target:101:combined_l48_r08_m05:4:2081627416,8.752233406994492e-05,1.0,3.8124319701182685e-08
101,mean,combined_l48_r08_m05,combined,48.0,0.8,0.5,5,target:101:combined_l48_r08_m05:5:998047629,2.347050696016595e-07,1.0,1.7136386060156994e-11
101,mean_degree,combined_l48_r08_m05,combined,48.0,0.8,0.5,5,target:101:combined_l48_r08_m05:5:998047629,4.925050367532435e-10,1.0,5.308803878509153e-16
101,sum,combined_l48_r08_m05,combined,48.0,0.8,0.5,5,target:101:combined_l48_r08_m05:5:998047629,3.1223288797018617e-17,1.0,2.7538854219199857e-29
101,pna,combined_l48_r08_m05,combined,48.0,0.8,0.5,5,target:101:combined_l48_r08_m05:5:998047629,0.00010569454752840102,1.0,9.305311721163889e-08
101,mean,combined_l48_r08_m05,combined,48.0,0.8,0.5,6,target:101:combined_l48_r08_m05:6:744024636,5.132033038535155e-07,1.0,5.976912714755755e-11
101,mean_degree,combined_l48_r08_m05,combined,48.0,0.8,0.5,6,target:101:combined_l48_r08_m05:6:744024636,2.922508068881058e-10,1.0,8.395146034051324e-17
101,sum,combined_l48_r08_m05,combined,48.0,0.8,0.5,6,target:101:combined_l48_r08_m05:6:744024636,1.0884606968022744e-16,1.0,2.16123862054501e-28
101,pna,combined_l48_r08_m05,combined,48.0,0.8,0.5,6,target:101:combined_l48_r08_m05:6:744024636,0.0001332976680714637,1.0,7.604407414874004e-08
101,mean,combined_l48_r08_m05,combined,48.0,0.8,0.5,7,target:101:combined_l48_r08_m05:7:38146767,1.4205099319042347e-07,1.0,2.1087868864316794e-12
101,mean_degree,combined_l48_r08_m05,combined,48.0,0.8,0.5,7,target:101:combined_l48_r08_m05:7:38146767,5.109921166757125e-12,1.0,3.492597268681833e-20
101,sum,combined_l48_r08_m05,combined,48.0,0.8,0.5,7,target:101:combined_l48_r08_m05:7:38146767,2.567497131633923e-21,1.0,6.166082136390864e-30
101,pna,combined_l48_r08_m05,combined,48.0,0.8,0.5,7,target:101:combined_l48_r08_m05:7:38146767,5.79866609768942e-05,1.0,1.3056544290179772e-08
131,mean,source,source,24.0,0.6,0.35,0,target:131:source:0:18359830,0.03554222732782364,0.98583984375,0.010352236218750477
131,mean_degree,source,source,24.0,0.6,0.35,0,target:131:source:0:18359830,0.03588149696588516,0.985595703125,0.010558757930994034
131,sum,source,source,24.0,0.6,0.35,0,target:131:source:0:18359830,0.05508269742131233,0.978271484375,0.01580086722970009
131,pna,source,source,24.0,0.6,0.35,0,target:131:source:0:18359830,0.05116725340485573,0.982177734375,0.013926561921834946
131,mean,source,source,24.0,0.6,0.35,1,target:131:source:1:133875978,0.04109891504049301,0.9853515625,0.011417051777243614
131,mean_degree,source,source,24.0,0.6,0.35,1,target:131:source:1:133875978,0.038993265479803085,0.985595703125,0.010747868567705154
131,sum,source,source,24.0,0.6,0.35,1,target:131:source:1:133875978,0.05831422656774521,0.978515625,0.01664605550467968
131,pna,source,source,24.0,0.6,0.35,1,target:131:source:1:133875978,0.059227943420410156,0.977294921875,0.01645352691411972
131,mean,source,source,24.0,0.6,0.35,2,target:131:source:2:930948518,0.03389451280236244,0.988525390625,0.009491190314292908
131,mean_degree,source,source,24.0,0.6,0.35,2,target:131:source:2:930948518,0.034605972468853,0.987548828125,0.009523414075374603
131,sum,source,source,24.0,0.6,0.35,2,target:131:source:2:930948518,0.048039209097623825,0.983154296875,0.013236497528851032
131,pna,source,source,24.0,0.6,0.35,2,target:131:source:2:930948518,0.05413012206554413,0.977783203125,0.015781071037054062
131,mean,source,source,24.0,0.6,0.35,3,target:131:source:3:1163654428,0.04912302643060684,0.98291015625,0.013017524033784866
131,mean_degree,source,source,24.0,0.6,0.35,3,target:131:source:3:1163654428,0.046014055609703064,0.984619140625,0.012406096793711185
131,sum,source,source,24.0,0.6,0.35,3,target:131:source:3:1163654428,0.061912812292575836,0.97802734375,0.01700643077492714
131,pna,source,source,24.0,0.6,0.35,3,target:131:source:3:1163654428,0.07848701626062393,0.9716796875,0.021164320409297943
131,mean,source,source,24.0,0.6,0.35,4,target:131:source:4:1583346487,0.04574703425168991,0.98291015625,0.012266654521226883
131,mean_degree,source,source,24.0,0.6,0.35,4,target:131:source:4:1583346487,0.0427267923951149,0.984130859375,0.011537829414010048
131,sum,source,source,24.0,0.6,0.35,4,target:131:source:4:1583346487,0.05637118220329285,0.978759765625,0.016212739050388336
131,pna,source,source,24.0,0.6,0.35,4,target:131:source:4:1583346487,0.060146063566207886,0.976318359375,0.016579873859882355
131,mean,source,source,24.0,0.6,0.35,5,target:131:source:5:1953577123,0.02719607762992382,0.9912109375,0.00737905316054821
131,mean_degree,source,source,24.0,0.6,0.35,5,target:131:source:5:1953577123,0.026108380407094955,0.991455078125,0.007027401123195887
131,sum,source,source,24.0,0.6,0.35,5,target:131:source:5:1953577123,0.04106196016073227,0.98388671875,0.011839797720313072
131,pna,source,source,24.0,0.6,0.35,5,target:131:source:5:1953577123,0.038971658796072006,0.9873046875,0.01071203500032425
131,mean,source,source,24.0,0.6,0.35,6,target:131:source:6:677051519,0.03646627441048622,0.98583984375,0.0101122772321105
131,mean_degree,source,source,24.0,0.6,0.35,6,target:131:source:6:677051519,0.03481405973434448,0.986083984375,0.009804775938391685
131,sum,source,source,24.0,0.6,0.35,6,target:131:source:6:677051519,0.05310163274407387,0.979248046875,0.015347108244895935
131,pna,source,source,24.0,0.6,0.35,6,target:131:source:6:677051519,0.049271658062934875,0.983642578125,0.013445913791656494
131,mean,source,source,24.0,0.6,0.35,7,target:131:source:7:1303004164,0.041894376277923584,0.982666015625,0.012425584718585014
131,mean_degree,source,source,24.0,0.6,0.35,7,target:131:source:7:1303004164,0.03938189893960953,0.98388671875,0.011475129052996635
131,sum,source,source,24.0,0.6,0.35,7,target:131:source:7:1303004164,0.05519017577171326,0.978271484375,0.015677494928240776
131,pna,source,source,24.0,0.6,0.35,7,target:131:source:7:1303004164,0.06003883481025696,0.978759765625,0.01676374301314354
131,mean,lambda_low,degree,12.0,0.6,0.35,0,target:131:lambda_low:0:382047926,0.43682849407196045,0.8935546875,0.08914997428655624
131,mean_degree,lambda_low,degree,12.0,0.6,0.35,0,target:131:lambda_low:0:382047926,0.24425707757472992,0.912353515625,0.06805156916379929
131,sum,lambda_low,degree,12.0,0.6,0.35,0,target:131:lambda_low:0:382047926,0.25782299041748047,0.895263671875,0.0782475620508194
131,pna,lambda_low,degree,12.0,0.6,0.35,0,target:131:lambda_low:0:382047926,0.41332775354385376,0.887451171875,0.09272786974906921
131,mean,lambda_low,degree,12.0,0.6,0.35,1,target:131:lambda_low:1:1775854894,0.44080039858818054,0.89990234375,0.08288870751857758
131,mean_degree,lambda_low,degree,12.0,0.6,0.35,1,target:131:lambda_low:1:1775854894,0.25330570340156555,0.9140625,0.06615237146615982
131,sum,lambda_low,degree,12.0,0.6,0.35,1,target:131:lambda_low:1:1775854894,0.25026562809944153,0.904052734375,0.07361991703510284
131,pna,lambda_low,degree,12.0,0.6,0.35,1,target:131:lambda_low:1:1775854894,0.39217814803123474,0.896240234375,0.08369086682796478
131,mean,lambda_low,degree,12.0,0.6,0.35,2,target:131:lambda_low:2:1135660808,0.3017219007015228,0.91455078125,0.07014141976833344
131,mean_degree,lambda_low,degree,12.0,0.6,0.35,2,target:131:lambda_low:2:1135660808,0.2652410864830017,0.899658203125,0.0758046805858612
131,sum,lambda_low,degree,12.0,0.6,0.35,2,target:131:lambda_low:2:1135660808,0.23274856805801392,0.9130859375,0.06708437204360962
131,pna,lambda_low,degree,12.0,0.6,0.35,2,target:131:lambda_low:2:1135660808,0.293432354927063,0.90673828125,0.07398834079504013
131,mean,lambda_low,degree,12.0,0.6,0.35,3,target:131:lambda_low:3:1993830004,0.42782729864120483,0.8935546875,0.08853304386138916
131,mean_degree,lambda_low,degree,12.0,0.6,0.35,3,target:131:lambda_low:3:1993830004,0.44794541597366333,0.846923828125,0.11759206652641296
131,sum,lambda_low,degree,12.0,0.6,0.35,3,target:131:lambda_low:3:1993830004,0.2858040928840637,0.884033203125,0.08660618215799332
131,pna,lambda_low,degree,12.0,0.6,0.35,3,target:131:lambda_low:3:1993830004,0.4289283752441406,0.877685546875,0.09899488091468811
131,mean,lambda_low,degree,12.0,0.6,0.35,4,target:131:lambda_low:4:888311452,0.36720040440559387,0.90380859375,0.07965332269668579
131,mean_degree,lambda_low,degree,12.0,0.6,0.35,4,target:131:lambda_low:4:888311452,0.31289398670196533,0.88525390625,0.08584294468164444
131,sum,lambda_low,degree,12.0,0.6,0.35,4,target:131:lambda_low:4:888311452,0.2552419900894165,0.899658203125,0.07568401843309402
131,pna,lambda_low,degree,12.0,0.6,0.35,4,target:131:lambda_low:4:888311452,0.35251134634017944,0.894775390625,0.08199211955070496
131,mean,lambda_low,degree,12.0,0.6,0.35,5,target:131:lambda_low:5:1343776039,0.4059290885925293,0.89404296875,0.08751973509788513
131,mean_degree,lambda_low,degree,12.0,0.6,0.35,5,target:131:lambda_low:5:1343776039,0.38294506072998047,0.869140625,0.1038186103105545
131,sum,lambda_low,degree,12.0,0.6,0.35,5,target:131:lambda_low:5:1343776039,0.2745864689350128,0.890625,0.08215869963169098
131,pna,lambda_low,degree,12.0,0.6,0.35,5,target:131:lambda_low:5:1343776039,0.41408100724220276,0.88623046875,0.09463749825954437
131,mean,lambda_low,degree,12.0,0.6,0.35,6,target:131:lambda_low:6:985288018,0.5679582953453064,0.861328125,0.11585615575313568
131,mean_degree,lambda_low,degree,12.0,0.6,0.35,6,target:131:lambda_low:6:985288018,0.36719703674316406,0.8681640625,0.09859001636505127
131,sum,lambda_low,degree,12.0,0.6,0.35,6,target:131:lambda_low:6:985288018,0.31472569704055786,0.870849609375,0.09622694551944733
131,pna,lambda_low,degree,12.0,0.6,0.35,6,target:131:lambda_low:6:985288018,0.508330225944519,0.86279296875,0.11297528445720673
131,mean,lambda_low,degree,12.0,0.6,0.35,7,target:131:lambda_low:7:1360262631,0.3511723279953003,0.908203125,0.07555651664733887
131,mean_degree,lambda_low,degree,12.0,0.6,0.35,7,target:131:lambda_low:7:1360262631,0.317211389541626,0.88623046875,0.08616641908884048
131,sum,lambda_low,degree,12.0,0.6,0.35,7,target:131:lambda_low:7:1360262631,0.24441824853420258,0.9033203125,0.07199959456920624
131,pna,lambda_low,degree,12.0,0.6,0.35,7,target:131:lambda_low:7:1360262631,0.33043330907821655,0.900634765625,0.07801688462495804
131,mean,lambda_high,degree,48.0,0.6,0.35,0,target:131:lambda_high:0:730711903,0.005107741802930832,0.999267578125,0.0006520580500364304
131,mean_degree,lambda_high,degree,48.0,0.6,0.35,0,target:131:lambda_high:0:730711903,0.005183835048228502,0.998779296875,0.0011738542234525084
131,sum,lambda_high,degree,48.0,0.6,0.35,0,target:131:lambda_high:0:730711903,0.005923382937908173,0.99853515625,0.0012906353222206235
131,pna,lambda_high,degree,48.0,0.6,0.35,0,target:131:lambda_high:0:730711903,0.011136696673929691,0.997802734375,0.0018275697948411107
131,mean,lambda_high,degree,48.0,0.6,0.35,1,target:131:lambda_high:1:122646422,0.0058489833027124405,0.998291015625,0.0011129353661090136
131,mean_degree,lambda_high,degree,48.0,0.6,0.35,1,target:131:lambda_high:1:122646422,0.0068328664638102055,0.997314453125,0.001977670006453991
131,sum,lambda_high,degree,48.0,0.6,0.35,1,target:131:lambda_high:1:122646422,0.0020890403538942337,0.998779296875,0.0006866405601613224
131,pna,lambda_high,degree,48.0,0.6,0.35,1,target:131:lambda_high:1:122646422,0.012475877068936825,0.99658203125,0.0025482233613729477
131,mean,lambda_high,degree,48.0,0.6,0.35,2,target:131:lambda_high:2:1941337894,0.004639120306819677,1.0,0.000417177943745628
131,mean_degree,lambda_high,degree,48.0,0.6,0.35,2,target:131:lambda_high:2:1941337894,0.0010964444372802973,0.999755859375,0.00012404128210619092
131,sum,lambda_high,degree,48.0,0.6,0.35,2,target:131:lambda_high:2:1941337894,0.000415356713347137,0.999755859375,0.00013613479677587748
131,pna,lambda_high,degree,48.0,0.6,0.35,2,target:131:lambda_high:2:1941337894,0.008194892667233944,0.999267578125,0.0009779765969142318
131,mean,lambda_high,degree,48.0,0.6,0.35,3,target:131:lambda_high:3:2012141797,0.0050558773800730705,0.999755859375,0.000542638823390007
131,mean_degree,lambda_high,degree,48.0,0.6,0.35,3,target:131:lambda_high:3:2012141797,0.0026672922540456057,0.998779296875,0.0005619628936983645
131,sum,lambda_high,degree,48.0,0.6,0.35,3,target:131:lambda_high:3:2012141797,0.001204064697958529,0.9990234375,0.00043262142571620643
131,pna,lambda_high,degree,48.0,0.6,0.35,3,target:131:lambda_high:3:2012141797,0.010383430868387222,0.99853515625,0.0015437823021784425
131,mean,lambda_high,degree,48.0,0.6,0.35,4,target:131:lambda_high:4:1407526663,0.010480689816176891,0.99853515625,0.0014718007296323776
131,mean_degree,lambda_high,degree,48.0,0.6,0.35,4,target:131:lambda_high:4:1407526663,0.010239939205348492,0.996826171875,0.0024802428670227528
131,sum,lambda_high,degree,48.0,0.6,0.35,4,target:131:lambda_high:4:1407526663,0.003968833014369011,0.998046875,0.0012954300036653876
131,pna,lambda_high,degree,48.0,0.6,0.35,4,target:131:lambda_high:4:1407526663,0.019954711198806763,0.99755859375,0.0032035771291702986
131,mean,lambda_high,degree,48.0,0.6,0.35,5,target:131:lambda_high:5:679482821,0.007406017743051052,0.999267578125,0.0011493056081235409
131,mean_degree,lambda_high,degree,48.0,0.6,0.35,5,target:131:lambda_high:5:679482821,0.008671874180436134,0.99755859375,0.0019893734715878963
131,sum,lambda_high,degree,48.0,0.6,0.35,5,target:131:lambda_high:5:679482821,0.0024581006728112698,0.999267578125,0.0006868678028695285
131,pna,lambda_high,degree,48.0,0.6,0.35,5,target:131:lambda_high:5:679482821,0.015579905360937119,0.997802734375,0.0028823227621614933
131,mean,lambda_high,degree,48.0,0.6,0.35,6,target:131:lambda_high:6:349967139,0.004763072356581688,0.999267578125,0.0007300077122636139
131,mean_degree,lambda_high,degree,48.0,0.6,0.35,6,target:131:lambda_high:6:349967139,0.0013735732063651085,1.0,0.00024199187464546412
131,sum,lambda_high,degree,48.0,0.6,0.35,6,target:131:lambda_high:6:349967139,0.0003194553137291223,1.0,7.418043969664723e-05
131,pna,lambda_high,degree,48.0,0.6,0.35,6,target:131:lambda_high:6:349967139,0.006758163683116436,0.998291015625,0.001005450263619423
131,mean,lambda_high,degree,48.0,0.6,0.35,7,target:131:lambda_high:7:1306171462,0.007167231757193804,0.9990234375,0.0010773253161460161
131,mean_degree,lambda_high,degree,48.0,0.6,0.35,7,target:131:lambda_high:7:1306171462,0.0019695539958775043,0.99951171875,0.00041780740139074624
131,sum,lambda_high,degree,48.0,0.6,0.35,7,target:131:lambda_high:7:1306171462,0.0012999983737245202,0.99951171875,0.0003736848884727806
131,pna,lambda_high,degree,48.0,0.6,0.35,7,target:131:lambda_high:7:1306171462,0.012948098592460155,0.998046875,0.0020529753528535366
131,mean,rho_low,homophily,24.0,0.3,0.35,0,target:131:rho_low:0:1111805394,0.5233944058418274,0.7890625,0.15490256249904633
131,mean_degree,rho_low,homophily,24.0,0.3,0.35,0,target:131:rho_low:0:1111805394,0.5228905081748962,0.7890625,0.15503481030464172
131,sum,rho_low,homophily,24.0,0.3,0.35,0,target:131:rho_low:0:1111805394,0.5376958250999451,0.79345703125,0.1541805863380432
131,pna,rho_low,homophily,24.0,0.3,0.35,0,target:131:rho_low:0:1111805394,0.5725510120391846,0.769775390625,0.17155534029006958
131,mean,rho_low,homophily,24.0,0.3,0.35,1,target:131:rho_low:1:1921407996,0.47696906328201294,0.8095703125,0.14109216630458832
131,mean_degree,rho_low,homophily,24.0,0.3,0.35,1,target:131:rho_low:1:1921407996,0.4700966775417328,0.8125,0.1400119960308075
131,sum,rho_low,homophily,24.0,0.3,0.35,1,target:131:rho_low:1:1921407996,0.5078893303871155,0.812255859375,0.14305885136127472
131,pna,rho_low,homophily,24.0,0.3,0.35,1,target:131:rho_low:1:1921407996,0.5386151075363159,0.782958984375,0.1590207815170288
131,mean,rho_low,homophily,24.0,0.3,0.35,2,target:131:rho_low:2:1570627583,0.5533028244972229,0.773193359375,0.16667090356349945
131,mean_degree,rho_low,homophily,24.0,0.3,0.35,2,target:131:rho_low:2:1570627583,0.5516635775566101,0.775146484375,0.1668785661458969
131,sum,rho_low,homophily,24.0,0.3,0.35,2,target:131:rho_low:2:1570627583,0.5857924222946167,0.78125,0.16560189425945282
131,pna,rho_low,homophily,24.0,0.3,0.35,2,target:131:rho_low:2:1570627583,0.593712568283081,0.75390625,0.18007999658584595
131,mean,rho_low,homophily,24.0,0.3,0.35,3,target:131:rho_low:3:252985209,0.5759001970291138,0.774658203125,0.16866187751293182
131,mean_degree,rho_low,homophily,24.0,0.3,0.35,3,target:131:rho_low:3:252985209,0.5657662153244019,0.778564453125,0.16643893718719482
131,sum,rho_low,homophily,24.0,0.3,0.35,3,target:131:rho_low:3:252985209,0.6094533801078796,0.776123046875,0.17110061645507812
131,pna,rho_low,homophily,24.0,0.3,0.35,3,target:131:rho_low:3:252985209,0.5807775259017944,0.765380859375,0.1726350039243698
131,mean,rho_low,homophily,24.0,0.3,0.35,4,target:131:rho_low:4:1447078105,0.4907505214214325,0.810546875,0.1415725201368332
131,mean_degree,rho_low,homophily,24.0,0.3,0.35,4,target:131:rho_low:4:1447078105,0.4798716902732849,0.809326171875,0.1395750641822815
131,sum,rho_low,homophily,24.0,0.3,0.35,4,target:131:rho_low:4:1447078105,0.504366397857666,0.817626953125,0.14062544703483582
131,pna,rho_low,homophily,24.0,0.3,0.35,4,target:131:rho_low:4:1447078105,0.49800819158554077,0.801025390625,0.1483324021100998
131,mean,rho_low,homophily,24.0,0.3,0.35,5,target:131:rho_low:5:1650047450,0.572397768497467,0.77783203125,0.16567963361740112
131,mean_degree,rho_low,homophily,24.0,0.3,0.35,5,target:131:rho_low:5:1650047450,0.5688304901123047,0.77783203125,0.16612598299980164
131,sum,rho_low,homophily,24.0,0.3,0.35,5,target:131:rho_low:5:1650047450,0.5944555997848511,0.782958984375,0.16610410809516907
131,pna,rho_low,homophily,24.0,0.3,0.35,5,target:131:rho_low:5:1650047450,0.5833553671836853,0.76318359375,0.17409956455230713
131,mean,rho_low,homophily,24.0,0.3,0.35,6,target:131:rho_low:6:555588507,0.5147162675857544,0.7919921875,0.15012507140636444
131,mean_degree,rho_low,homophily,24.0,0.3,0.35,6,target:131:rho_low:6:555588507,0.511422336101532,0.79833984375,0.14973752200603485
131,sum,rho_low,homophily,24.0,0.3,0.35,6,target:131:rho_low:6:555588507,0.5406995415687561,0.7998046875,0.15200169384479523
131,pna,rho_low,homophily,24.0,0.3,0.35,6,target:131:rho_low:6:555588507,0.5464634895324707,0.78271484375,0.16261321306228638
131,mean,rho_low,homophily,24.0,0.3,0.35,7,target:131:rho_low:7:184887010,0.5381652116775513,0.7958984375,0.15397967398166656
131,mean_degree,rho_low,homophily,24.0,0.3,0.35,7,target:131:rho_low:7:184887010,0.5351710915565491,0.797119140625,0.1542028784751892
131,sum,rho_low,homophily,24.0,0.3,0.35,7,target:131:rho_low:7:184887010,0.5919800996780396,0.790283203125,0.16103455424308777
131,pna,rho_low,homophily,24.0,0.3,0.35,7,target:131:rho_low:7:184887010,0.5677221417427063,0.77490234375,0.16754452884197235
131,mean,rho_high,homophily,24.0,0.8,0.35,0,target:131:rho_high:0:1380435280,0.0007436153246089816,1.0,0.00011848846770590171
131,mean_degree,rho_high,homophily,24.0,0.8,0.35,0,target:131:rho_high:0:1380435280,0.0007619312964379787,1.0,0.00010508173727430403
131,sum,rho_high,homophily,24.0,0.8,0.35,0,target:131:rho_high:0:1380435280,0.0022213999181985855,0.999755859375,0.00036282476503401995
131,pna,rho_high,homophily,24.0,0.8,0.35,0,target:131:rho_high:0:1380435280,0.002933946903795004,0.9990234375,0.0006656874320469797
131,mean,rho_high,homophily,24.0,0.8,0.35,1,target:131:rho_high:1:1602466841,0.0038546868599951267,0.9990234375,0.0009570636320859194
131,mean_degree,rho_high,homophily,24.0,0.8,0.35,1,target:131:rho_high:1:1602466841,0.00321267731487751,0.999267578125,0.0007369421073235571
131,sum,rho_high,homophily,24.0,0.8,0.35,1,target:131:rho_high:1:1602466841,0.008144700899720192,0.997314453125,0.0018998512532562017
131,pna,rho_high,homophily,24.0,0.8,0.35,1,target:131:rho_high:1:1602466841,0.007156820502132177,0.998046875,0.0015343574341386557
131,mean,rho_high,homophily,24.0,0.8,0.35,2,target:131:rho_high:2:393344787,0.0001707697520032525,1.0,1.8898907001130283e-05
131,mean_degree,rho_high,homophily,24.0,0.8,0.35,2,target:131:rho_high:2:393344787,0.00020769712864421308,1.0,2.7487636543810368e-05
131,sum,rho_high,homophily,24.0,0.8,0.35,2,target:131:rho_high:2:393344787,0.0007629292667843401,0.999755859375,0.00016696097736712545
131,pna,rho_high,homophily,24.0,0.8,0.35,2,target:131:rho_high:2:393344787,0.0005714574363082647,1.0,6.567153468495235e-05
131,mean,rho_high,homophily,24.0,0.8,0.35,3,target:131:rho_high:3:870181772,0.000765528529882431,0.999755859375,0.00015775258361827582
131,mean_degree,rho_high,homophily,24.0,0.8,0.35,3,target:131:rho_high:3:870181772,0.0006979565951041877,0.999755859375,0.00011835131590487435
131,sum,rho_high,homophily,24.0,0.8,0.35,3,target:131:rho_high:3:870181772,0.0021314802579581738,0.99951171875,0.0004114074690733105
131,pna,rho_high,homophily,24.0,0.8,0.35,3,target:131:rho_high:3:870181772,0.002425242681056261,0.99951171875,0.0004620636173058301
131,mean,rho_high,homophily,24.0,0.8,0.35,4,target:131:rho_high:4:847591462,0.0005854213377460837,0.999755859375,0.00014544359873980284
131,mean_degree,rho_high,homophily,24.0,0.8,0.35,4,target:131:rho_high:4:847591462,0.000783607829362154,0.99951171875,0.00022735309903509915
131,sum,rho_high,homophily,24.0,0.8,0.35,4,target:131:rho_high:4:847591462,0.0013730752980336547,0.999755859375,0.000288577051833272
131,pna,rho_high,homophily,24.0,0.8,0.35,4,target:131:rho_high:4:847591462,0.0014447580324485898,0.999755859375,0.000296505430014804
131,mean,rho_high,homophily,24.0,0.8,0.35,5,target:131:rho_high:5:509991511,0.0007154783234000206,0.999755859375,0.0001543897669762373
131,mean_degree,rho_high,homophily,24.0,0.8,0.35,5,target:131:rho_high:5:509991511,0.0007413144921883941,0.999755859375,0.00015962561883497983
131,sum,rho_high,homophily,24.0,0.8,0.35,5,target:131:rho_high:5:509991511,0.0020271011162549257,0.999755859375,0.0003951168619096279
131,pna,rho_high,homophily,24.0,0.8,0.35,5,target:131:rho_high:5:509991511,0.0014498364180326462,0.999755859375,0.00020732078701257706
131,mean,rho_high,homophily,24.0,0.8,0.35,6,target:131:rho_high:6:126388764,0.0006039183354005218,1.0,2.593393401184585e-05
131,mean_degree,rho_high,homophily,24.0,0.8,0.35,6,target:131:rho_high:6:126388764,0.0006373536307364702,1.0,3.510927126626484e-05
131,sum,rho_high,homophily,24.0,0.8,0.35,6,target:131:rho_high:6:126388764,0.002247733762487769,0.999755859375,0.0003527967492118478
131,pna,rho_high,homophily,24.0,0.8,0.35,6,target:131:rho_high:6:126388764,0.00166804320178926,1.0,0.0001465574896428734
131,mean,rho_high,homophily,24.0,0.8,0.35,7,target:131:rho_high:7:123300624,0.003070000559091568,0.999267578125,0.0007275938405655324
131,mean_degree,rho_high,homophily,24.0,0.8,0.35,7,target:131:rho_high:7:123300624,0.0030786609277129173,0.998779296875,0.0008270245743915439
131,sum,rho_high,homophily,24.0,0.8,0.35,7,target:131:rho_high:7:123300624,0.004947797395288944,0.99853515625,0.0012844630982726812
131,pna,rho_high,homophily,24.0,0.8,0.35,7,target:131:rho_high:7:123300624,0.005272485315799713,0.998291015625,0.0012747722212225199
131,mean,mu_low,feature_signal,24.0,0.6,0.2,0,target:131:mu_low:0:1966965763,0.17579789459705353,0.9287109375,0.05185435339808464
131,mean_degree,mu_low,feature_signal,24.0,0.6,0.2,0,target:131:mu_low:0:1966965763,0.17239193618297577,0.927490234375,0.050786830484867096
131,sum,mu_low,feature_signal,24.0,0.6,0.2,0,target:131:mu_low:0:1966965763,0.25811779499053955,0.901123046875,0.07514429092407227
131,pna,mu_low,feature_signal,24.0,0.6,0.2,0,target:131:mu_low:0:1966965763,0.21623006463050842,0.9140625,0.06394632160663605
131,mean,mu_low,feature_signal,24.0,0.6,0.2,1,target:131:mu_low:1:1168755728,0.16386021673679352,0.93603515625,0.046994976699352264
131,mean_degree,mu_low,feature_signal,24.0,0.6,0.2,1,target:131:mu_low:1:1168755728,0.15653645992279053,0.938720703125,0.04536568373441696
131,sum,mu_low,feature_signal,24.0,0.6,0.2,1,target:131:mu_low:1:1168755728,0.2239934802055359,0.90771484375,0.06597527116537094
131,pna,mu_low,feature_signal,24.0,0.6,0.2,1,target:131:mu_low:1:1168755728,0.20184972882270813,0.92138671875,0.05800553038716316
131,mean,mu_low,feature_signal,24.0,0.6,0.2,2,target:131:mu_low:2:450973301,0.16755560040473938,0.93505859375,0.049645520746707916
131,mean_degree,mu_low,feature_signal,24.0,0.6,0.2,2,target:131:mu_low:2:450973301,0.1615685522556305,0.937744140625,0.04800327122211456
131,sum,mu_low,feature_signal,24.0,0.6,0.2,2,target:131:mu_low:2:450973301,0.2341892421245575,0.907470703125,0.06970757246017456
131,pna,mu_low,feature_signal,24.0,0.6,0.2,2,target:131:mu_low:2:450973301,0.19598069787025452,0.921630859375,0.05842170864343643
131,mean,mu_low,feature_signal,24.0,0.6,0.2,3,target:131:mu_low:3:2015493803,0.24642200767993927,0.899169921875,0.07429707050323486
131,mean_degree,mu_low,feature_signal,24.0,0.6,0.2,3,target:131:mu_low:3:2015493803,0.24628983438014984,0.90234375,0.07382787764072418
131,sum,mu_low,feature_signal,24.0,0.6,0.2,3,target:131:mu_low:3:2015493803,0.31786879897117615,0.877685546875,0.09240660071372986
131,pna,mu_low,feature_signal,24.0,0.6,0.2,3,target:131:mu_low:3:2015493803,0.30314260721206665,0.8779296875,0.09078502655029297
131,mean,mu_low,feature_signal,24.0,0.6,0.2,4,target:131:mu_low:4:654356623,0.18564221262931824,0.928955078125,0.053752876818180084
131,mean_degree,mu_low,feature_signal,24.0,0.6,0.2,4,target:131:mu_low:4:654356623,0.17976871132850647,0.930419921875,0.05267105624079704
131,sum,mu_low,feature_signal,24.0,0.6,0.2,4,target:131:mu_low:4:654356623,0.24208906292915344,0.906982421875,0.07096954435110092
131,pna,mu_low,feature_signal,24.0,0.6,0.2,4,target:131:mu_low:4:654356623,0.22901779413223267,0.907958984375,0.06743977963924408
131,mean,mu_low,feature_signal,24.0,0.6,0.2,5,target:131:mu_low:5:2076639634,0.20645858347415924,0.918212890625,0.060021646320819855
131,mean_degree,mu_low,feature_signal,24.0,0.6,0.2,5,target:131:mu_low:5:2076639634,0.20263135433197021,0.9189453125,0.058930546045303345
131,sum,mu_low,feature_signal,24.0,0.6,0.2,5,target:131:mu_low:5:2076639634,0.2844955027103424,0.888427734375,0.08262450993061066
131,pna,mu_low,feature_signal,24.0,0.6,0.2,5,target:131:mu_low:5:2076639634,0.26294976472854614,0.89697265625,0.07653337717056274
131,mean,mu_low,feature_signal,24.0,0.6,0.2,6,target:131:mu_low:6:1651379652,0.26419180631637573,0.89697265625,0.07678252458572388
131,mean_degree,mu_low,feature_signal,24.0,0.6,0.2,6,target:131:mu_low:6:1651379652,0.2497575283050537,0.9052734375,0.07296443730592728
131,sum,mu_low,feature_signal,24.0,0.6,0.2,6,target:131:mu_low:6:1651379652,0.33942878246307373,0.871826171875,0.09601855278015137
131,pna,mu_low,feature_signal,24.0,0.6,0.2,6,target:131:mu_low:6:1651379652,0.3214529752731323,0.87353515625,0.09377124905586243
131,mean,mu_low,feature_signal,24.0,0.6,0.2,7,target:131:mu_low:7:282077625,0.14732027053833008,0.93896484375,0.04357367381453514
131,mean_degree,mu_low,feature_signal,24.0,0.6,0.2,7,target:131:mu_low:7:282077625,0.1435735523700714,0.941162109375,0.04257547855377197
131,sum,mu_low,feature_signal,24.0,0.6,0.2,7,target:131:mu_low:7:282077625,0.20537307858467102,0.9228515625,0.059293948113918304
131,pna,mu_low,feature_signal,24.0,0.6,0.2,7,target:131:mu_low:7:282077625,0.20507735013961792,0.916748046875,0.060868073254823685
131,mean,mu_high,feature_signal,24.0,0.6,0.5,0,target:131:mu_high:0:840701220,0.019579710438847542,0.99365234375,0.00487540103495121
131,mean_degree,mu_high,feature_signal,24.0,0.6,0.5,0,target:131:mu_high:0:840701220,0.015994708985090256,0.99560546875,0.003959410358220339
131,sum,mu_high,feature_signal,24.0,0.6,0.5,0,target:131:mu_high:0:840701220,0.020104315131902695,0.993896484375,0.005328859202563763
131,pna,mu_high,feature_signal,24.0,0.6,0.5,0,target:131:mu_high:0:840701220,0.02435348369181156,0.99169921875,0.006321697495877743
131,mean,mu_high,feature_signal,24.0,0.6,0.5,1,target:131:mu_high:1:463362123,0.019642699509859085,0.993896484375,0.004610120318830013
131,mean_degree,mu_high,feature_signal,24.0,0.6,0.5,1,target:131:mu_high:1:463362123,0.018851568922400475,0.99462890625,0.004585778806358576
131,sum,mu_high,feature_signal,24.0,0.6,0.5,1,target:131:mu_high:1:463362123,0.023587148636579514,0.992431640625,0.006112096831202507
131,pna,mu_high,feature_signal,24.0,0.6,0.5,1,target:131:mu_high:1:463362123,0.025417733937501907,0.99267578125,0.006420540623366833
131,mean,mu_high,feature_signal,24.0,0.6,0.5,2,target:131:mu_high:2:380608207,0.019689228385686874,0.993408203125,0.005208545830100775
131,mean_degree,mu_high,feature_signal,24.0,0.6,0.5,2,target:131:mu_high:2:380608207,0.021840117871761322,0.9921875,0.006021370179951191
131,sum,mu_high,feature_signal,24.0,0.6,0.5,2,target:131:mu_high:2:380608207,0.02402862161397934,0.991455078125,0.006543622352182865
131,pna,mu_high,feature_signal,24.0,0.6,0.5,2,target:131:mu_high:2:380608207,0.026084333658218384,0.990966796875,0.0069479746744036674
131,mean,mu_high,feature_signal,24.0,0.6,0.5,3,target:131:mu_high:3:1585924190,0.014017835259437561,0.9951171875,0.004006357863545418
131,mean_degree,mu_high,feature_signal,24.0,0.6,0.5,3,target:131:mu_high:3:1585924190,0.014638405293226242,0.994384765625,0.004173232242465019
131,sum,mu_high,feature_signal,24.0,0.6,0.5,3,target:131:mu_high:3:1585924190,0.020396534353494644,0.99267578125,0.005627579055726528
131,pna,mu_high,feature_signal,24.0,0.6,0.5,3,target:131:mu_high:3:1585924190,0.02075057104229927,0.993896484375,0.0054328832775354385
131,mean,mu_high,feature_signal,24.0,0.6,0.5,4,target:131:mu_high:4:1554628604,0.010424205102026463,0.9970703125,0.002518296241760254
131,mean_degree,mu_high,feature_signal,24.0,0.6,0.5,4,target:131:mu_high:4:1554628604,0.010072927922010422,0.9970703125,0.0024710348807275295
131,sum,mu_high,feature_signal,24.0,0.6,0.5,4,target:131:mu_high:4:1554628604,0.014424730092287064,0.995849609375,0.003780314465984702
131,pna,mu_high,feature_signal,24.0,0.6,0.5,4,target:131:mu_high:4:1554628604,0.01544206216931343,0.995361328125,0.003814565483480692
131,mean,mu_high,feature_signal,24.0,0.6,0.5,5,target:131:mu_high:5:1891576799,0.013221876695752144,0.994873046875,0.00372171588242054
131,mean_degree,mu_high,feature_signal,24.0,0.6,0.5,5,target:131:mu_high:5:1891576799,0.01237858273088932,0.9951171875,0.0035474002361297607
131,sum,mu_high,feature_signal,24.0,0.6,0.5,5,target:131:mu_high:5:1891576799,0.013365888968110085,0.99609375,0.0035958937369287014
131,pna,mu_high,feature_signal,24.0,0.6,0.5,5,target:131:mu_high:5:1891576799,0.019401773810386658,0.9931640625,0.005224093794822693
131,mean,mu_high,feature_signal,24.0,0.6,0.5,6,target:131:mu_high:6:1417054196,0.016198057681322098,0.993896484375,0.004375796299427748
131,mean_degree,mu_high,feature_signal,24.0,0.6,0.5,6,target:131:mu_high:6:1417054196,0.016004644334316254,0.994140625,0.004465494304895401
131,sum,mu_high,feature_signal,24.0,0.6,0.5,6,target:131:mu_high:6:1417054196,0.018381701782345772,0.993408203125,0.004905702546238899
131,pna,mu_high,feature_signal,24.0,0.6,0.5,6,target:131:mu_high:6:1417054196,0.0182135459035635,0.993896484375,0.004777239169925451
131,mean,mu_high,feature_signal,24.0,0.6,0.5,7,target:131:mu_high:7:761091655,0.019877802580595016,0.993408203125,0.004852184094488621
131,mean_degree,mu_high,feature_signal,24.0,0.6,0.5,7,target:131:mu_high:7:761091655,0.018009744584560394,0.994140625,0.0043622273951768875
131,sum,mu_high,feature_signal,24.0,0.6,0.5,7,target:131:mu_high:7:761091655,0.023303644731640816,0.990966796875,0.006338823586702347
131,pna,mu_high,feature_signal,24.0,0.6,0.5,7,target:131:mu_high:7:761091655,0.025896191596984863,0.99169921875,0.0065828412771224976
131,mean,combined_l12_r03_m02,combined,12.0,0.3,0.2,0,target:131:combined_l12_r03_m02:0:1048657813,1.6489195823669434,0.639892578125,0.30864766240119934
131,mean_degree,combined_l12_r03_m02,combined,12.0,0.3,0.2,0,target:131:combined_l12_r03_m02:0:1048657813,1.234390377998352,0.616943359375,0.30682605504989624
131,sum,combined_l12_r03_m02,combined,12.0,0.3,0.2,0,target:131:combined_l12_r03_m02:0:1048657813,0.706218957901001,0.642578125,0.2378806173801422
131,pna,combined_l12_r03_m02,combined,12.0,0.3,0.2,0,target:131:combined_l12_r03_m02:0:1048657813,1.458951473236084,0.62646484375,0.3117187023162842
131,mean,combined_l12_r03_m02,combined,12.0,0.3,0.2,1,target:131:combined_l12_r03_m02:1:1829611173,1.839271903038025,0.604248046875,0.34080690145492554
131,mean_degree,combined_l12_r03_m02,combined,12.0,0.3,0.2,1,target:131:combined_l12_r03_m02:1:1829611173,1.1505694389343262,0.60888671875,0.30538368225097656
131,sum,combined_l12_r03_m02,combined,12.0,0.3,0.2,1,target:131:combined_l12_r03_m02:1:1829611173,0.7685333490371704,0.60888671875,0.2599855661392212
131,pna,combined_l12_r03_m02,combined,12.0,0.3,0.2,1,target:131:combined_l12_r03_m02:1:1829611173,1.6167734861373901,0.604736328125,0.3368452191352844
131,mean,combined_l12_r03_m02,combined,12.0,0.3,0.2,2,target:131:combined_l12_r03_m02:2:28400468,1.7678685188293457,0.5908203125,0.3462972640991211
131,mean_degree,combined_l12_r03_m02,combined,12.0,0.3,0.2,2,target:131:combined_l12_r03_m02:2:28400468,1.2577327489852905,0.583984375,0.32685521245002747
131,sum,combined_l12_r03_m02,combined,12.0,0.3,0.2,2,target:131:combined_l12_r03_m02:2:28400468,0.7604561448097229,0.606201171875,0.25903239846229553
131,pna,combined_l12_r03_m02,combined,12.0,0.3,0.2,2,target:131:combined_l12_r03_m02:2:28400468,1.5641541481018066,0.591552734375,0.33970463275909424
131,mean,combined_l12_r03_m02,combined,12.0,0.3,0.2,3,target:131:combined_l12_r03_m02:3:93477134,1.7293829917907715,0.62939453125,0.318838894367218
131,mean_degree,combined_l12_r03_m02,combined,12.0,0.3,0.2,3,target:131:combined_l12_r03_m02:3:93477134,1.1414843797683716,0.637451171875,0.28875231742858887
131,sum,combined_l12_r03_m02,combined,12.0,0.3,0.2,3,target:131:combined_l12_r03_m02:3:93477134,0.7194386720657349,0.643798828125,0.24210378527641296
131,pna,combined_l12_r03_m02,combined,12.0,0.3,0.2,3,target:131:combined_l12_r03_m02:3:93477134,1.5252509117126465,0.6220703125,0.3190898299217224
131,mean,combined_l12_r03_m02,combined,12.0,0.3,0.2,4,target:131:combined_l12_r03_m02:4:1511600728,1.753414511680603,0.621337890625,0.3251100182533264
131,mean_degree,combined_l12_r03_m02,combined,12.0,0.3,0.2,4,target:131:combined_l12_r03_m02:4:1511600728,1.0982024669647217,0.625244140625,0.2910696864128113
131,sum,combined_l12_r03_m02,combined,12.0,0.3,0.2,4,target:131:combined_l12_r03_m02:4:1511600728,0.7325723171234131,0.62744140625,0.2463931143283844
131,pna,combined_l12_r03_m02,combined,12.0,0.3,0.2,4,target:131:combined_l12_r03_m02:4:1511600728,1.5626872777938843,0.614990234375,0.3250194787979126
131,mean,combined_l12_r03_m02,combined,12.0,0.3,0.2,5,target:131:combined_l12_r03_m02:5:1280625881,1.6857560873031616,0.615966796875,0.3246901035308838
131,mean_degree,combined_l12_r03_m02,combined,12.0,0.3,0.2,5,target:131:combined_l12_r03_m02:5:1280625881,1.243295669555664,0.61083984375,0.3127281069755554
131,sum,combined_l12_r03_m02,combined,12.0,0.3,0.2,5,target:131:combined_l12_r03_m02:5:1280625881,0.7249636650085449,0.628173828125,0.24447312951087952
131,pna,combined_l12_r03_m02,combined,12.0,0.3,0.2,5,target:131:combined_l12_r03_m02:5:1280625881,1.4922935962677002,0.615234375,0.32187098264694214
131,mean,combined_l12_r03_m02,combined,12.0,0.3,0.2,6,target:131:combined_l12_r03_m02:6:851497680,1.682300090789795,0.626708984375,0.31864243745803833
131,mean_degree,combined_l12_r03_m02,combined,12.0,0.3,0.2,6,target:131:combined_l12_r03_m02:6:851497680,1.184523344039917,0.615478515625,0.30495762825012207
131,sum,combined_l12_r03_m02,combined,12.0,0.3,0.2,6,target:131:combined_l12_r03_m02:6:851497680,0.7082189321517944,0.62939453125,0.24098995327949524
131,pna,combined_l12_r03_m02,combined,12.0,0.3,0.2,6,target:131:combined_l12_r03_m02:6:851497680,1.460677146911621,0.627685546875,0.31031110882759094
131,mean,combined_l12_r03_m02,combined,12.0,0.3,0.2,7,target:131:combined_l12_r03_m02:7:1026628037,1.7859052419662476,0.604248046875,0.33790671825408936
131,mean_degree,combined_l12_r03_m02,combined,12.0,0.3,0.2,7,target:131:combined_l12_r03_m02:7:1026628037,1.2948899269104004,0.597412109375,0.321566641330719
131,sum,combined_l12_r03_m02,combined,12.0,0.3,0.2,7,target:131:combined_l12_r03_m02:7:1026628037,0.7483134865760803,0.61865234375,0.25588181614875793
131,pna,combined_l12_r03_m02,combined,12.0,0.3,0.2,7,target:131:combined_l12_r03_m02:7:1026628037,1.5415314435958862,0.6083984375,0.3311360776424408
131,mean,combined_l12_r03_m05,combined,12.0,0.3,0.5,0,target:131:combined_l12_r03_m05:0:1122369402,1.1154677867889404,0.755615234375,0.20793481171131134
131,mean_degree,combined_l12_r03_m05,combined,12.0,0.3,0.5,0,target:131:combined_l12_r03_m05:0:1122369402,0.8339575529098511,0.741943359375,0.20726771652698517
131,sum,combined_l12_r03_m05,combined,12.0,0.3,0.5,0,target:131:combined_l12_r03_m05:0:1122369402,0.4764231741428375,0.77392578125,0.15601807832717896
131,pna,combined_l12_r03_m05,combined,12.0,0.3,0.5,0,target:131:combined_l12_r03_m05:0:1122369402,0.9919861555099487,0.75341796875,0.20982840657234192
131,mean,combined_l12_r03_m05,combined,12.0,0.3,0.5,1,target:131:combined_l12_r03_m05:1:1009873944,1.08724844455719,0.7587890625,0.20391938090324402
131,mean_degree,combined_l12_r03_m05,combined,12.0,0.3,0.5,1,target:131:combined_l12_r03_m05:1:1009873944,0.8367135524749756,0.739990234375,0.20879735052585602
131,sum,combined_l12_r03_m05,combined,12.0,0.3,0.5,1,target:131:combined_l12_r03_m05:1:1009873944,0.47086405754089355,0.773193359375,0.15400390326976776
131,pna,combined_l12_r03_m05,combined,12.0,0.3,0.5,1,target:131:combined_l12_r03_m05:1:1009873944,0.9487820863723755,0.750244140625,0.20662921667099
131,mean,combined_l12_r03_m05,combined,12.0,0.3,0.5,2,target:131:combined_l12_r03_m05:2:793850476,1.184761881828308,0.757080078125,0.20810875296592712
131,mean_degree,combined_l12_r03_m05,combined,12.0,0.3,0.5,2,target:131:combined_l12_r03_m05:2:793850476,0.8035796284675598,0.745849609375,0.20032534003257751
131,sum,combined_l12_r03_m05,combined,12.0,0.3,0.5,2,target:131:combined_l12_r03_m05:2:793850476,0.48914092779159546,0.768798828125,0.15834203362464905
131,pna,combined_l12_r03_m05,combined,12.0,0.3,0.5,2,target:131:combined_l12_r03_m05:2:793850476,0.9986498355865479,0.7578125,0.20431673526763916
131,mean,combined_l12_r03_m05,combined,12.0,0.3,0.5,3,target:131:combined_l12_r03_m05:3:1487380191,1.1548196077346802,0.75,0.21365800499916077
131,mean_degree,combined_l12_r03_m05,combined,12.0,0.3,0.5,3,target:131:combined_l12_r03_m05:3:1487380191,0.7740237712860107,0.748046875,0.197922945022583
131,sum,combined_l12_r03_m05,combined,12.0,0.3,0.5,3,target:131:combined_l12_r03_m05:3:1487380191,0.49262920022010803,0.77001953125,0.1589306890964508
131,pna,combined_l12_r03_m05,combined,12.0,0.3,0.5,3,target:131:combined_l12_r03_m05:3:1487380191,0.9998640418052673,0.74462890625,0.2121434509754181
131,mean,combined_l12_r03_m05,combined,12.0,0.3,0.5,4,target:131:combined_l12_r03_m05:4:1677705102,1.1350159645080566,0.755126953125,0.20744314789772034
131,mean_degree,combined_l12_r03_m05,combined,12.0,0.3,0.5,4,target:131:combined_l12_r03_m05:4:1677705102,0.7717006206512451,0.74658203125,0.19567951560020447
131,sum,combined_l12_r03_m05,combined,12.0,0.3,0.5,4,target:131:combined_l12_r03_m05:4:1677705102,0.4769209027290344,0.78125,0.1538250893354416
131,pna,combined_l12_r03_m05,combined,12.0,0.3,0.5,4,target:131:combined_l12_r03_m05:4:1677705102,0.9631259441375732,0.753662109375,0.20529112219810486
131,mean,combined_l12_r03_m05,combined,12.0,0.3,0.5,5,target:131:combined_l12_r03_m05:5:385339515,1.2114312648773193,0.74365234375,0.21980291604995728
131,mean_degree,combined_l12_r03_m05,combined,12.0,0.3,0.5,5,target:131:combined_l12_r03_m05:5:385339515,0.8041493892669678,0.74462890625,0.20320706069469452
131,sum,combined_l12_r03_m05,combined,12.0,0.3,0.5,5,target:131:combined_l12_r03_m05:5:385339515,0.5016059875488281,0.7646484375,0.16324454545974731
131,pna,combined_l12_r03_m05,combined,12.0,0.3,0.5,5,target:131:combined_l12_r03_m05:5:385339515,1.050431489944458,0.735595703125,0.22097273170948029
131,mean,combined_l12_r03_m05,combined,12.0,0.3,0.5,6,target:131:combined_l12_r03_m05:6:306649321,1.0978834629058838,0.745849609375,0.2127210795879364
131,mean_degree,combined_l12_r03_m05,combined,12.0,0.3,0.5,6,target:131:combined_l12_r03_m05:6:306649321,0.8263218402862549,0.729248046875,0.2140534222126007
131,sum,combined_l12_r03_m05,combined,12.0,0.3,0.5,6,target:131:combined_l12_r03_m05:6:306649321,0.49936437606811523,0.77197265625,0.16225534677505493
131,pna,combined_l12_r03_m05,combined,12.0,0.3,0.5,6,target:131:combined_l12_r03_m05:6:306649321,0.9893353581428528,0.73291015625,0.21830298006534576
131,mean,combined_l12_r03_m05,combined,12.0,0.3,0.5,7,target:131:combined_l12_r03_m05:7:396149114,1.146165132522583,0.737548828125,0.21673285961151123
131,mean_degree,combined_l12_r03_m05,combined,12.0,0.3,0.5,7,target:131:combined_l12_r03_m05:7:396149114,0.8199438452720642,0.737548828125,0.20586827397346497
131,sum,combined_l12_r03_m05,combined,12.0,0.3,0.5,7,target:131:combined_l12_r03_m05:7:396149114,0.4865418076515198,0.7705078125,0.15825870633125305
131,pna,combined_l12_r03_m05,combined,12.0,0.3,0.5,7,target:131:combined_l12_r03_m05:7:396149114,0.9698069095611572,0.741943359375,0.2109696865081787
131,mean,combined_l12_r08_m02,combined,12.0,0.8,0.2,0,target:131:combined_l12_r08_m02:0:486151345,0.31958383321762085,0.9072265625,0.07476367801427841
131,mean_degree,combined_l12_r08_m02,combined,12.0,0.8,0.2,0,target:131:combined_l12_r08_m02:0:486151345,0.3184582591056824,0.886962890625,0.08696544170379639
131,sum,combined_l12_r08_m02,combined,12.0,0.8,0.2,0,target:131:combined_l12_r08_m02:0:486151345,0.2519785165786743,0.904052734375,0.0737878754734993
131,pna,combined_l12_r08_m02,combined,12.0,0.8,0.2,0,target:131:combined_l12_r08_m02:0:486151345,0.3204164505004883,0.90380859375,0.07850149273872375
131,mean,combined_l12_r08_m02,combined,12.0,0.8,0.2,1,target:131:combined_l12_r08_m02:1:668695686,0.25535815954208374,0.923095703125,0.060983892530202866
131,mean_degree,combined_l12_r08_m02,combined,12.0,0.8,0.2,1,target:131:combined_l12_r08_m02:1:668695686,0.31738364696502686,0.882080078125,0.09026624262332916
131,sum,combined_l12_r08_m02,combined,12.0,0.8,0.2,1,target:131:combined_l12_r08_m02:1:668695686,0.2360244244337082,0.91015625,0.06848376244306564
131,pna,combined_l12_r08_m02,combined,12.0,0.8,0.2,1,target:131:combined_l12_r08_m02:1:668695686,0.2695769667625427,0.916015625,0.06723974645137787
131,mean,combined_l12_r08_m02,combined,12.0,0.8,0.2,2,target:131:combined_l12_r08_m02:2:209486633,0.3040007948875427,0.91015625,0.07153576612472534
131,mean_degree,combined_l12_r08_m02,combined,12.0,0.8,0.2,2,target:131:combined_l12_r08_m02:2:209486633,0.20871880650520325,0.915771484375,0.06170691177248955
131,sum,combined_l12_r08_m02,combined,12.0,0.8,0.2,2,target:131:combined_l12_r08_m02:2:209486633,0.24027490615844727,0.90673828125,0.07009802758693695
131,pna,combined_l12_r08_m02,combined,12.0,0.8,0.2,2,target:131:combined_l12_r08_m02:2:209486633,0.3016200065612793,0.904296875,0.07499957084655762
131,mean,combined_l12_r08_m02,combined,12.0,0.8,0.2,3,target:131:combined_l12_r08_m02:3:1301662383,0.2555161714553833,0.923828125,0.060899004340171814
131,mean_degree,combined_l12_r08_m02,combined,12.0,0.8,0.2,3,target:131:combined_l12_r08_m02:3:1301662383,0.2712780237197876,0.8955078125,0.07786983996629715
131,sum,combined_l12_r08_m02,combined,12.0,0.8,0.2,3,target:131:combined_l12_r08_m02:3:1301662383,0.23911401629447937,0.911376953125,0.06889292597770691
131,pna,combined_l12_r08_m02,combined,12.0,0.8,0.2,3,target:131:combined_l12_r08_m02:3:1301662383,0.2664707601070404,0.91455078125,0.06765562295913696
131,mean,combined_l12_r08_m02,combined,12.0,0.8,0.2,4,target:131:combined_l12_r08_m02:4:1207045886,0.36646080017089844,0.896728515625,0.08399230241775513
131,mean_degree,combined_l12_r08_m02,combined,12.0,0.8,0.2,4,target:131:combined_l12_r08_m02:4:1207045886,0.3374355435371399,0.87353515625,0.0951293557882309
131,sum,combined_l12_r08_m02,combined,12.0,0.8,0.2,4,target:131:combined_l12_r08_m02:4:1207045886,0.3063727915287018,0.876708984375,0.0922577753663063
131,pna,combined_l12_r08_m02,combined,12.0,0.8,0.2,4,target:131:combined_l12_r08_m02:4:1207045886,0.35697442293167114,0.886962890625,0.08889396488666534
131,mean,combined_l12_r08_m02,combined,12.0,0.8,0.2,5,target:131:combined_l12_r08_m02:5:956511922,0.2541249394416809,0.93115234375,0.05605544522404671
131,mean_degree,combined_l12_r08_m02,combined,12.0,0.8,0.2,5,target:131:combined_l12_r08_m02:5:956511922,0.24822281301021576,0.905029296875,0.06900767982006073
131,sum,combined_l12_r08_m02,combined,12.0,0.8,0.2,5,target:131:combined_l12_r08_m02:5:956511922,0.22533807158470154,0.91796875,0.06448426097631454
131,pna,combined_l12_r08_m02,combined,12.0,0.8,0.2,5,target:131:combined_l12_r08_m02:5:956511922,0.2648787796497345,0.922119140625,0.06361693143844604
131,mean,combined_l12_r08_m02,combined,12.0,0.8,0.2,6,target:131:combined_l12_r08_m02:6:1107209530,0.22180093824863434,0.935791015625,0.05161774158477783
131,mean_degree,combined_l12_r08_m02,combined,12.0,0.8,0.2,6,target:131:combined_l12_r08_m02:6:1107209530,0.17302921414375305,0.935546875,0.048473190516233444
131,sum,combined_l12_r08_m02,combined,12.0,0.8,0.2,6,target:131:combined_l12_r08_m02:6:1107209530,0.21457912027835846,0.9306640625,0.0590224526822567
131,pna,combined_l12_r08_m02,combined,12.0,0.8,0.2,6,target:131:combined_l12_r08_m02:6:1107209530,0.23533178865909576,0.9267578125,0.058368925005197525
131,mean,combined_l12_r08_m02,combined,12.0,0.8,0.2,7,target:131:combined_l12_r08_m02:7:679680165,0.31768709421157837,0.906005859375,0.07536035776138306
131,mean_degree,combined_l12_r08_m02,combined,12.0,0.8,0.2,7,target:131:combined_l12_r08_m02:7:679680165,0.3104959726333618,0.881103515625,0.0881602019071579
131,sum,combined_l12_r08_m02,combined,12.0,0.8,0.2,7,target:131:combined_l12_r08_m02:7:679680165,0.25977781414985657,0.89697265625,0.07641243189573288
131,pna,combined_l12_r08_m02,combined,12.0,0.8,0.2,7,target:131:combined_l12_r08_m02:7:679680165,0.3349883258342743,0.897705078125,0.08207013458013535
131,mean,combined_l12_r08_m05,combined,12.0,0.8,0.5,0,target:131:combined_l12_r08_m05:0:480680385,0.032408200204372406,0.991943359375,0.0064348927699029446
131,mean_degree,combined_l12_r08_m05,combined,12.0,0.8,0.5,0,target:131:combined_l12_r08_m05:0:480680385,0.01927240751683712,0.9921875,0.005717444699257612
131,sum,combined_l12_r08_m05,combined,12.0,0.8,0.5,0,target:131:combined_l12_r08_m05:0:480680385,0.04556267708539963,0.9912109375,0.008799068629741669
131,pna,combined_l12_r08_m05,combined,12.0,0.8,0.5,0,target:131:combined_l12_r08_m05:0:480680385,0.030883070081472397,0.991943359375,0.007002134807407856
131,mean,combined_l12_r08_m05,combined,12.0,0.8,0.5,1,target:131:combined_l12_r08_m05:1:1989894194,0.024388456717133522,0.99365234375,0.005497882608324289
131,mean_degree,combined_l12_r08_m05,combined,12.0,0.8,0.5,1,target:131:combined_l12_r08_m05:1:1989894194,0.01636531949043274,0.994873046875,0.00417594239115715
131,sum,combined_l12_r08_m05,combined,12.0,0.8,0.5,1,target:131:combined_l12_r08_m05:1:1989894194,0.040829144418239594,0.994873046875,0.007339281029999256
131,pna,combined_l12_r08_m05,combined,12.0,0.8,0.5,1,target:131:combined_l12_r08_m05:1:1989894194,0.02700173109769821,0.991943359375,0.006592028308659792
131,mean,combined_l12_r08_m05,combined,12.0,0.8,0.5,2,target:131:combined_l12_r08_m05:2:143644284,0.02103496715426445,0.9951171875,0.00439810287207365
131,mean_degree,combined_l12_r08_m05,combined,12.0,0.8,0.5,2,target:131:combined_l12_r08_m05:2:143644284,0.023307248950004578,0.99072265625,0.006869685836136341
131,sum,combined_l12_r08_m05,combined,12.0,0.8,0.5,2,target:131:combined_l12_r08_m05:2:143644284,0.037810951471328735,0.993408203125,0.006793354172259569
131,pna,combined_l12_r08_m05,combined,12.0,0.8,0.5,2,target:131:combined_l12_r08_m05:2:143644284,0.025755558162927628,0.99365234375,0.005644035525619984
131,mean,combined_l12_r08_m05,combined,12.0,0.8,0.5,3,target:131:combined_l12_r08_m05:3:1920889939,0.027719367295503616,0.99462890625,0.004810469225049019
131,mean_degree,combined_l12_r08_m05,combined,12.0,0.8,0.5,3,target:131:combined_l12_r08_m05:3:1920889939,0.030572962015867233,0.990234375,0.008161202073097229
131,sum,combined_l12_r08_m05,combined,12.0,0.8,0.5,3,target:131:combined_l12_r08_m05:3:1920889939,0.041452355682849884,0.993896484375,0.007833894342184067
131,pna,combined_l12_r08_m05,combined,12.0,0.8,0.5,3,target:131:combined_l12_r08_m05:3:1920889939,0.03260183334350586,0.992919921875,0.006363156251609325
131,mean,combined_l12_r08_m05,combined,12.0,0.8,0.5,4,target:131:combined_l12_r08_m05:4:810852087,0.025151140987873077,0.994384765625,0.004903639666736126
131,mean_degree,combined_l12_r08_m05,combined,12.0,0.8,0.5,4,target:131:combined_l12_r08_m05:4:810852087,0.020245051011443138,0.99365234375,0.005015587899833918
131,sum,combined_l12_r08_m05,combined,12.0,0.8,0.5,4,target:131:combined_l12_r08_m05:4:810852087,0.04192333668470383,0.994140625,0.007601507939398289
131,pna,combined_l12_r08_m05,combined,12.0,0.8,0.5,4,target:131:combined_l12_r08_m05:4:810852087,0.024716932326555252,0.99365234375,0.005422898102551699
131,mean,combined_l12_r08_m05,combined,12.0,0.8,0.5,5,target:131:combined_l12_r08_m05:5:130657851,0.02029760554432869,0.994873046875,0.00447904784232378
131,mean_degree,combined_l12_r08_m05,combined,12.0,0.8,0.5,5,target:131:combined_l12_r08_m05:5:130657851,0.01774931140244007,0.993896484375,0.004506467841565609
131,sum,combined_l12_r08_m05,combined,12.0,0.8,0.5,5,target:131:combined_l12_r08_m05:5:130657851,0.042871128767728806,0.993896484375,0.007764114998281002
131,pna,combined_l12_r08_m05,combined,12.0,0.8,0.5,5,target:131:combined_l12_r08_m05:5:130657851,0.02147524803876877,0.99267578125,0.005601291544735432
131,mean,combined_l12_r08_m05,combined,12.0,0.8,0.5,6,target:131:combined_l12_r08_m05:6:1410290878,0.020123792812228203,0.994140625,0.004413658753037453
131,mean_degree,combined_l12_r08_m05,combined,12.0,0.8,0.5,6,target:131:combined_l12_r08_m05:6:1410290878,0.014980828389525414,0.994873046875,0.003899446688592434
131,sum,combined_l12_r08_m05,combined,12.0,0.8,0.5,6,target:131:combined_l12_r08_m05:6:1410290878,0.04116661846637726,0.99267578125,0.007679641712456942
131,pna,combined_l12_r08_m05,combined,12.0,0.8,0.5,6,target:131:combined_l12_r08_m05:6:1410290878,0.021636536344885826,0.993896484375,0.004836981184780598
131,mean,combined_l12_r08_m05,combined,12.0,0.8,0.5,7,target:131:combined_l12_r08_m05:7:1935555223,0.026255350559949875,0.994384765625,0.005119210109114647
131,mean_degree,combined_l12_r08_m05,combined,12.0,0.8,0.5,7,target:131:combined_l12_r08_m05:7:1935555223,0.023667458444833755,0.991943359375,0.006155713927000761
131,sum,combined_l12_r08_m05,combined,12.0,0.8,0.5,7,target:131:combined_l12_r08_m05:7:1935555223,0.043779436498880386,0.991943359375,0.008285528048872948
131,pna,combined_l12_r08_m05,combined,12.0,0.8,0.5,7,target:131:combined_l12_r08_m05:7:1935555223,0.026985976845026016,0.993408203125,0.005797507241368294
131,mean,combined_l48_r03_m02,combined,48.0,0.3,0.2,0,target:131:combined_l48_r03_m02:0:1027595577,0.8458786606788635,0.621826171875,0.27182507514953613
131,mean_degree,combined_l48_r03_m02,combined,48.0,0.3,0.2,0,target:131:combined_l48_r03_m02:0:1027595577,1.619696021080017,0.551513671875,0.38238346576690674
131,sum,combined_l48_r03_m02,combined,48.0,0.3,0.2,0,target:131:combined_l48_r03_m02:0:1027595577,2.843209743499756,0.6396484375,0.3364594578742981
131,pna,combined_l48_r03_m02,combined,48.0,0.3,0.2,0,target:131:combined_l48_r03_m02:0:1027595577,0.9485824108123779,0.601318359375,0.29341012239456177
131,mean,combined_l48_r03_m02,combined,48.0,0.3,0.2,1,target:131:combined_l48_r03_m02:1:1047965248,0.5173388719558716,0.749755859375,0.17131662368774414
131,mean_degree,combined_l48_r03_m02,combined,48.0,0.3,0.2,1,target:131:combined_l48_r03_m02:1:1047965248,0.4980170428752899,0.773193359375,0.15966975688934326
131,sum,combined_l48_r03_m02,combined,48.0,0.3,0.2,1,target:131:combined_l48_r03_m02:1:1047965248,1.1071925163269043,0.76416015625,0.20033903419971466
131,pna,combined_l48_r03_m02,combined,48.0,0.3,0.2,1,target:131:combined_l48_r03_m02:1:1047965248,0.5129321813583374,0.753662109375,0.16985951364040375
131,mean,combined_l48_r03_m02,combined,48.0,0.3,0.2,2,target:131:combined_l48_r03_m02:2:1673648730,0.5015842914581299,0.76318359375,0.16597452759742737
131,mean_degree,combined_l48_r03_m02,combined,48.0,0.3,0.2,2,target:131:combined_l48_r03_m02:2:1673648730,0.7370191216468811,0.691650390625,0.2260357290506363
131,sum,combined_l48_r03_m02,combined,48.0,0.3,0.2,2,target:131:combined_l48_r03_m02:2:1673648730,1.2375856637954712,0.7509765625,0.21401554346084595
131,pna,combined_l48_r03_m02,combined,48.0,0.3,0.2,2,target:131:combined_l48_r03_m02:2:1673648730,0.5378631949424744,0.740478515625,0.17764419317245483
131,mean,combined_l48_r03_m02,combined,48.0,0.3,0.2,3,target:131:combined_l48_r03_m02:3:1852092491,0.5152236819267273,0.74267578125,0.17169561982154846
131,mean_degree,combined_l48_r03_m02,combined,48.0,0.3,0.2,3,target:131:combined_l48_r03_m02:3:1852092491,0.531186580657959,0.752685546875,0.17067387700080872
131,sum,combined_l48_r03_m02,combined,48.0,0.3,0.2,3,target:131:combined_l48_r03_m02:3:1852092491,1.0836516618728638,0.776611328125,0.19499604403972626
131,pna,combined_l48_r03_m02,combined,48.0,0.3,0.2,3,target:131:combined_l48_r03_m02:3:1852092491,0.5110864639282227,0.747314453125,0.16922134160995483
131,mean,combined_l48_r03_m02,combined,48.0,0.3,0.2,4,target:131:combined_l48_r03_m02:4:74136197,0.4980010390281677,0.761962890625,0.16342076659202576
131,mean_degree,combined_l48_r03_m02,combined,48.0,0.3,0.2,4,target:131:combined_l48_r03_m02:4:74136197,0.748725414276123,0.69921875,0.22306832671165466
131,sum,combined_l48_r03_m02,combined,48.0,0.3,0.2,4,target:131:combined_l48_r03_m02:4:74136197,1.2607412338256836,0.763916015625,0.20851540565490723
131,pna,combined_l48_r03_m02,combined,48.0,0.3,0.2,4,target:131:combined_l48_r03_m02:4:74136197,0.642973005771637,0.696044921875,0.21117904782295227
131,mean,combined_l48_r03_m02,combined,48.0,0.3,0.2,5,target:131:combined_l48_r03_m02:5:745570345,0.4688447415828705,0.77490234375,0.15266190469264984
131,mean_degree,combined_l48_r03_m02,combined,48.0,0.3,0.2,5,target:131:combined_l48_r03_m02:5:745570345,0.7522923350334167,0.70068359375,0.22306464612483978
131,sum,combined_l48_r03_m02,combined,48.0,0.3,0.2,5,target:131:combined_l48_r03_m02:5:745570345,1.0074787139892578,0.78955078125,0.17939448356628418
131,pna,combined_l48_r03_m02,combined,48.0,0.3,0.2,5,target:131:combined_l48_r03_m02:5:745570345,0.5127002596855164,0.7548828125,0.1672256588935852
131,mean,combined_l48_r03_m02,combined,48.0,0.3,0.2,6,target:131:combined_l48_r03_m02:6:996849534,0.446367084980011,0.79638671875,0.14352598786354065
131,mean_degree,combined_l48_r03_m02,combined,48.0,0.3,0.2,6,target:131:combined_l48_r03_m02:6:996849534,0.6582523584365845,0.73388671875,0.19616791605949402
131,sum,combined_l48_r03_m02,combined,48.0,0.3,0.2,6,target:131:combined_l48_r03_m02:6:996849534,1.02961266040802,0.79345703125,0.17912039160728455
131,pna,combined_l48_r03_m02,combined,48.0,0.3,0.2,6,target:131:combined_l48_r03_m02:6:996849534,0.4661504626274109,0.78466796875,0.15056344866752625
131,mean,combined_l48_r03_m02,combined,48.0,0.3,0.2,7,target:131:combined_l48_r03_m02:7:2014583362,0.42920130491256714,0.797119140625,0.13825222849845886
131,mean_degree,combined_l48_r03_m02,combined,48.0,0.3,0.2,7,target:131:combined_l48_r03_m02:7:2014583362,0.5073305368423462,0.784423828125,0.15571145713329315
131,sum,combined_l48_r03_m02,combined,48.0,0.3,0.2,7,target:131:combined_l48_r03_m02:7:2014583362,0.9211111068725586,0.81396484375,0.16304239630699158
131,pna,combined_l48_r03_m02,combined,48.0,0.3,0.2,7,target:131:combined_l48_r03_m02:7:2014583362,0.46888840198516846,0.78125,0.1519089639186859
131,mean,combined_l48_r03_m05,combined,48.0,0.3,0.5,0,target:131:combined_l48_r03_m05:0:1490143257,0.20911523699760437,0.9150390625,0.06217723339796066
131,mean_degree,combined_l48_r03_m05,combined,48.0,0.3,0.5,0,target:131:combined_l48_r03_m05:0:1490143257,0.17208902537822723,0.93310546875,0.050053320825099945
131,sum,combined_l48_r03_m05,combined,48.0,0.3,0.5,0,target:131:combined_l48_r03_m05:0:1490143257,0.24730804562568665,0.943603515625,0.04752259701490402
131,pna,combined_l48_r03_m05,combined,48.0,0.3,0.5,0,target:131:combined_l48_r03_m05:0:1490143257,0.2139856517314911,0.916748046875,0.06285470724105835
131,mean,combined_l48_r03_m05,combined,48.0,0.3,0.5,1,target:131:combined_l48_r03_m05:1:653055202,0.21956825256347656,0.912841796875,0.06514964997768402
131,mean_degree,combined_l48_r03_m05,combined,48.0,0.3,0.5,1,target:131:combined_l48_r03_m05:1:653055202,0.2272721827030182,0.9072265625,0.06686416268348694
131,sum,combined_l48_r03_m05,combined,48.0,0.3,0.5,1,target:131:combined_l48_r03_m05:1:653055202,0.2748211920261383,0.933837890625,0.056138068437576294
131,pna,combined_l48_r03_m05,combined,48.0,0.3,0.5,1,target:131:combined_l48_r03_m05:1:653055202,0.24625882506370544,0.8974609375,0.07357558608055115
131,mean,combined_l48_r03_m05,combined,48.0,0.3,0.5,2,target:131:combined_l48_r03_m05:2:195359831,0.22020557522773743,0.914306640625,0.06498880684375763
131,mean_degree,combined_l48_r03_m05,combined,48.0,0.3,0.5,2,target:131:combined_l48_r03_m05:2:195359831,0.24329960346221924,0.9072265625,0.07044535130262375
131,sum,combined_l48_r03_m05,combined,48.0,0.3,0.5,2,target:131:combined_l48_r03_m05:2:195359831,0.31633028388023376,0.934814453125,0.055584363639354706
131,pna,combined_l48_r03_m05,combined,48.0,0.3,0.5,2,target:131:combined_l48_r03_m05:2:195359831,0.23729363083839417,0.903564453125,0.07099424302577972
131,mean,combined_l48_r03_m05,combined,48.0,0.3,0.5,3,target:131:combined_l48_r03_m05:3:1202892010,0.31080418825149536,0.868408203125,0.09549598395824432
131,mean_degree,combined_l48_r03_m05,combined,48.0,0.3,0.5,3,target:131:combined_l48_r03_m05:3:1202892010,0.2673661708831787,0.896484375,0.07757380604743958
131,sum,combined_l48_r03_m05,combined,48.0,0.3,0.5,3,target:131:combined_l48_r03_m05:3:1202892010,0.507753849029541,0.907958984375,0.08118507266044617
131,pna,combined_l48_r03_m05,combined,48.0,0.3,0.5,3,target:131:combined_l48_r03_m05:3:1202892010,0.2901375889778137,0.882080078125,0.08834081888198853
131,mean,combined_l48_r03_m05,combined,48.0,0.3,0.5,4,target:131:combined_l48_r03_m05:4:1345600417,0.23236612975597382,0.903076171875,0.07003989815711975
131,mean_degree,combined_l48_r03_m05,combined,48.0,0.3,0.5,4,target:131:combined_l48_r03_m05:4:1345600417,0.3555529713630676,0.865966796875,0.10001625120639801
131,sum,combined_l48_r03_m05,combined,48.0,0.3,0.5,4,target:131:combined_l48_r03_m05:4:1345600417,0.3379684388637543,0.927734375,0.06211566925048828
131,pna,combined_l48_r03_m05,combined,48.0,0.3,0.5,4,target:131:combined_l48_r03_m05:4:1345600417,0.2598547339439392,0.887451171875,0.07993260025978088
131,mean,combined_l48_r03_m05,combined,48.0,0.3,0.5,5,target:131:combined_l48_r03_m05:5:263012096,0.23193442821502686,0.89794921875,0.07015636563301086
131,mean_degree,combined_l48_r03_m05,combined,48.0,0.3,0.5,5,target:131:combined_l48_r03_m05:5:263012096,0.3402099013328552,0.86474609375,0.10029596835374832
131,sum,combined_l48_r03_m05,combined,48.0,0.3,0.5,5,target:131:combined_l48_r03_m05:5:263012096,0.340147465467453,0.92529296875,0.06282031536102295
131,pna,combined_l48_r03_m05,combined,48.0,0.3,0.5,5,target:131:combined_l48_r03_m05:5:263012096,0.2703026533126831,0.8798828125,0.08398699015378952
131,mean,combined_l48_r03_m05,combined,48.0,0.3,0.5,6,target:131:combined_l48_r03_m05:6:2137445098,0.26358574628829956,0.891845703125,0.08009836077690125
131,mean_degree,combined_l48_r03_m05,combined,48.0,0.3,0.5,6,target:131:combined_l48_r03_m05:6:2137445098,0.22389711439609528,0.909912109375,0.06602009385824203
131,sum,combined_l48_r03_m05,combined,48.0,0.3,0.5,6,target:131:combined_l48_r03_m05:6:2137445098,0.40283116698265076,0.912109375,0.07445672899484634
131,pna,combined_l48_r03_m05,combined,48.0,0.3,0.5,6,target:131:combined_l48_r03_m05:6:2137445098,0.2829911410808563,0.882080078125,0.08636429905891418
131,mean,combined_l48_r03_m05,combined,48.0,0.3,0.5,7,target:131:combined_l48_r03_m05:7:271528579,0.20658627152442932,0.918212890625,0.0611877478659153
131,mean_degree,combined_l48_r03_m05,combined,48.0,0.3,0.5,7,target:131:combined_l48_r03_m05:7:271528579,0.2699378430843353,0.889892578125,0.0799998864531517
131,sum,combined_l48_r03_m05,combined,48.0,0.3,0.5,7,target:131:combined_l48_r03_m05:7:271528579,0.2615194320678711,0.945556640625,0.04715130105614662
131,pna,combined_l48_r03_m05,combined,48.0,0.3,0.5,7,target:131:combined_l48_r03_m05:7:271528579,0.23981328308582306,0.90087890625,0.07306835055351257
131,mean,combined_l48_r08_m02,combined,48.0,0.8,0.2,0,target:131:combined_l48_r08_m02:0:458305317,0.005823762156069279,0.999755859375,0.00040248758159577847
131,mean_degree,combined_l48_r08_m02,combined,48.0,0.8,0.2,0,target:131:combined_l48_r08_m02:0:458305317,0.0035739706363528967,0.999267578125,0.0005674417479895055
131,sum,combined_l48_r08_m02,combined,48.0,0.8,0.2,0,target:131:combined_l48_r08_m02:0:458305317,0.0019527312833815813,0.999267578125,0.0005736720631830394
131,pna,combined_l48_r08_m02,combined,48.0,0.8,0.2,0,target:131:combined_l48_r08_m02:0:458305317,0.013213858008384705,0.99951171875,0.0012609872501343489
131,mean,combined_l48_r08_m02,combined,48.0,0.8,0.2,1,target:131:combined_l48_r08_m02:1:5551564,0.004244108218699694,1.0,0.00026581776910461485
131,mean_degree,combined_l48_r08_m02,combined,48.0,0.8,0.2,1,target:131:combined_l48_r08_m02:1:5551564,0.00046054163249209523,1.0,1.694257116469089e-05
131,sum,combined_l48_r08_m02,combined,48.0,0.8,0.2,1,target:131:combined_l48_r08_m02:1:5551564,0.002689837943762541,0.999267578125,0.0005863152910023928
131,pna,combined_l48_r08_m02,combined,48.0,0.8,0.2,1,target:131:combined_l48_r08_m02:1:5551564,0.005067374091595411,1.0,0.0002508958277758211
131,mean,combined_l48_r08_m02,combined,48.0,0.8,0.2,2,target:131:combined_l48_r08_m02:2:1869684510,0.006278621964156628,0.99951171875,0.0005552272195927799
131,mean_degree,combined_l48_r08_m02,combined,48.0,0.8,0.2,2,target:131:combined_l48_r08_m02:2:1869684510,0.000694763963110745,1.0,5.095728556625545e-05
131,sum,combined_l48_r08_m02,combined,48.0,0.8,0.2,2,target:131:combined_l48_r08_m02:2:1869684510,0.00272851949557662,0.999267578125,0.0006563374772667885
131,pna,combined_l48_r08_m02,combined,48.0,0.8,0.2,2,target:131:combined_l48_r08_m02:2:1869684510,0.010955139063298702,0.99853515625,0.0013868828536942601
131,mean,combined_l48_r08_m02,combined,48.0,0.8,0.2,3,target:131:combined_l48_r08_m02:3:718698679,0.0020264298655092716,1.0,7.309878128580749e-05
131,mean_degree,combined_l48_r08_m02,combined,48.0,0.8,0.2,3,target:131:combined_l48_r08_m02:3:718698679,0.0011967094615101814,1.0,0.0001296144037041813
131,sum,combined_l48_r08_m02,combined,48.0,0.8,0.2,3,target:131:combined_l48_r08_m02:3:718698679,4.85344571643509e-06,1.0,9.354653940363278e-09
131,pna,combined_l48_r08_m02,combined,48.0,0.8,0.2,3,target:131:combined_l48_r08_m02:3:718698679,0.00468427874147892,1.0,0.00022686048760078847
131,mean,combined_l48_r08_m02,combined,48.0,0.8,0.2,4,target:131:combined_l48_r08_m02:4:894436372,0.0011012076865881681,1.0,7.711322541581467e-05
131,mean_degree,combined_l48_r08_m02,combined,48.0,0.8,0.2,4,target:131:combined_l48_r08_m02:4:894436372,0.0008164714090526104,0.999755859375,0.00017901620594784617
131,sum,combined_l48_r08_m02,combined,48.0,0.8,0.2,4,target:131:combined_l48_r08_m02:4:894436372,5.4808879212941974e-06,1.0,4.932467589924272e-08
131,pna,combined_l48_r08_m02,combined,48.0,0.8,0.2,4,target:131:combined_l48_r08_m02:4:894436372,0.0035102791152894497,0.999755859375,0.00032402086071670055
131,mean,combined_l48_r08_m02,combined,48.0,0.8,0.2,5,target:131:combined_l48_r08_m02:5:601336408,0.002275077160447836,1.0,0.00010373356781201437
131,mean_degree,combined_l48_r08_m02,combined,48.0,0.8,0.2,5,target:131:combined_l48_r08_m02:5:601336408,0.000625882123131305,1.0,2.0660507288994268e-05
131,sum,combined_l48_r08_m02,combined,48.0,0.8,0.2,5,target:131:combined_l48_r08_m02:5:601336408,1.3107361155562103e-05,1.0,2.262706573219475e-07
131,pna,combined_l48_r08_m02,combined,48.0,0.8,0.2,5,target:131:combined_l48_r08_m02:5:601336408,0.0048843082040548325,1.0,0.0002293366997037083
131,mean,combined_l48_r08_m02,combined,48.0,0.8,0.2,6,target:131:combined_l48_r08_m02:6:949160006,0.0013303521554917097,1.0,2.4361417672480457e-05
131,mean_degree,combined_l48_r08_m02,combined,48.0,0.8,0.2,6,target:131:combined_l48_r08_m02:6:949160006,0.0004213300999253988,1.0,1.7092286725528538e-05
131,sum,combined_l48_r08_m02,combined,48.0,0.8,0.2,6,target:131:combined_l48_r08_m02:6:949160006,1.864931073214393e-05,1.0,7.611739079038671e-07
131,pna,combined_l48_r08_m02,combined,48.0,0.8,0.2,6,target:131:combined_l48_r08_m02:6:949160006,0.004200644325464964,1.0,0.00022760799038223922
131,mean,combined_l48_r08_m02,combined,48.0,0.8,0.2,7,target:131:combined_l48_r08_m02:7:2076159048,0.007951009087264538,0.999755859375,0.0006393982330337167
131,mean_degree,combined_l48_r08_m02,combined,48.0,0.8,0.2,7,target:131:combined_l48_r08_m02:7:2076159048,0.001091753481887281,1.0,7.529288996011019e-05
131,sum,combined_l48_r08_m02,combined,48.0,0.8,0.2,7,target:131:combined_l48_r08_m02:7:2076159048,0.00182513112667948,0.99951171875,0.00040918440208770335
131,pna,combined_l48_r08_m02,combined,48.0,0.8,0.2,7,target:131:combined_l48_r08_m02:7:2076159048,0.010467808693647385,0.99951171875,0.0009688770514912903
131,mean,combined_l48_r08_m05,combined,48.0,0.8,0.5,0,target:131:combined_l48_r08_m05:0:1585257023,2.3045751618155919e-07,1.0,1.8535132196434434e-12
131,mean_degree,combined_l48_r08_m05,combined,48.0,0.8,0.5,0,target:131:combined_l48_r08_m05:0:1585257023,2.250921005142459e-09,1.0,8.806020276242907e-16
131,sum,combined_l48_r08_m05,combined,48.0,0.8,0.5,0,target:131:combined_l48_r08_m05:0:1585257023,1.2853322633934062e-16,1.0,2.8789375198047016e-25
131,pna,combined_l48_r08_m05,combined,48.0,0.8,0.5,0,target:131:combined_l48_r08_m05:0:1585257023,1.161929867521394e-05,1.0,9.385352495172583e-10
131,mean,combined_l48_r08_m05,combined,48.0,0.8,0.5,1,target:131:combined_l48_r08_m05:1:1092985410,2.9294171781657496e-06,1.0,2.0723833316083073e-08
131,mean_degree,combined_l48_r08_m05,combined,48.0,0.8,0.5,1,target:131:combined_l48_r08_m05:1:1092985410,6.751333785359748e-07,1.0,1.706876862073159e-09
131,sum,combined_l48_r08_m05,combined,48.0,0.8,0.5,1,target:131:combined_l48_r08_m05:1:1092985410,4.8604908075775e-13,1.0,3.340746863513279e-33
131,pna,combined_l48_r08_m05,combined,48.0,0.8,0.5,1,target:131:combined_l48_r08_m05:1:1092985410,2.977457916131243e-05,1.0,2.0996981220378075e-07
131,mean,combined_l48_r08_m05,combined,48.0,0.8,0.5,2,target:131:combined_l48_r08_m05:2:1488084404,9.799905456020497e-07,1.0,6.710199618176205e-10
131,mean_degree,combined_l48_r08_m05,combined,48.0,0.8,0.5,2,target:131:combined_l48_r08_m05:2:1488084404,5.189440877018114e-09,1.0,5.391997273478631e-14
131,sum,combined_l48_r08_m05,combined,48.0,0.8,0.5,2,target:131:combined_l48_r08_m05:2:1488084404,1.965571717839126e-16,1.0,7.306396217050103e-29
131,pna,combined_l48_r08_m05,combined,48.0,0.8,0.5,2,target:131:combined_l48_r08_m05:2:1488084404,1.1638108844636008e-05,1.0,1.7573067445653123e-09
131,mean,combined_l48_r08_m05,combined,48.0,0.8,0.5,3,target:131:combined_l48_r08_m05:3:935478508,6.353135404424393e-07,1.0,1.2668122106873625e-10
131,mean_degree,combined_l48_r08_m05,combined,48.0,0.8,0.5,3,target:131:combined_l48_r08_m05:3:935478508,2.3576331997787747e-09,1.0,8.011877972039297e-15
131,sum,combined_l48_r08_m05,combined,48.0,0.8,0.5,3,target:131:combined_l48_r08_m05:3:935478508,6.040756811967116e-16,1.0,1.1942933790095056e-25
131,pna,combined_l48_r08_m05,combined,48.0,0.8,0.5,3,target:131:combined_l48_r08_m05:3:935478508,1.0609201126499102e-05,1.0,3.911366341924349e-09
131,mean,combined_l48_r08_m05,combined,48.0,0.8,0.5,4,target:131:combined_l48_r08_m05:4:1460800551,1.977730335056549e-07,1.0,1.9112491103645546e-11
131,mean_degree,combined_l48_r08_m05,combined,48.0,0.8,0.5,4,target:131:combined_l48_r08_m05:4:1460800551,1.978159858140316e-09,1.0,4.404811459562908e-15
131,sum,combined_l48_r08_m05,combined,48.0,0.8,0.5,4,target:131:combined_l48_r08_m05:4:1460800551,1.6209457753368732e-16,1.0,2.647047467520642e-28
131,pna,combined_l48_r08_m05,combined,48.0,0.8,0.5,4,target:131:combined_l48_r08_m05:4:1460800551,7.05536376699456e-06,1.0,8.00810973089483e-10
131,mean,combined_l48_r08_m05,combined,48.0,0.8,0.5,5,target:131:combined_l48_r08_m05:5:1356058827,4.843765282203094e-07,1.0,2.7823644430102767e-11
131,mean_degree,combined_l48_r08_m05,combined,48.0,0.8,0.5,5,target:131:combined_l48_r08_m05:5:1356058827,2.3604185273029543e-09,1.0,1.6593539549345274e-15
131,sum,combined_l48_r08_m05,combined,48.0,0.8,0.5,5,target:131:combined_l48_r08_m05:5:1356058827,1.8203235668351426e-15,1.0,3.685152280256831e-24
131,pna,combined_l48_r08_m05,combined,48.0,0.8,0.5,5,target:131:combined_l48_r08_m05:5:1356058827,1.101431917049922e-05,1.0,1.9320214317275486e-09
131,mean,combined_l48_r08_m05,combined,48.0,0.8,0.5,6,target:131:combined_l48_r08_m05:6:1594970877,1.4946897408663062e-07,1.0,3.3219234654713325e-12
131,mean_degree,combined_l48_r08_m05,combined,48.0,0.8,0.5,6,target:131:combined_l48_r08_m05:6:1594970877,1.8001483637064553e-09,1.0,8.130126630212194e-16
131,sum,combined_l48_r08_m05,combined,48.0,0.8,0.5,6,target:131:combined_l48_r08_m05:6:1594970877,3.514986196055084e-15,1.0,7.8983682476838335e-25
131,pna,combined_l48_r08_m05,combined,48.0,0.8,0.5,6,target:131:combined_l48_r08_m05:6:1594970877,9.194498488795944e-06,1.0,2.6260318364279556e-09
131,mean,combined_l48_r08_m05,combined,48.0,0.8,0.5,7,target:131:combined_l48_r08_m05:7:61006667,1.2606034260898014e-07,1.0,1.6767403437922823e-12
131,mean_degree,combined_l48_r08_m05,combined,48.0,0.8,0.5,7,target:131:combined_l48_r08_m05:7:61006667,1.2749963307356893e-09,1.0,1.6796676049546985e-15
131,sum,combined_l48_r08_m05,combined,48.0,0.8,0.5,7,target:131:combined_l48_r08_m05:7:61006667,3.8699842687547024e-15,1.0,1.4615557911513906e-30
131,pna,combined_l48_r08_m05,combined,48.0,0.8,0.5,7,target:131:combined_l48_r08_m05:7:61006667,9.035984476213343e-06,1.0,4.383741813995812e-09
173,mean,source,source,24.0,0.6,0.35,0,target:173:source:0:791512070,0.04436417669057846,0.98388671875,0.012273631058633327
173,mean_degree,source,source,24.0,0.6,0.35,0,target:173:source:0:791512070,0.044379398226737976,0.983154296875,0.012327100150287151
173,sum,source,source,24.0,0.6,0.35,0,target:173:source:0:791512070,0.05253453552722931,0.97998046875,0.014605872333049774
173,pna,source,source,24.0,0.6,0.35,0,target:173:source:0:791512070,0.09520258754491806,0.966796875,0.02606474794447422
173,mean,source,source,24.0,0.6,0.35,1,target:173:source:1:968626872,0.04099513590335846,0.98486328125,0.011072032153606415
173,mean_degree,source,source,24.0,0.6,0.35,1,target:173:source:1:968626872,0.03848440200090408,0.986572265625,0.010381451807916164
173,sum,source,source,24.0,0.6,0.35,1,target:173:source:1:968626872,0.04109247401356697,0.984619140625,0.011175677180290222
173,pna,source,source,24.0,0.6,0.35,1,target:173:source:1:968626872,0.0857742503285408,0.970703125,0.0228683203458786
173,mean,source,source,24.0,0.6,0.35,2,target:173:source:2:1569368194,0.04527941346168518,0.98486328125,0.01122775673866272
173,mean_degree,source,source,24.0,0.6,0.35,2,target:173:source:2:1569368194,0.042687200009822845,0.984619140625,0.011020720936357975
173,sum,source,source,24.0,0.6,0.35,2,target:173:source:2:1569368194,0.04859547317028046,0.984375,0.012581666931509972
173,pna,source,source,24.0,0.6,0.35,2,target:173:source:2:1569368194,0.10206988453865051,0.963134765625,0.02821390889585018
173,mean,source,source,24.0,0.6,0.35,3,target:173:source:3:1174751060,0.039693932980298996,0.985595703125,0.010878469794988632
173,mean_degree,source,source,24.0,0.6,0.35,3,target:173:source:3:1174751060,0.03945951163768768,0.984375,0.010791328735649586
173,sum,source,source,24.0,0.6,0.35,3,target:173:source:3:1174751060,0.04326736181974411,0.986328125,0.011632734909653664
173,pna,source,source,24.0,0.6,0.35,3,target:173:source:3:1174751060,0.0741935521364212,0.97509765625,0.01974792778491974
173,mean,source,source,24.0,0.6,0.35,4,target:173:source:4:514786454,0.03692851960659027,0.988525390625,0.00973212718963623
173,mean_degree,source,source,24.0,0.6,0.35,4,target:173:source:4:514786454,0.035886310040950775,0.9892578125,0.009485501796007156
173,sum,source,source,24.0,0.6,0.35,4,target:173:source:4:514786454,0.04594133794307709,0.98193359375,0.013045740313827991
173,pna,source,source,24.0,0.6,0.35,4,target:173:source:4:514786454,0.10488353669643402,0.96142578125,0.029450519010424614
173,mean,source,source,24.0,0.6,0.35,5,target:173:source:5:1411342801,0.04171709716320038,0.98583984375,0.011481430381536484
173,mean_degree,source,source,24.0,0.6,0.35,5,target:173:source:5:1411342801,0.040056828409433365,0.986083984375,0.010921265929937363
173,sum,source,source,24.0,0.6,0.35,5,target:173:source:5:1411342801,0.04496901482343674,0.982177734375,0.012943688780069351
173,pna,source,source,24.0,0.6,0.35,5,target:173:source:5:1411342801,0.07804960757493973,0.972412109375,0.021153904497623444
173,mean,source,source,24.0,0.6,0.35,6,target:173:source:6:1135120458,0.05809641629457474,0.978515625,0.01609519124031067
173,mean_degree,source,source,24.0,0.6,0.35,6,target:173:source:6:1135120458,0.05776558071374893,0.979248046875,0.016102522611618042
173,sum,source,source,24.0,0.6,0.35,6,target:173:source:6:1135120458,0.06654822081327438,0.9755859375,0.01876389980316162
173,pna,source,source,24.0,0.6,0.35,6,target:173:source:6:1135120458,0.14183256030082703,0.945068359375,0.041268281638622284
173,mean,source,source,24.0,0.6,0.35,7,target:173:source:7:407840588,0.06595240533351898,0.978271484375,0.01790779083967209
173,mean_degree,source,source,24.0,0.6,0.35,7,target:173:source:7:407840588,0.06640999764204025,0.9765625,0.0182902030646801
173,sum,source,source,24.0,0.6,0.35,7,target:173:source:7:407840588,0.07039037346839905,0.97705078125,0.019019514322280884
173,pna,source,source,24.0,0.6,0.35,7,target:173:source:7:407840588,0.1529897302389145,0.936279296875,0.04490315914154053
173,mean,lambda_low,degree,12.0,0.6,0.35,0,target:173:lambda_low:0:706578703,0.45279598236083984,0.8857421875,0.09273475408554077
173,mean_degree,lambda_low,degree,12.0,0.6,0.35,0,target:173:lambda_low:0:706578703,0.26347315311431885,0.895263671875,0.07558678835630417
173,sum,lambda_low,degree,12.0,0.6,0.35,0,target:173:lambda_low:0:706578703,0.31235039234161377,0.86962890625,0.09559719264507294
173,pna,lambda_low,degree,12.0,0.6,0.35,0,target:173:lambda_low:0:706578703,0.44654279947280884,0.857666015625,0.1128736063838005
173,mean,lambda_low,degree,12.0,0.6,0.35,1,target:173:lambda_low:1:209056376,0.4446239471435547,0.8876953125,0.09288746863603592
173,mean_degree,lambda_low,degree,12.0,0.6,0.35,1,target:173:lambda_low:1:209056376,0.36920255422592163,0.85546875,0.10621006786823273
173,sum,lambda_low,degree,12.0,0.6,0.35,1,target:173:lambda_low:1:209056376,0.30955052375793457,0.868408203125,0.09578052163124084
173,pna,lambda_low,degree,12.0,0.6,0.35,1,target:173:lambda_low:1:209056376,0.4087662100791931,0.86865234375,0.10427699238061905
173,mean,lambda_low,degree,12.0,0.6,0.35,2,target:173:lambda_low:2:185211146,0.44694581627845764,0.89111328125,0.09254758059978485
173,mean_degree,lambda_low,degree,12.0,0.6,0.35,2,target:173:lambda_low:2:185211146,0.3032761812210083,0.880126953125,0.08969985693693161
173,sum,lambda_low,degree,12.0,0.6,0.35,2,target:173:lambda_low:2:185211146,0.30021733045578003,0.87060546875,0.09254981577396393
173,pna,lambda_low,degree,12.0,0.6,0.35,2,target:173:lambda_low:2:185211146,0.3881693482398987,0.87646484375,0.09896986186504364
173,mean,lambda_low,degree,12.0,0.6,0.35,3,target:173:lambda_low:3:432650345,0.3772924542427063,0.902099609375,0.0799582302570343
173,mean_degree,lambda_low,degree,12.0,0.6,0.35,3,target:173:lambda_low:3:432650345,0.2710966467857361,0.891845703125,0.08018502593040466
173,sum,lambda_low,degree,12.0,0.6,0.35,3,target:173:lambda_low:3:432650345,0.2616459131240845,0.8837890625,0.08099471032619476
173,pna,lambda_low,degree,12.0,0.6,0.35,3,target:173:lambda_low:3:432650345,0.36097344756126404,0.88916015625,0.0886019617319107
173,mean,lambda_low,degree,12.0,0.6,0.35,4,target:173:lambda_low:4:833691737,0.44703155755996704,0.885986328125,0.09673875570297241
173,mean_degree,lambda_low,degree,12.0,0.6,0.35,4,target:173:lambda_low:4:833691737,0.32225775718688965,0.87890625,0.0928308367729187
173,sum,lambda_low,degree,12.0,0.6,0.35,4,target:173:lambda_low:4:833691737,0.30042940378189087,0.865234375,0.0936589166522026
173,pna,lambda_low,degree,12.0,0.6,0.35,4,target:173:lambda_low:4:833691737,0.40752851963043213,0.869140625,0.10407760739326477
173,mean,lambda_low,degree,12.0,0.6,0.35,5,target:173:lambda_low:5:191076990,0.49968308210372925,0.873779296875,0.10496212542057037
173,mean_degree,lambda_low,degree,12.0,0.6,0.35,5,target:173:lambda_low:5:191076990,0.47024375200271606,0.825439453125,0.1324942708015442
173,sum,lambda_low,degree,12.0,0.6,0.35,5,target:173:lambda_low:5:191076990,0.33748334646224976,0.853759765625,0.1043989360332489
173,pna,lambda_low,degree,12.0,0.6,0.35,5,target:173:lambda_low:5:191076990,0.41352614760398865,0.870361328125,0.1041770800948143
173,mean,lambda_low,degree,12.0,0.6,0.35,6,target:173:lambda_low:6:1241409936,0.3475574254989624,0.9140625,0.07272500544786453
173,mean_degree,lambda_low,degree,12.0,0.6,0.35,6,target:173:lambda_low:6:1241409936,0.23796549439430237,0.904052734375,0.07035912573337555
173,sum,lambda_low,degree,12.0,0.6,0.35,6,target:173:lambda_low:6:1241409936,0.2557385265827179,0.8935546875,0.07700499892234802
173,pna,lambda_low,degree,12.0,0.6,0.35,6,target:173:lambda_low:6:1241409936,0.3448345959186554,0.89111328125,0.08650419116020203
173,mean,lambda_low,degree,12.0,0.6,0.35,7,target:173:lambda_low:7:1487298077,0.47562116384506226,0.8779296875,0.1001414805650711
173,mean_degree,lambda_low,degree,12.0,0.6,0.35,7,target:173:lambda_low:7:1487298077,0.3430209755897522,0.86474609375,0.0998753160238266
173,sum,lambda_low,degree,12.0,0.6,0.35,7,target:173:lambda_low:7:1487298077,0.3278312087059021,0.854736328125,0.10235613584518433
173,pna,lambda_low,degree,12.0,0.6,0.35,7,target:173:lambda_low:7:1487298077,0.43560752272605896,0.860595703125,0.10943758487701416
173,mean,lambda_high,degree,48.0,0.6,0.35,0,target:173:lambda_high:0:982805798,0.004992818459868431,0.999267578125,0.000566048314794898
173,mean_degree,lambda_high,degree,48.0,0.6,0.35,0,target:173:lambda_high:0:982805798,0.0036927759647369385,0.999267578125,0.0007287260377779603
173,sum,lambda_high,degree,48.0,0.6,0.35,0,target:173:lambda_high:0:982805798,0.0006657028570771217,0.99951171875,0.0002452090266160667
173,pna,lambda_high,degree,48.0,0.6,0.35,0,target:173:lambda_high:0:982805798,0.04621826857328415,0.9892578125,0.009980687871575356
173,mean,lambda_high,degree,48.0,0.6,0.35,1,target:173:lambda_high:1:1613898295,0.0060099707916378975,0.99951171875,0.0007545137777924538
173,mean_degree,lambda_high,degree,48.0,0.6,0.35,1,target:173:lambda_high:1:1613898295,0.008280384354293346,0.99853515625,0.0018664412200450897
173,sum,lambda_high,degree,48.0,0.6,0.35,1,target:173:lambda_high:1:1613898295,0.0004010786069557071,0.999755859375,0.00012606900418177247
173,pna,lambda_high,degree,48.0,0.6,0.35,1,target:173:lambda_high:1:1613898295,0.03634577617049217,0.9921875,0.007471734657883644
173,mean,lambda_high,degree,48.0,0.6,0.35,2,target:173:lambda_high:2:92767777,0.003901115618646145,1.0,0.0002717043971642852
173,mean_degree,lambda_high,degree,48.0,0.6,0.35,2,target:173:lambda_high:2:92767777,0.002978441072627902,0.999267578125,0.0005990330828353763
173,sum,lambda_high,degree,48.0,0.6,0.35,2,target:173:lambda_high:2:92767777,0.0001924975513247773,1.0,4.813471241504885e-05
173,pna,lambda_high,degree,48.0,0.6,0.35,2,target:173:lambda_high:2:92767777,0.02580314502120018,0.996337890625,0.00442616268992424
173,mean,lambda_high,degree,48.0,0.6,0.35,3,target:173:lambda_high:3:1462910848,0.006305955816060305,0.9990234375,0.0008078442187979817
173,mean_degree,lambda_high,degree,48.0,0.6,0.35,3,target:173:lambda_high:3:1462910848,0.004294389393180609,0.9990234375,0.0008480411488562822
173,sum,lambda_high,degree,48.0,0.6,0.35,3,target:173:lambda_high:3:1462910848,0.0019227254670113325,0.999267578125,0.0005983970477245748
173,pna,lambda_high,degree,48.0,0.6,0.35,3,target:173:lambda_high:3:1462910848,0.034676678478717804,0.994140625,0.0065614269115030766
173,mean,lambda_high,degree,48.0,0.6,0.35,4,target:173:lambda_high:4:433171782,0.007153563667088747,0.9990234375,0.0011717400047928095
173,mean_degree,lambda_high,degree,48.0,0.6,0.35,4,target:173:lambda_high:4:433171782,0.004553872160613537,0.9990234375,0.0010471027344465256
173,sum,lambda_high,degree,48.0,0.6,0.35,4,target:173:lambda_high:4:433171782,0.0010893144644796848,0.999755859375,0.0002981913276016712
173,pna,lambda_high,degree,48.0,0.6,0.35,4,target:173:lambda_high:4:433171782,0.027774494141340256,0.99560546875,0.004596876911818981
173,mean,lambda_high,degree,48.0,0.6,0.35,5,target:173:lambda_high:5:2082226387,0.024613184854388237,0.992919921875,0.005720815155655146
173,mean_degree,lambda_high,degree,48.0,0.6,0.35,5,target:173:lambda_high:5:2082226387,0.06511109322309494,0.9755859375,0.018854573369026184
173,sum,lambda_high,degree,48.0,0.6,0.35,5,target:173:lambda_high:5:2082226387,0.023014649748802185,0.993896484375,0.005014093592762947
173,pna,lambda_high,degree,48.0,0.6,0.35,5,target:173:lambda_high:5:2082226387,0.08836959302425385,0.96826171875,0.024079134687781334
173,mean,lambda_high,degree,48.0,0.6,0.35,6,target:173:lambda_high:6:389276316,0.005879274103790522,0.99951171875,0.0007218187674880028
173,mean_degree,lambda_high,degree,48.0,0.6,0.35,6,target:173:lambda_high:6:389276316,0.002794259460642934,0.99951171875,0.00046330137411132455
173,sum,lambda_high,degree,48.0,0.6,0.35,6,target:173:lambda_high:6:389276316,0.0008823429234325886,0.999755859375,0.00026245787739753723
173,pna,lambda_high,degree,48.0,0.6,0.35,6,target:173:lambda_high:6:389276316,0.02619805559515953,0.9970703125,0.0038075479678809643
173,mean,lambda_high,degree,48.0,0.6,0.35,7,target:173:lambda_high:7:998681626,0.007228477392345667,0.998779296875,0.0011397760827094316
173,mean_degree,lambda_high,degree,48.0,0.6,0.35,7,target:173:lambda_high:7:998681626,0.002215634100139141,0.999755859375,0.00035191772622056305
173,sum,lambda_high,degree,48.0,0.6,0.35,7,target:173:lambda_high:7:998681626,0.0024874808732420206,0.998779296875,0.0006742603145539761
173,pna,lambda_high,degree,48.0,0.6,0.35,7,target:173:lambda_high:7:998681626,0.03157937526702881,0.994384765625,0.005768300965428352
173,mean,rho_low,homophily,24.0,0.3,0.35,0,target:173:rho_low:0:1312860231,0.6646980047225952,0.748046875,0.1899697631597519
173,mean_degree,rho_low,homophily,24.0,0.3,0.35,0,target:173:rho_low:0:1312860231,0.6279523372650146,0.759765625,0.18227079510688782
173,sum,rho_low,homophily,24.0,0.3,0.35,0,target:173:rho_low:0:1312860231,0.8228376507759094,0.75244140625,0.19989754259586334
173,pna,rho_low,homophily,24.0,0.3,0.35,0,target:173:rho_low:0:1312860231,0.5696871876716614,0.757080078125,0.175909161567688
173,mean,rho_low,homophily,24.0,0.3,0.35,1,target:173:rho_low:1:1322742962,0.582392156124115,0.771728515625,0.1701943278312683
173,mean_degree,rho_low,homophily,24.0,0.3,0.35,1,target:173:rho_low:1:1322742962,0.5547483563423157,0.772216796875,0.16691015660762787
173,sum,rho_low,homophily,24.0,0.3,0.35,1,target:173:rho_low:1:1322742962,0.702733039855957,0.767333984375,0.18423661589622498
173,pna,rho_low,homophily,24.0,0.3,0.35,1,target:173:rho_low:1:1322742962,0.6446353793144226,0.72265625,0.19838839769363403
173,mean,rho_low,homophily,24.0,0.3,0.35,2,target:173:rho_low:2:1951450008,0.661670982837677,0.748291015625,0.1896105259656906
173,mean_degree,rho_low,homophily,24.0,0.3,0.35,2,target:173:rho_low:2:1951450008,0.6692934036254883,0.740966796875,0.19438081979751587
173,sum,rho_low,homophily,24.0,0.3,0.35,2,target:173:rho_low:2:1951450008,0.7886189222335815,0.746337890625,0.20162123441696167
173,pna,rho_low,homophily,24.0,0.3,0.35,2,target:173:rho_low:2:1951450008,0.6151795387268066,0.74072265625,0.19058144092559814
173,mean,rho_low,homophily,24.0,0.3,0.35,3,target:173:rho_low:3:510114734,0.5926101207733154,0.76953125,0.17067907750606537
173,mean_degree,rho_low,homophily,24.0,0.3,0.35,3,target:173:rho_low:3:510114734,0.573337197303772,0.771240234375,0.16870597004890442
173,sum,rho_low,homophily,24.0,0.3,0.35,3,target:173:rho_low:3:510114734,0.6976650357246399,0.769775390625,0.18176619708538055
173,pna,rho_low,homophily,24.0,0.3,0.35,3,target:173:rho_low:3:510114734,0.6270957589149475,0.740966796875,0.1915547251701355
173,mean,rho_low,homophily,24.0,0.3,0.35,4,target:173:rho_low:4:480677942,0.6482619643211365,0.75732421875,0.1832527369260788
173,mean_degree,rho_low,homophily,24.0,0.3,0.35,4,target:173:rho_low:4:480677942,0.6275109648704529,0.7568359375,0.1816970556974411
173,sum,rho_low,homophily,24.0,0.3,0.35,4,target:173:rho_low:4:480677942,0.7707521915435791,0.753662109375,0.19462770223617554
173,pna,rho_low,homophily,24.0,0.3,0.35,4,target:173:rho_low:4:480677942,0.6973158717155457,0.7197265625,0.20743867754936218
173,mean,rho_low,homophily,24.0,0.3,0.35,5,target:173:rho_low:5:1035504496,0.5570799708366394,0.7666015625,0.16984419524669647
173,mean_degree,rho_low,homophily,24.0,0.3,0.35,5,target:173:rho_low:5:1035504496,0.5407863855361938,0.766845703125,0.16835299134254456
173,sum,rho_low,homophily,24.0,0.3,0.35,5,target:173:rho_low:5:1035504496,0.6541948318481445,0.763427734375,0.1796288788318634
173,pna,rho_low,homophily,24.0,0.3,0.35,5,target:173:rho_low:5:1035504496,0.5408937931060791,0.75634765625,0.1721971482038498
173,mean,rho_low,homophily,24.0,0.3,0.35,6,target:173:rho_low:6:748929285,0.5575616955757141,0.781005859375,0.1605432629585266
173,mean_degree,rho_low,homophily,24.0,0.3,0.35,6,target:173:rho_low:6:748929285,0.5444467067718506,0.783447265625,0.16016116738319397
173,sum,rho_low,homophily,24.0,0.3,0.35,6,target:173:rho_low:6:748929285,0.6811846494674683,0.786865234375,0.17286783456802368
173,pna,rho_low,homophily,24.0,0.3,0.35,6,target:173:rho_low:6:748929285,0.6350889205932617,0.741455078125,0.1908625066280365
173,mean,rho_low,homophily,24.0,0.3,0.35,7,target:173:rho_low:7:613056126,0.6068210601806641,0.765380859375,0.1755257546901703
173,mean_degree,rho_low,homophily,24.0,0.3,0.35,7,target:173:rho_low:7:613056126,0.5799154043197632,0.772705078125,0.16997510194778442
173,sum,rho_low,homophily,24.0,0.3,0.35,7,target:173:rho_low:7:613056126,0.7057703733444214,0.77294921875,0.1794191300868988
173,pna,rho_low,homophily,24.0,0.3,0.35,7,target:173:rho_low:7:613056126,0.5119629502296448,0.770263671875,0.1609516441822052
173,mean,rho_high,homophily,24.0,0.8,0.35,0,target:173:rho_high:0:2136162195,0.001292920089326799,1.0,0.00019159770454280078
173,mean_degree,rho_high,homophily,24.0,0.8,0.35,0,target:173:rho_high:0:2136162195,0.0014646983472630382,0.999755859375,0.0002247088123112917
173,sum,rho_high,homophily,24.0,0.8,0.35,0,target:173:rho_high:0:2136162195,0.0012282668612897396,0.999755859375,0.00018894212553277612
173,pna,rho_high,homophily,24.0,0.8,0.35,0,target:173:rho_high:0:2136162195,0.014282728545367718,0.99560546875,0.003273771610110998
173,mean,rho_high,homophily,24.0,0.8,0.35,1,target:173:rho_high:1:610045142,0.0015002297004684806,0.999755859375,0.0003150380798615515
173,mean_degree,rho_high,homophily,24.0,0.8,0.35,1,target:173:rho_high:1:610045142,0.0017362380167469382,0.999755859375,0.0003356518573127687
173,sum,rho_high,homophily,24.0,0.8,0.35,1,target:173:rho_high:1:610045142,0.0019618943333625793,0.99951171875,0.0004537208878900856
173,pna,rho_high,homophily,24.0,0.8,0.35,1,target:173:rho_high:1:610045142,0.016669288277626038,0.993896484375,0.004313929006457329
173,mean,rho_high,homophily,24.0,0.8,0.35,2,target:173:rho_high:2:1371477026,0.00034504354698583484,1.0,2.312484139110893e-05
173,mean_degree,rho_high,homophily,24.0,0.8,0.35,2,target:173:rho_high:2:1371477026,0.0004116310738027096,1.0,2.7242240321356803e-05
173,sum,rho_high,homophily,24.0,0.8,0.35,2,target:173:rho_high:2:1371477026,0.00040402106242254376,1.0,3.492343967081979e-05
173,pna,rho_high,homophily,24.0,0.8,0.35,2,target:173:rho_high:2:1371477026,0.010467714630067348,0.99658203125,0.0024673398584127426
173,mean,rho_high,homophily,24.0,0.8,0.35,3,target:173:rho_high:3:1477633248,0.0006197535549290478,0.999755859375,0.0001371092803310603
173,mean_degree,rho_high,homophily,24.0,0.8,0.35,3,target:173:rho_high:3:1477633248,0.0005613649263978004,1.0,8.251119288615882e-05
173,sum,rho_high,homophily,24.0,0.8,0.35,3,target:173:rho_high:3:1477633248,0.0008568005287088454,0.999755859375,0.00020188168855383992
173,pna,rho_high,homophily,24.0,0.8,0.35,3,target:173:rho_high:3:1477633248,0.00711155217140913,0.99853515625,0.0013517029583454132
173,mean,rho_high,homophily,24.0,0.8,0.35,4,target:173:rho_high:4:1411846575,0.0011052951449528337,0.999755859375,0.0002692545240279287
173,mean_degree,rho_high,homophily,24.0,0.8,0.35,4,target:173:rho_high:4:1411846575,0.000981515971943736,0.999755859375,0.0002141010481864214
173,sum,rho_high,homophily,24.0,0.8,0.35,4,target:173:rho_high:4:1411846575,0.0009858147241175175,0.999755859375,0.00021155181457288563
173,pna,rho_high,homophily,24.0,0.8,0.35,4,target:173:rho_high:4:1411846575,0.00950584840029478,0.99755859375,0.0020932869520038366
173,mean,rho_high,homophily,24.0,0.8,0.35,5,target:173:rho_high:5:508226438,0.0027212321292608976,0.9990234375,0.0007278774282895029
173,mean_degree,rho_high,homophily,24.0,0.8,0.35,5,target:173:rho_high:5:508226438,0.0023743482306599617,0.9990234375,0.0006625840906053782
173,sum,rho_high,homophily,24.0,0.8,0.35,5,target:173:rho_high:5:508226438,0.002105590421706438,0.9990234375,0.0005872199544683099
173,pna,rho_high,homophily,24.0,0.8,0.35,5,target:173:rho_high:5:508226438,0.01043715886771679,0.998046875,0.0021716889459639788
173,mean,rho_high,homophily,24.0,0.8,0.35,6,target:173:rho_high:6:307223053,0.0013573053292930126,0.999267578125,0.000425047823227942
173,mean_degree,rho_high,homophily,24.0,0.8,0.35,6,target:173:rho_high:6:307223053,0.0015107414219528437,0.9990234375,0.00047664425801485777
173,sum,rho_high,homophily,24.0,0.8,0.35,6,target:173:rho_high:6:307223053,0.0017091266345232725,0.999267578125,0.0005030477186664939
173,pna,rho_high,homophily,24.0,0.8,0.35,6,target:173:rho_high:6:307223053,0.0068804360926151276,0.998291015625,0.0014040751848369837
173,mean,rho_high,homophily,24.0,0.8,0.35,7,target:173:rho_high:7:930229050,0.0007711057551205158,0.999755859375,0.00012853927910327911
173,mean_degree,rho_high,homophily,24.0,0.8,0.35,7,target:173:rho_high:7:930229050,0.0008919946849346161,0.999755859375,0.00013703422155231237
173,sum,rho_high,homophily,24.0,0.8,0.35,7,target:173:rho_high:7:930229050,0.0007251990027725697,1.0,9.19266531127505e-05
173,pna,rho_high,homophily,24.0,0.8,0.35,7,target:173:rho_high:7:930229050,0.018245240673422813,0.99560546875,0.004001810681074858
173,mean,mu_low,feature_signal,24.0,0.6,0.2,0,target:173:mu_low:0:2033828138,0.2006182074546814,0.9189453125,0.06006376072764397
173,mean_degree,mu_low,feature_signal,24.0,0.6,0.2,0,target:173:mu_low:0:2033828138,0.19684705138206482,0.919189453125,0.05964326485991478
173,sum,mu_low,feature_signal,24.0,0.6,0.2,0,target:173:mu_low:0:2033828138,0.2277907133102417,0.9111328125,0.06627638638019562
173,pna,mu_low,feature_signal,24.0,0.6,0.2,0,target:173:mu_low:0:2033828138,0.3028375506401062,0.8740234375,0.09133154153823853
173,mean,mu_low,feature_signal,24.0,0.6,0.2,1,target:173:mu_low:1:1363560663,0.23753505945205688,0.90478515625,0.06952949613332748
173,mean_degree,mu_low,feature_signal,24.0,0.6,0.2,1,target:173:mu_low:1:1363560663,0.22967347502708435,0.906982421875,0.06842758506536484
173,sum,mu_low,feature_signal,24.0,0.6,0.2,1,target:173:mu_low:1:1363560663,0.27990782260894775,0.895751953125,0.07851172983646393
173,pna,mu_low,feature_signal,24.0,0.6,0.2,1,target:173:mu_low:1:1363560663,0.3887915015220642,0.839111328125,0.11680464446544647
173,mean,mu_low,feature_signal,24.0,0.6,0.2,2,target:173:mu_low:2:2091948042,0.18893326818943024,0.9248046875,0.05589473247528076
173,mean_degree,mu_low,feature_signal,24.0,0.6,0.2,2,target:173:mu_low:2:2091948042,0.17981086671352386,0.928955078125,0.053519800305366516
173,sum,mu_low,feature_signal,24.0,0.6,0.2,2,target:173:mu_low:2:2091948042,0.21160483360290527,0.918701171875,0.060731470584869385
173,pna,mu_low,feature_signal,24.0,0.6,0.2,2,target:173:mu_low:2:2091948042,0.2877753973007202,0.87841796875,0.08742167055606842
173,mean,mu_low,feature_signal,24.0,0.6,0.2,3,target:173:mu_low:3:280003105,0.1857191026210785,0.923095703125,0.05553489923477173
173,mean_degree,mu_low,feature_signal,24.0,0.6,0.2,3,target:173:mu_low:3:280003105,0.17601093649864197,0.92822265625,0.05270196869969368
173,sum,mu_low,feature_signal,24.0,0.6,0.2,3,target:173:mu_low:3:280003105,0.2193865329027176,0.910400390625,0.06487500667572021
173,pna,mu_low,feature_signal,24.0,0.6,0.2,3,target:173:mu_low:3:280003105,0.3006221652030945,0.8759765625,0.08981289714574814
173,mean,mu_low,feature_signal,24.0,0.6,0.2,4,target:173:mu_low:4:1257952896,0.196666419506073,0.9248046875,0.05735225975513458
173,mean_degree,mu_low,feature_signal,24.0,0.6,0.2,4,target:173:mu_low:4:1257952896,0.1835009753704071,0.92822265625,0.05405917763710022
173,sum,mu_low,feature_signal,24.0,0.6,0.2,4,target:173:mu_low:4:1257952896,0.21544715762138367,0.92041015625,0.06038671359419823
173,pna,mu_low,feature_signal,24.0,0.6,0.2,4,target:173:mu_low:4:1257952896,0.2603521943092346,0.896728515625,0.07673627883195877
173,mean,mu_low,feature_signal,24.0,0.6,0.2,5,target:173:mu_low:5:587865003,0.20064464211463928,0.922119140625,0.05778898671269417
173,mean_degree,mu_low,feature_signal,24.0,0.6,0.2,5,target:173:mu_low:5:587865003,0.19565226137638092,0.923583984375,0.056825779378414154
173,sum,mu_low,feature_signal,24.0,0.6,0.2,5,target:173:mu_low:5:587865003,0.23470242321491241,0.912841796875,0.06533168256282806
173,pna,mu_low,feature_signal,24.0,0.6,0.2,5,target:173:mu_low:5:587865003,0.2885923385620117,0.88623046875,0.0851193368434906
173,mean,mu_low,feature_signal,24.0,0.6,0.2,6,target:173:mu_low:6:2118664314,0.16146810352802277,0.93994140625,0.04641958326101303
173,mean_degree,mu_low,feature_signal,24.0,0.6,0.2,6,target:173:mu_low:6:2118664314,0.15591904520988464,0.9404296875,0.04495340213179588
173,sum,mu_low,feature_signal,24.0,0.6,0.2,6,target:173:mu_low:6:2118664314,0.19196565449237823,0.927490234375,0.053698014467954636
173,pna,mu_low,feature_signal,24.0,0.6,0.2,6,target:173:mu_low:6:2118664314,0.25074344873428345,0.8984375,0.07239152491092682
173,mean,mu_low,feature_signal,24.0,0.6,0.2,7,target:173:mu_low:7:662068726,0.16580423712730408,0.935546875,0.04977865517139435
173,mean_degree,mu_low,feature_signal,24.0,0.6,0.2,7,target:173:mu_low:7:662068726,0.16740459203720093,0.931396484375,0.05037546530365944
173,sum,mu_low,feature_signal,24.0,0.6,0.2,7,target:173:mu_low:7:662068726,0.20521214604377747,0.92138671875,0.05933989956974983
173,pna,mu_low,feature_signal,24.0,0.6,0.2,7,target:173:mu_low:7:662068726,0.2707374393939972,0.89013671875,0.08107675611972809
173,mean,mu_high,feature_signal,24.0,0.6,0.5,0,target:173:mu_high:0:439084170,0.014659294858574867,0.99462890625,0.004197197966277599
173,mean_degree,mu_high,feature_signal,24.0,0.6,0.5,0,target:173:mu_high:0:439084170,0.014959651045501232,0.993408203125,0.004315932281315327
173,sum,mu_high,feature_signal,24.0,0.6,0.5,0,target:173:mu_high:0:439084170,0.020628925412893295,0.9931640625,0.005711467005312443
173,pna,mu_high,feature_signal,24.0,0.6,0.5,0,target:173:mu_high:0:439084170,0.028689242899417877,0.99267578125,0.006748858839273453
173,mean,mu_high,feature_signal,24.0,0.6,0.5,1,target:173:mu_high:1:1873431522,0.02204679325222969,0.992431640625,0.005849082954227924
173,mean_degree,mu_high,feature_signal,24.0,0.6,0.5,1,target:173:mu_high:1:1873431522,0.021471522748470306,0.993408203125,0.005486784502863884
173,sum,mu_high,feature_signal,24.0,0.6,0.5,1,target:173:mu_high:1:1873431522,0.027416406199336052,0.990966796875,0.0069917943328619
173,pna,mu_high,feature_signal,24.0,0.6,0.5,1,target:173:mu_high:1:1873431522,0.045509904623031616,0.982666015625,0.01240487303584814
173,mean,mu_high,feature_signal,24.0,0.6,0.5,2,target:173:mu_high:2:1144655272,0.030758025124669075,0.990478515625,0.00788521021604538
173,mean_degree,mu_high,feature_signal,24.0,0.6,0.5,2,target:173:mu_high:2:1144655272,0.029046032577753067,0.98974609375,0.007865453138947487
173,sum,mu_high,feature_signal,24.0,0.6,0.5,2,target:173:mu_high:2:1144655272,0.031972918659448624,0.989013671875,0.008604748174548149
173,pna,mu_high,feature_signal,24.0,0.6,0.5,2,target:173:mu_high:2:1144655272,0.057295046746730804,0.977783203125,0.016134418547153473
173,mean,mu_high,feature_signal,24.0,0.6,0.5,3,target:173:mu_high:3:1020194182,0.020587977021932602,0.993896484375,0.004899051506072283
173,mean_degree,mu_high,feature_signal,24.0,0.6,0.5,3,target:173:mu_high:3:1020194182,0.019427593797445297,0.993896484375,0.004659517668187618
173,sum,mu_high,feature_signal,24.0,0.6,0.5,3,target:173:mu_high:3:1020194182,0.01939012110233307,0.993896484375,0.005033761262893677
173,pna,mu_high,feature_signal,24.0,0.6,0.5,3,target:173:mu_high:3:1020194182,0.058267273008823395,0.978759765625,0.016341477632522583
173,mean,mu_high,feature_signal,24.0,0.6,0.5,4,target:173:mu_high:4:1007011971,0.014644172042608261,0.9951171875,0.003999356180429459
173,mean_degree,mu_high,feature_signal,24.0,0.6,0.5,4,target:173:mu_high:4:1007011971,0.014333833009004593,0.9951171875,0.003910415340214968
173,sum,mu_high,feature_signal,24.0,0.6,0.5,4,target:173:mu_high:4:1007011971,0.01947006583213806,0.993896484375,0.005273031070828438
173,pna,mu_high,feature_signal,24.0,0.6,0.5,4,target:173:mu_high:4:1007011971,0.032793641090393066,0.989501953125,0.008184298872947693
173,mean,mu_high,feature_signal,24.0,0.6,0.5,5,target:173:mu_high:5:1495214380,0.016579046845436096,0.994384765625,0.00459826085716486
173,mean_degree,mu_high,feature_signal,24.0,0.6,0.5,5,target:173:mu_high:5:1495214380,0.01585477590560913,0.994384765625,0.004296973347663879
173,sum,mu_high,feature_signal,24.0,0.6,0.5,5,target:173:mu_high:5:1495214380,0.01738959550857544,0.994873046875,0.004749633371829987
173,pna,mu_high,feature_signal,24.0,0.6,0.5,5,target:173:mu_high:5:1495214380,0.04211773723363876,0.986083984375,0.010936790145933628
173,mean,mu_high,feature_signal,24.0,0.6,0.5,6,target:173:mu_high:6:546021040,0.017449406906962395,0.9931640625,0.005129005294293165
173,mean_degree,mu_high,feature_signal,24.0,0.6,0.5,6,target:173:mu_high:6:546021040,0.016681045293807983,0.9931640625,0.004927292466163635
173,sum,mu_high,feature_signal,24.0,0.6,0.5,6,target:173:mu_high:6:546021040,0.019459998235106468,0.993408203125,0.005304775200784206
173,pna,mu_high,feature_signal,24.0,0.6,0.5,6,target:173:mu_high:6:546021040,0.03632603585720062,0.98779296875,0.009401262737810612
173,mean,mu_high,feature_signal,24.0,0.6,0.5,7,target:173:mu_high:7:2030350331,0.019214225932955742,0.992431640625,0.005130651406943798
173,mean_degree,mu_high,feature_signal,24.0,0.6,0.5,7,target:173:mu_high:7:2030350331,0.017652234062552452,0.993896484375,0.004671015776693821
173,sum,mu_high,feature_signal,24.0,0.6,0.5,7,target:173:mu_high:7:2030350331,0.01968265138566494,0.993408203125,0.0051610893569886684
173,pna,mu_high,feature_signal,24.0,0.6,0.5,7,target:173:mu_high:7:2030350331,0.036754947155714035,0.987548828125,0.009559298865497112
173,mean,combined_l12_r03_m02,combined,12.0,0.3,0.2,0,target:173:combined_l12_r03_m02:0:547681817,1.7587356567382812,0.62744140625,0.31902045011520386
173,mean_degree,combined_l12_r03_m02,combined,12.0,0.3,0.2,0,target:173:combined_l12_r03_m02:0:547681817,0.9761110544204712,0.638427734375,0.27767547965049744
173,sum,combined_l12_r03_m02,combined,12.0,0.3,0.2,0,target:173:combined_l12_r03_m02:0:547681817,0.861868143081665,0.609619140625,0.2749319076538086
173,pna,combined_l12_r03_m02,combined,12.0,0.3,0.2,0,target:173:combined_l12_r03_m02:0:547681817,1.2832143306732178,0.6240234375,0.3065091669559479
173,mean,combined_l12_r03_m02,combined,12.0,0.3,0.2,1,target:173:combined_l12_r03_m02:1:74079885,1.685343861579895,0.634521484375,0.31680813431739807
173,mean_degree,combined_l12_r03_m02,combined,12.0,0.3,0.2,1,target:173:combined_l12_r03_m02:1:74079885,0.9515689611434937,0.629638671875,0.2777743637561798
173,sum,combined_l12_r03_m02,combined,12.0,0.3,0.2,1,target:173:combined_l12_r03_m02:1:74079885,0.8439789414405823,0.596923828125,0.2765914797782898
173,pna,combined_l12_r03_m02,combined,12.0,0.3,0.2,1,target:173:combined_l12_r03_m02:1:74079885,1.300624132156372,0.616943359375,0.31319913268089294
173,mean,combined_l12_r03_m02,combined,12.0,0.3,0.2,2,target:173:combined_l12_r03_m02:2:647662814,1.6773853302001953,0.634521484375,0.3109652101993561
173,mean_degree,combined_l12_r03_m02,combined,12.0,0.3,0.2,2,target:173:combined_l12_r03_m02:2:647662814,0.9405179023742676,0.643310546875,0.2722780406475067
173,sum,combined_l12_r03_m02,combined,12.0,0.3,0.2,2,target:173:combined_l12_r03_m02:2:647662814,0.8179326057434082,0.609375,0.2685631513595581
173,pna,combined_l12_r03_m02,combined,12.0,0.3,0.2,2,target:173:combined_l12_r03_m02:2:647662814,1.2053415775299072,0.640380859375,0.2935457229614258
173,mean,combined_l12_r03_m02,combined,12.0,0.3,0.2,3,target:173:combined_l12_r03_m02:3:1111664570,1.8285341262817383,0.60302734375,0.3381822407245636
173,mean_degree,combined_l12_r03_m02,combined,12.0,0.3,0.2,3,target:173:combined_l12_r03_m02:3:1111664570,1.0004143714904785,0.6064453125,0.29349443316459656
173,sum,combined_l12_r03_m02,combined,12.0,0.3,0.2,3,target:173:combined_l12_r03_m02:3:1111664570,0.8775044083595276,0.57275390625,0.2907789647579193
173,pna,combined_l12_r03_m02,combined,12.0,0.3,0.2,3,target:173:combined_l12_r03_m02:3:1111664570,1.3412692546844482,0.60546875,0.32381904125213623
173,mean,combined_l12_r03_m02,combined,12.0,0.3,0.2,4,target:173:combined_l12_r03_m02:4:1779756953,1.6853067874908447,0.617431640625,0.32369422912597656
173,mean_degree,combined_l12_r03_m02,combined,12.0,0.3,0.2,4,target:173:combined_l12_r03_m02:4:1779756953,0.9725619554519653,0.633056640625,0.27810096740722656
173,sum,combined_l12_r03_m02,combined,12.0,0.3,0.2,4,target:173:combined_l12_r03_m02:4:1779756953,0.8593916893005371,0.59326171875,0.2801395058631897
173,pna,combined_l12_r03_m02,combined,12.0,0.3,0.2,4,target:173:combined_l12_r03_m02:4:1779756953,1.2301442623138428,0.623779296875,0.30366504192352295
173,mean,combined_l12_r03_m02,combined,12.0,0.3,0.2,5,target:173:combined_l12_r03_m02:5:483238419,1.7991598844528198,0.60693359375,0.33617281913757324
173,mean_degree,combined_l12_r03_m02,combined,12.0,0.3,0.2,5,target:173:combined_l12_r03_m02:5:483238419,1.1731367111206055,0.5947265625,0.31780725717544556
173,sum,combined_l12_r03_m02,combined,12.0,0.3,0.2,5,target:173:combined_l12_r03_m02:5:483238419,0.8593952655792236,0.590576171875,0.28327876329421997
173,pna,combined_l12_r03_m02,combined,12.0,0.3,0.2,5,target:173:combined_l12_r03_m02:5:483238419,1.3448569774627686,0.609130859375,0.3211785852909088
173,mean,combined_l12_r03_m02,combined,12.0,0.3,0.2,6,target:173:combined_l12_r03_m02:6:1579991180,1.8059223890304565,0.611572265625,0.33549752831459045
173,mean_degree,combined_l12_r03_m02,combined,12.0,0.3,0.2,6,target:173:combined_l12_r03_m02:6:1579991180,0.9413971304893494,0.620361328125,0.28083521127700806
173,sum,combined_l12_r03_m02,combined,12.0,0.3,0.2,6,target:173:combined_l12_r03_m02:6:1579991180,0.8959723711013794,0.57861328125,0.2911517024040222
173,pna,combined_l12_r03_m02,combined,12.0,0.3,0.2,6,target:173:combined_l12_r03_m02:6:1579991180,1.2907304763793945,0.612060546875,0.3154654800891876
173,mean,combined_l12_r03_m02,combined,12.0,0.3,0.2,7,target:173:combined_l12_r03_m02:7:1750074917,1.7351336479187012,0.598388671875,0.341595858335495
173,mean_degree,combined_l12_r03_m02,combined,12.0,0.3,0.2,7,target:173:combined_l12_r03_m02:7:1750074917,1.0427364110946655,0.598876953125,0.3035363554954529
173,sum,combined_l12_r03_m02,combined,12.0,0.3,0.2,7,target:173:combined_l12_r03_m02:7:1750074917,0.879141092300415,0.573486328125,0.2900915741920471
173,pna,combined_l12_r03_m02,combined,12.0,0.3,0.2,7,target:173:combined_l12_r03_m02:7:1750074917,1.3506630659103394,0.593017578125,0.32900309562683105
173,mean,combined_l12_r03_m05,combined,12.0,0.3,0.5,0,target:173:combined_l12_r03_m05:0:1543276850,1.1282488107681274,0.746337890625,0.2153046429157257
173,mean_degree,combined_l12_r03_m05,combined,12.0,0.3,0.5,0,target:173:combined_l12_r03_m05:0:1543276850,0.6967271566390991,0.73681640625,0.19960644841194153
173,sum,combined_l12_r03_m05,combined,12.0,0.3,0.5,0,target:173:combined_l12_r03_m05:0:1543276850,0.6859511137008667,0.686279296875,0.2204591929912567
173,pna,combined_l12_r03_m05,combined,12.0,0.3,0.5,0,target:173:combined_l12_r03_m05:0:1543276850,0.853388786315918,0.74072265625,0.2106504589319229
173,mean,combined_l12_r03_m05,combined,12.0,0.3,0.5,1,target:173:combined_l12_r03_m05:1:245118894,1.0965896844863892,0.74267578125,0.21733170747756958
173,mean_degree,combined_l12_r03_m05,combined,12.0,0.3,0.5,1,target:173:combined_l12_r03_m05:1:245118894,0.688000500202179,0.741943359375,0.1962539404630661
173,sum,combined_l12_r03_m05,combined,12.0,0.3,0.5,1,target:173:combined_l12_r03_m05:1:245118894,0.6729500889778137,0.68212890625,0.21843861043453217
173,pna,combined_l12_r03_m05,combined,12.0,0.3,0.5,1,target:173:combined_l12_r03_m05:1:245118894,0.8212658762931824,0.73779296875,0.20893925428390503
173,mean,combined_l12_r03_m05,combined,12.0,0.3,0.5,2,target:173:combined_l12_r03_m05:2:1377698432,1.1294679641723633,0.74853515625,0.21594421565532684
173,mean_degree,combined_l12_r03_m05,combined,12.0,0.3,0.5,2,target:173:combined_l12_r03_m05:2:1377698432,0.6634480953216553,0.74755859375,0.18960364162921906
173,sum,combined_l12_r03_m05,combined,12.0,0.3,0.5,2,target:173:combined_l12_r03_m05:2:1377698432,0.6592854261398315,0.692138671875,0.21267879009246826
173,pna,combined_l12_r03_m05,combined,12.0,0.3,0.5,2,target:173:combined_l12_r03_m05:2:1377698432,0.8370198011398315,0.74560546875,0.20599035918712616
173,mean,combined_l12_r03_m05,combined,12.0,0.3,0.5,3,target:173:combined_l12_r03_m05:3:540122091,1.1686933040618896,0.7529296875,0.2131340354681015
173,mean_degree,combined_l12_r03_m05,combined,12.0,0.3,0.5,3,target:173:combined_l12_r03_m05:3:540122091,0.6544188261032104,0.756103515625,0.18437138199806213
173,sum,combined_l12_r03_m05,combined,12.0,0.3,0.5,3,target:173:combined_l12_r03_m05:3:540122091,0.6758588552474976,0.703369140625,0.21309888362884521
173,pna,combined_l12_r03_m05,combined,12.0,0.3,0.5,3,target:173:combined_l12_r03_m05:3:540122091,0.8762779831886292,0.7431640625,0.20841331779956818
173,mean,combined_l12_r03_m05,combined,12.0,0.3,0.5,4,target:173:combined_l12_r03_m05:4:1802759143,1.1265897750854492,0.75634765625,0.20711234211921692
173,mean_degree,combined_l12_r03_m05,combined,12.0,0.3,0.5,4,target:173:combined_l12_r03_m05:4:1802759143,0.6661911010742188,0.751953125,0.18702432513237
173,sum,combined_l12_r03_m05,combined,12.0,0.3,0.5,4,target:173:combined_l12_r03_m05:4:1802759143,0.6509107947349548,0.707763671875,0.20667916536331177
173,pna,combined_l12_r03_m05,combined,12.0,0.3,0.5,4,target:173:combined_l12_r03_m05:4:1802759143,0.8521361947059631,0.75048828125,0.20421013236045837
173,mean,combined_l12_r03_m05,combined,12.0,0.3,0.5,5,target:173:combined_l12_r03_m05:5:1263187159,1.191462755203247,0.749267578125,0.215438574552536
173,mean_degree,combined_l12_r03_m05,combined,12.0,0.3,0.5,5,target:173:combined_l12_r03_m05:5:1263187159,0.629397988319397,0.754150390625,0.18229474127292633
173,sum,combined_l12_r03_m05,combined,12.0,0.3,0.5,5,target:173:combined_l12_r03_m05:5:1263187159,0.6959097385406494,0.689208984375,0.2212611585855484
173,pna,combined_l12_r03_m05,combined,12.0,0.3,0.5,5,target:173:combined_l12_r03_m05:5:1263187159,0.8651260137557983,0.74853515625,0.20535808801651
173,mean,combined_l12_r03_m05,combined,12.0,0.3,0.5,6,target:173:combined_l12_r03_m05:6:678344073,1.190500020980835,0.734375,0.22712209820747375
173,mean_degree,combined_l12_r03_m05,combined,12.0,0.3,0.5,6,target:173:combined_l12_r03_m05:6:678344073,0.6941365003585815,0.737060546875,0.19872647523880005
173,sum,combined_l12_r03_m05,combined,12.0,0.3,0.5,6,target:173:combined_l12_r03_m05:6:678344073,0.6839977502822876,0.6943359375,0.21776273846626282
173,pna,combined_l12_r03_m05,combined,12.0,0.3,0.5,6,target:173:combined_l12_r03_m05:6:678344073,0.9101704359054565,0.7265625,0.22231364250183105
173,mean,combined_l12_r03_m05,combined,12.0,0.3,0.5,7,target:173:combined_l12_r03_m05:7:393297997,1.1919758319854736,0.74658203125,0.21863284707069397
173,mean_degree,combined_l12_r03_m05,combined,12.0,0.3,0.5,7,target:173:combined_l12_r03_m05:7:393297997,0.6263017654418945,0.760986328125,0.1783800572156906
173,sum,combined_l12_r03_m05,combined,12.0,0.3,0.5,7,target:173:combined_l12_r03_m05:7:393297997,0.6822686791419983,0.689453125,0.2164924442768097
173,pna,combined_l12_r03_m05,combined,12.0,0.3,0.5,7,target:173:combined_l12_r03_m05:7:393297997,0.8697093725204468,0.734130859375,0.21470101177692413
173,mean,combined_l12_r08_m02,combined,12.0,0.8,0.2,0,target:173:combined_l12_r08_m02:0:419502902,0.34398072957992554,0.902587890625,0.07740849256515503
173,mean_degree,combined_l12_r08_m02,combined,12.0,0.8,0.2,0,target:173:combined_l12_r08_m02:0:419502902,0.3149581849575043,0.8740234375,0.09287772327661514
173,sum,combined_l12_r08_m02,combined,12.0,0.8,0.2,0,target:173:combined_l12_r08_m02:0:419502902,0.2476966232061386,0.895751953125,0.07498732209205627
173,pna,combined_l12_r08_m02,combined,12.0,0.8,0.2,0,target:173:combined_l12_r08_m02:0:419502902,0.3358003497123718,0.887939453125,0.08730403333902359
173,mean,combined_l12_r08_m02,combined,12.0,0.8,0.2,1,target:173:combined_l12_r08_m02:1:1280003015,0.45382747054100037,0.871826171875,0.10504920780658722
173,mean_degree,combined_l12_r08_m02,combined,12.0,0.8,0.2,1,target:173:combined_l12_r08_m02:1:1280003015,0.32802215218544006,0.8681640625,0.09845131635665894
173,sum,combined_l12_r08_m02,combined,12.0,0.8,0.2,1,target:173:combined_l12_r08_m02:1:1280003015,0.3156015872955322,0.862548828125,0.09789390116930008
173,pna,combined_l12_r08_m02,combined,12.0,0.8,0.2,1,target:173:combined_l12_r08_m02:1:1280003015,0.48057371377944946,0.835205078125,0.12785571813583374
173,mean,combined_l12_r08_m02,combined,12.0,0.8,0.2,2,target:173:combined_l12_r08_m02:2:487187468,0.2852131128311157,0.915283203125,0.06802357733249664
173,mean_degree,combined_l12_r08_m02,combined,12.0,0.8,0.2,2,target:173:combined_l12_r08_m02:2:487187468,0.2509151101112366,0.89453125,0.07654790580272675
173,sum,combined_l12_r08_m02,combined,12.0,0.8,0.2,2,target:173:combined_l12_r08_m02:2:487187468,0.24927598237991333,0.892822265625,0.07572463899850845
173,pna,combined_l12_r08_m02,combined,12.0,0.8,0.2,2,target:173:combined_l12_r08_m02:2:487187468,0.3113529682159424,0.896728515625,0.08170048892498016
173,mean,combined_l12_r08_m02,combined,12.0,0.8,0.2,3,target:173:combined_l12_r08_m02:3:1213080523,0.2540825307369232,0.91943359375,0.06266461312770844
173,mean_degree,combined_l12_r08_m02,combined,12.0,0.8,0.2,3,target:173:combined_l12_r08_m02:3:1213080523,0.23673158884048462,0.9033203125,0.07051567733287811
173,sum,combined_l12_r08_m02,combined,12.0,0.8,0.2,3,target:173:combined_l12_r08_m02:3:1213080523,0.22632531821727753,0.906494140625,0.06763739883899689
173,pna,combined_l12_r08_m02,combined,12.0,0.8,0.2,3,target:173:combined_l12_r08_m02:3:1213080523,0.320936381816864,0.89013671875,0.08671834319829941
173,mean,combined_l12_r08_m02,combined,12.0,0.8,0.2,4,target:173:combined_l12_r08_m02:4:828310331,0.2524690628051758,0.9228515625,0.06093321368098259
173,mean_degree,combined_l12_r08_m02,combined,12.0,0.8,0.2,4,target:173:combined_l12_r08_m02:4:828310331,0.26462751626968384,0.88525390625,0.0809420496225357
173,sum,combined_l12_r08_m02,combined,12.0,0.8,0.2,4,target:173:combined_l12_r08_m02:4:828310331,0.23048290610313416,0.908203125,0.06820422410964966
173,pna,combined_l12_r08_m02,combined,12.0,0.8,0.2,4,target:173:combined_l12_r08_m02:4:828310331,0.3057376742362976,0.890869140625,0.08243542164564133
173,mean,combined_l12_r08_m02,combined,12.0,0.8,0.2,5,target:173:combined_l12_r08_m02:5:477442242,0.3998926877975464,0.8876953125,0.09157431125640869
173,mean_degree,combined_l12_r08_m02,combined,12.0,0.8,0.2,5,target:173:combined_l12_r08_m02:5:477442242,0.24728496372699738,0.89306640625,0.07521955668926239
173,sum,combined_l12_r08_m02,combined,12.0,0.8,0.2,5,target:173:combined_l12_r08_m02:5:477442242,0.28734850883483887,0.8837890625,0.08802217245101929
173,pna,combined_l12_r08_m02,combined,12.0,0.8,0.2,5,target:173:combined_l12_r08_m02:5:477442242,0.4092039465904236,0.862548828125,0.10707510262727737
173,mean,combined_l12_r08_m02,combined,12.0,0.8,0.2,6,target:173:combined_l12_r08_m02:6:1353147537,0.2691761255264282,0.921142578125,0.062272824347019196
173,mean_degree,combined_l12_r08_m02,combined,12.0,0.8,0.2,6,target:173:combined_l12_r08_m02:6:1353147537,0.21079933643341064,0.91748046875,0.06285643577575684
173,sum,combined_l12_r08_m02,combined,12.0,0.8,0.2,6,target:173:combined_l12_r08_m02:6:1353147537,0.21612869203090668,0.916015625,0.06395724415779114
173,pna,combined_l12_r08_m02,combined,12.0,0.8,0.2,6,target:173:combined_l12_r08_m02:6:1353147537,0.3190237879753113,0.893798828125,0.08382109552621841
173,mean,combined_l12_r08_m02,combined,12.0,0.8,0.2,7,target:173:combined_l12_r08_m02:7:2090867458,0.34004396200180054,0.901123046875,0.07741282880306244
173,mean_degree,combined_l12_r08_m02,combined,12.0,0.8,0.2,7,target:173:combined_l12_r08_m02:7:2090867458,0.269769549369812,0.887939453125,0.08183522522449493
173,sum,combined_l12_r08_m02,combined,12.0,0.8,0.2,7,target:173:combined_l12_r08_m02:7:2090867458,0.25609850883483887,0.89697265625,0.07613371312618256
173,pna,combined_l12_r08_m02,combined,12.0,0.8,0.2,7,target:173:combined_l12_r08_m02:7:2090867458,0.40005940198898315,0.870361328125,0.1037185937166214
173,mean,combined_l12_r08_m05,combined,12.0,0.8,0.5,0,target:173:combined_l12_r08_m05:0:252252894,0.03552848845720291,0.992431640625,0.006369530223309994
173,mean_degree,combined_l12_r08_m05,combined,12.0,0.8,0.5,0,target:173:combined_l12_r08_m05:0:252252894,0.020692002028226852,0.9931640625,0.005426607094705105
173,sum,combined_l12_r08_m05,combined,12.0,0.8,0.5,0,target:173:combined_l12_r08_m05:0:252252894,0.04162909835577011,0.98974609375,0.010170773603022099
173,pna,combined_l12_r08_m05,combined,12.0,0.8,0.5,0,target:173:combined_l12_r08_m05:0:252252894,0.0499894805252552,0.98583984375,0.01142064668238163
173,mean,combined_l12_r08_m05,combined,12.0,0.8,0.5,1,target:173:combined_l12_r08_m05:1:287550140,0.024409057572484016,0.994873046875,0.004425806924700737
173,mean_degree,combined_l12_r08_m05,combined,12.0,0.8,0.5,1,target:173:combined_l12_r08_m05:1:287550140,0.022038638591766357,0.99267578125,0.0059178415685892105
173,sum,combined_l12_r08_m05,combined,12.0,0.8,0.5,1,target:173:combined_l12_r08_m05:1:287550140,0.04096587747335434,0.98974609375,0.00954502634704113
173,pna,combined_l12_r08_m05,combined,12.0,0.8,0.5,1,target:173:combined_l12_r08_m05:1:287550140,0.04504825174808502,0.986328125,0.010565867647528648
173,mean,combined_l12_r08_m05,combined,12.0,0.8,0.5,2,target:173:combined_l12_r08_m05:2:404386025,0.019378662109375,0.99560546875,0.0035238151904195547
173,mean_degree,combined_l12_r08_m05,combined,12.0,0.8,0.5,2,target:173:combined_l12_r08_m05:2:404386025,0.019305426627397537,0.994140625,0.0048220157623291016
173,sum,combined_l12_r08_m05,combined,12.0,0.8,0.5,2,target:173:combined_l12_r08_m05:2:404386025,0.03963151574134827,0.98779296875,0.009602753445506096
173,pna,combined_l12_r08_m05,combined,12.0,0.8,0.5,2,target:173:combined_l12_r08_m05:2:404386025,0.03146500140428543,0.9892578125,0.008183949626982212
173,mean,combined_l12_r08_m05,combined,12.0,0.8,0.5,3,target:173:combined_l12_r08_m05:3:1822136290,0.032447606325149536,0.992919921875,0.00600003357976675
173,mean_degree,combined_l12_r08_m05,combined,12.0,0.8,0.5,3,target:173:combined_l12_r08_m05:3:1822136290,0.02575264312326908,0.991455078125,0.006498859729617834
173,sum,combined_l12_r08_m05,combined,12.0,0.8,0.5,3,target:173:combined_l12_r08_m05:3:1822136290,0.047150153666734695,0.986083984375,0.012034807354211807
173,pna,combined_l12_r08_m05,combined,12.0,0.8,0.5,3,target:173:combined_l12_r08_m05:3:1822136290,0.036905284970998764,0.987548828125,0.009433075785636902
173,mean,combined_l12_r08_m05,combined,12.0,0.8,0.5,4,target:173:combined_l12_r08_m05:4:1913578805,0.026026271283626556,0.993896484375,0.004824559669941664
173,mean_degree,combined_l12_r08_m05,combined,12.0,0.8,0.5,4,target:173:combined_l12_r08_m05:4:1913578805,0.02029474824666977,0.99462890625,0.005081089213490486
173,sum,combined_l12_r08_m05,combined,12.0,0.8,0.5,4,target:173:combined_l12_r08_m05:4:1913578805,0.040805742144584656,0.987060546875,0.010243035852909088
173,pna,combined_l12_r08_m05,combined,12.0,0.8,0.5,4,target:173:combined_l12_r08_m05:4:1913578805,0.033307239413261414,0.98974609375,0.007849046029150486
173,mean,combined_l12_r08_m05,combined,12.0,0.8,0.5,5,target:173:combined_l12_r08_m05:5:1026875192,0.03210510313510895,0.995361328125,0.0041529457084834576
173,mean_degree,combined_l12_r08_m05,combined,12.0,0.8,0.5,5,target:173:combined_l12_r08_m05:5:1026875192,0.022773534059524536,0.99365234375,0.005279775708913803
173,sum,combined_l12_r08_m05,combined,12.0,0.8,0.5,5,target:173:combined_l12_r08_m05:5:1026875192,0.034609999507665634,0.991943359375,0.008053187280893326
173,pna,combined_l12_r08_m05,combined,12.0,0.8,0.5,5,target:173:combined_l12_r08_m05:5:1026875192,0.039344422519207,0.989990234375,0.008203545585274696
173,mean,combined_l12_r08_m05,combined,12.0,0.8,0.5,6,target:173:combined_l12_r08_m05:6:641325025,0.036647047847509384,0.9912109375,0.007378214038908482
173,mean_degree,combined_l12_r08_m05,combined,12.0,0.8,0.5,6,target:173:combined_l12_r08_m05:6:641325025,0.027021829038858414,0.991943359375,0.007211355492472649
173,sum,combined_l12_r08_m05,combined,12.0,0.8,0.5,6,target:173:combined_l12_r08_m05:6:641325025,0.041179198771715164,0.98876953125,0.00985514372587204
173,pna,combined_l12_r08_m05,combined,12.0,0.8,0.5,6,target:173:combined_l12_r08_m05:6:641325025,0.04456271976232529,0.987060546875,0.010875260457396507
173,mean,combined_l12_r08_m05,combined,12.0,0.8,0.5,7,target:173:combined_l12_r08_m05:7:1558136279,0.025953056290745735,0.992431640625,0.0062954057939350605
173,mean_degree,combined_l12_r08_m05,combined,12.0,0.8,0.5,7,target:173:combined_l12_r08_m05:7:1558136279,0.02144600637257099,0.992919921875,0.0056966328993439674
173,sum,combined_l12_r08_m05,combined,12.0,0.8,0.5,7,target:173:combined_l12_r08_m05:7:1558136279,0.042385827749967575,0.98828125,0.010192086920142174
173,pna,combined_l12_r08_m05,combined,12.0,0.8,0.5,7,target:173:combined_l12_r08_m05:7:1558136279,0.03906366974115372,0.98681640625,0.010090870782732964
173,mean,combined_l48_r03_m02,combined,48.0,0.3,0.2,0,target:173:combined_l48_r03_m02:0:1244259927,0.5383609533309937,0.740966796875,0.17896996438503265
173,mean_degree,combined_l48_r03_m02,combined,48.0,0.3,0.2,0,target:173:combined_l48_r03_m02:0:1244259927,1.0174022912979126,0.61962890625,0.29107561707496643
173,sum,combined_l48_r03_m02,combined,48.0,0.3,0.2,0,target:173:combined_l48_r03_m02:0:1244259927,1.3328793048858643,0.74658203125,0.22101324796676636
173,pna,combined_l48_r03_m02,combined,48.0,0.3,0.2,0,target:173:combined_l48_r03_m02:0:1244259927,0.6376953125,0.682373046875,0.21429984271526337
173,mean,combined_l48_r03_m02,combined,48.0,0.3,0.2,1,target:173:combined_l48_r03_m02:1:1141447736,0.5011368989944458,0.74853515625,0.1671002060174942
173,mean_degree,combined_l48_r03_m02,combined,48.0,0.3,0.2,1,target:173:combined_l48_r03_m02:1:1141447736,0.8157835006713867,0.672119140625,0.2452043890953064
173,sum,combined_l48_r03_m02,combined,48.0,0.3,0.2,1,target:173:combined_l48_r03_m02:1:1141447736,1.0622621774673462,0.77392578125,0.19395124912261963
173,pna,combined_l48_r03_m02,combined,48.0,0.3,0.2,1,target:173:combined_l48_r03_m02:1:1141447736,0.6085972785949707,0.697509765625,0.20358790457248688
173,mean,combined_l48_r03_m02,combined,48.0,0.3,0.2,2,target:173:combined_l48_r03_m02:2:2002073875,0.49024856090545654,0.763916015625,0.1613364815711975
173,mean_degree,combined_l48_r03_m02,combined,48.0,0.3,0.2,2,target:173:combined_l48_r03_m02:2:2002073875,0.756538987159729,0.68896484375,0.22938819229602814
173,sum,combined_l48_r03_m02,combined,48.0,0.3,0.2,2,target:173:combined_l48_r03_m02:2:2002073875,0.9566663503646851,0.791015625,0.17909353971481323
173,pna,combined_l48_r03_m02,combined,48.0,0.3,0.2,2,target:173:combined_l48_r03_m02:2:2002073875,0.5853655338287354,0.7099609375,0.19666627049446106
173,mean,combined_l48_r03_m02,combined,48.0,0.3,0.2,3,target:173:combined_l48_r03_m02:3:808732072,0.4652000665664673,0.778564453125,0.15255841612815857
173,mean_degree,combined_l48_r03_m02,combined,48.0,0.3,0.2,3,target:173:combined_l48_r03_m02:3:808732072,0.7605651021003723,0.68994140625,0.22848501801490784
173,sum,combined_l48_r03_m02,combined,48.0,0.3,0.2,3,target:173:combined_l48_r03_m02:3:808732072,0.9896671772003174,0.802490234375,0.17127232253551483
173,pna,combined_l48_r03_m02,combined,48.0,0.3,0.2,3,target:173:combined_l48_r03_m02:3:808732072,0.6840678453445435,0.657958984375,0.22915467619895935
173,mean,combined_l48_r03_m02,combined,48.0,0.3,0.2,4,target:173:combined_l48_r03_m02:4:1622560519,0.44510167837142944,0.788330078125,0.1440553367137909
173,mean_degree,combined_l48_r03_m02,combined,48.0,0.3,0.2,4,target:173:combined_l48_r03_m02:4:1622560519,0.7634031176567078,0.701416015625,0.22533902525901794
173,sum,combined_l48_r03_m02,combined,48.0,0.3,0.2,4,target:173:combined_l48_r03_m02:4:1622560519,0.8847517967224121,0.81494140625,0.1589616984128952
173,pna,combined_l48_r03_m02,combined,48.0,0.3,0.2,4,target:173:combined_l48_r03_m02:4:1622560519,0.5920396447181702,0.7099609375,0.19664639234542847
173,mean,combined_l48_r03_m02,combined,48.0,0.3,0.2,5,target:173:combined_l48_r03_m02:5:2052244556,0.5886180400848389,0.709228515625,0.19671398401260376
173,mean_degree,combined_l48_r03_m02,combined,48.0,0.3,0.2,5,target:173:combined_l48_r03_m02:5:2052244556,1.2906768321990967,0.573974609375,0.3435823321342468
173,sum,combined_l48_r03_m02,combined,48.0,0.3,0.2,5,target:173:combined_l48_r03_m02:5:2052244556,1.631304144859314,0.721435546875,0.25101569294929504
173,pna,combined_l48_r03_m02,combined,48.0,0.3,0.2,5,target:173:combined_l48_r03_m02:5:2052244556,0.7566263675689697,0.63623046875,0.2509065270423889
173,mean,combined_l48_r03_m02,combined,48.0,0.3,0.2,6,target:173:combined_l48_r03_m02:6:633018513,0.44513458013534546,0.78564453125,0.1453905999660492
173,mean_degree,combined_l48_r03_m02,combined,48.0,0.3,0.2,6,target:173:combined_l48_r03_m02:6:633018513,0.7652012705802917,0.695556640625,0.22762978076934814
173,sum,combined_l48_r03_m02,combined,48.0,0.3,0.2,6,target:173:combined_l48_r03_m02:6:633018513,0.9737547636032104,0.81298828125,0.16442668437957764
173,pna,combined_l48_r03_m02,combined,48.0,0.3,0.2,6,target:173:combined_l48_r03_m02:6:633018513,0.6436867713928223,0.678466796875,0.21660646796226501
173,mean,combined_l48_r03_m02,combined,48.0,0.3,0.2,7,target:173:combined_l48_r03_m02:7:626306826,0.6144411563873291,0.6962890625,0.20584675669670105
173,mean_degree,combined_l48_r03_m02,combined,48.0,0.3,0.2,7,target:173:combined_l48_r03_m02:7:626306826,1.284693717956543,0.576171875,0.34224218130111694
173,sum,combined_l48_r03_m02,combined,48.0,0.3,0.2,7,target:173:combined_l48_r03_m02:7:626306826,1.642892837524414,0.7099609375,0.25569385290145874
173,pna,combined_l48_r03_m02,combined,48.0,0.3,0.2,7,target:173:combined_l48_r03_m02:7:626306826,0.7364716529846191,0.63671875,0.2467721402645111
173,mean,combined_l48_r03_m05,combined,48.0,0.3,0.5,0,target:173:combined_l48_r03_m05:0:2036148068,0.255757600069046,0.88818359375,0.07919371128082275
173,mean_degree,combined_l48_r03_m05,combined,48.0,0.3,0.5,0,target:173:combined_l48_r03_m05:0:2036148068,0.24957622587680817,0.899169921875,0.07541343569755554
173,sum,combined_l48_r03_m05,combined,48.0,0.3,0.5,0,target:173:combined_l48_r03_m05:0:2036148068,0.36862412095069885,0.926025390625,0.063443124294281
173,pna,combined_l48_r03_m05,combined,48.0,0.3,0.5,0,target:173:combined_l48_r03_m05:0:2036148068,0.26368457078933716,0.894287109375,0.07952181994915009
173,mean,combined_l48_r03_m05,combined,48.0,0.3,0.5,1,target:173:combined_l48_r03_m05:1:684947366,0.21922005712985992,0.910400390625,0.06488244235515594
173,mean_degree,combined_l48_r03_m05,combined,48.0,0.3,0.5,1,target:173:combined_l48_r03_m05:1:684947366,0.275372713804245,0.889892578125,0.08210939168930054
173,sum,combined_l48_r03_m05,combined,48.0,0.3,0.5,1,target:173:combined_l48_r03_m05:1:684947366,0.2738867402076721,0.939208984375,0.050695110112428665
173,pna,combined_l48_r03_m05,combined,48.0,0.3,0.5,1,target:173:combined_l48_r03_m05:1:684947366,0.24949069321155548,0.896728515625,0.07506298273801804
173,mean,combined_l48_r03_m05,combined,48.0,0.3,0.5,2,target:173:combined_l48_r03_m05:2:218514550,0.22001710534095764,0.912841796875,0.0652511864900589
173,mean_degree,combined_l48_r03_m05,combined,48.0,0.3,0.5,2,target:173:combined_l48_r03_m05:2:218514550,0.40460914373397827,0.84130859375,0.11908826977014542
173,sum,combined_l48_r03_m05,combined,48.0,0.3,0.5,2,target:173:combined_l48_r03_m05:2:218514550,0.26265767216682434,0.941162109375,0.050093017518520355
173,pna,combined_l48_r03_m05,combined,48.0,0.3,0.5,2,target:173:combined_l48_r03_m05:2:218514550,0.373651385307312,0.828369140625,0.11975249648094177
173,mean,combined_l48_r03_m05,combined,48.0,0.3,0.5,3,target:173:combined_l48_r03_m05:3:196028169,0.265067458152771,0.8876953125,0.08168677985668182
173,mean_degree,combined_l48_r03_m05,combined,48.0,0.3,0.5,3,target:173:combined_l48_r03_m05:3:196028169,0.5922151803970337,0.791259765625,0.16159319877624512
173,sum,combined_l48_r03_m05,combined,48.0,0.3,0.5,3,target:173:combined_l48_r03_m05:3:196028169,0.4391152858734131,0.91357421875,0.0755678340792656
173,pna,combined_l48_r03_m05,combined,48.0,0.3,0.5,3,target:173:combined_l48_r03_m05:3:196028169,0.3014124035835266,0.86962890625,0.09456981718540192
173,mean,combined_l48_r03_m05,combined,48.0,0.3,0.5,4,target:173:combined_l48_r03_m05:4:1116065695,0.30796724557876587,0.86279296875,0.0973680317401886
173,mean_degree,combined_l48_r03_m05,combined,48.0,0.3,0.5,4,target:173:combined_l48_r03_m05:4:1116065695,0.7076184749603271,0.737548828125,0.1987532377243042
173,sum,combined_l48_r03_m05,combined,48.0,0.3,0.5,4,target:173:combined_l48_r03_m05:4:1116065695,0.5494435429573059,0.89404296875,0.09288609772920609
173,pna,combined_l48_r03_m05,combined,48.0,0.3,0.5,4,target:173:combined_l48_r03_m05:4:1116065695,0.3608027994632721,0.831787109375,0.11607363820075989
173,mean,combined_l48_r03_m05,combined,48.0,0.3,0.5,5,target:173:combined_l48_r03_m05:5:296337691,0.5127946138381958,0.772705078125,0.16251274943351746
173,mean_degree,combined_l48_r03_m05,combined,48.0,0.3,0.5,5,target:173:combined_l48_r03_m05:5:296337691,1.2468396425247192,0.639892578125,0.298068106174469
173,sum,combined_l48_r03_m05,combined,48.0,0.3,0.5,5,target:173:combined_l48_r03_m05:5:296337691,1.257163166999817,0.80859375,0.1723131239414215
173,pna,combined_l48_r03_m05,combined,48.0,0.3,0.5,5,target:173:combined_l48_r03_m05:5:296337691,0.5592557787895203,0.731689453125,0.18526117503643036
173,mean,combined_l48_r03_m05,combined,48.0,0.3,0.5,6,target:173:combined_l48_r03_m05:6:513310161,0.20902657508850098,0.91845703125,0.0613686703145504
173,mean_degree,combined_l48_r03_m05,combined,48.0,0.3,0.5,6,target:173:combined_l48_r03_m05:6:513310161,0.38077110052108765,0.8486328125,0.11150749027729034
173,sum,combined_l48_r03_m05,combined,48.0,0.3,0.5,6,target:173:combined_l48_r03_m05:6:513310161,0.2636999487876892,0.94091796875,0.048985179513692856
173,pna,combined_l48_r03_m05,combined,48.0,0.3,0.5,6,target:173:combined_l48_r03_m05:6:513310161,0.25915688276290894,0.888916015625,0.07880321145057678
173,mean,combined_l48_r03_m05,combined,48.0,0.3,0.5,7,target:173:combined_l48_r03_m05:7:141617403,0.2843724191188812,0.877197265625,0.08829420804977417
173,mean_degree,combined_l48_r03_m05,combined,48.0,0.3,0.5,7,target:173:combined_l48_r03_m05:7:141617403,0.21475258469581604,0.915283203125,0.0633683055639267
173,sum,combined_l48_r03_m05,combined,48.0,0.3,0.5,7,target:173:combined_l48_r03_m05:7:141617403,0.5805531740188599,0.901611328125,0.08662629127502441
173,pna,combined_l48_r03_m05,combined,48.0,0.3,0.5,7,target:173:combined_l48_r03_m05:7:141617403,0.238447904586792,0.906982421875,0.06997045874595642
173,mean,combined_l48_r08_m02,combined,48.0,0.8,0.2,0,target:173:combined_l48_r08_m02:0:207717431,0.00454715546220541,1.0,0.00026052200701087713
173,mean_degree,combined_l48_r08_m02,combined,48.0,0.8,0.2,0,target:173:combined_l48_r08_m02:0:207717431,0.005776355974376202,0.9990234375,0.0009884531609714031
173,sum,combined_l48_r08_m02,combined,48.0,0.8,0.2,0,target:173:combined_l48_r08_m02:0:207717431,1.3192503502068575e-05,1.0,3.741638181509188e-07
173,pna,combined_l48_r08_m02,combined,48.0,0.8,0.2,0,target:173:combined_l48_r08_m02:0:207717431,0.03474293649196625,0.99560546875,0.006104229483753443
173,mean,combined_l48_r08_m02,combined,48.0,0.8,0.2,1,target:173:combined_l48_r08_m02:1:2029929888,0.0046196673065423965,0.99951171875,0.0004435513401404023
173,mean_degree,combined_l48_r08_m02,combined,48.0,0.8,0.2,1,target:173:combined_l48_r08_m02:1:2029929888,0.00660208985209465,0.9990234375,0.0011712252162396908
173,sum,combined_l48_r08_m02,combined,48.0,0.8,0.2,1,target:173:combined_l48_r08_m02:1:2029929888,0.0007913436274975538,0.999755859375,0.00022469904797617346
173,pna,combined_l48_r08_m02,combined,48.0,0.8,0.2,1,target:173:combined_l48_r08_m02:1:2029929888,0.05059826374053955,0.99072265625,0.010408041998744011
173,mean,combined_l48_r08_m02,combined,48.0,0.8,0.2,2,target:173:combined_l48_r08_m02:2:1085023271,0.0025635058991611004,1.0,0.00010229611507384107
173,mean_degree,combined_l48_r08_m02,combined,48.0,0.8,0.2,2,target:173:combined_l48_r08_m02:2:1085023271,0.0016356641426682472,1.0,0.00010559920337982476
173,sum,combined_l48_r08_m02,combined,48.0,0.8,0.2,2,target:173:combined_l48_r08_m02:2:1085023271,3.002427547471598e-06,1.0,1.4412432136623465e-08
173,pna,combined_l48_r08_m02,combined,48.0,0.8,0.2,2,target:173:combined_l48_r08_m02:2:1085023271,0.03995288535952568,0.994140625,0.0071271671913564205
173,mean,combined_l48_r08_m02,combined,48.0,0.8,0.2,3,target:173:combined_l48_r08_m02:3:335625358,0.0022191237658262253,1.0,9.323784615844488e-05
173,mean_degree,combined_l48_r08_m02,combined,48.0,0.8,0.2,3,target:173:combined_l48_r08_m02:3:335625358,0.0007173354970291257,1.0,2.645096174092032e-05
173,sum,combined_l48_r08_m02,combined,48.0,0.8,0.2,3,target:173:combined_l48_r08_m02:3:335625358,1.5522077774221543e-06,1.0,2.9360676112588635e-09
173,pna,combined_l48_r08_m02,combined,48.0,0.8,0.2,3,target:173:combined_l48_r08_m02:3:335625358,0.027102142572402954,0.99658203125,0.004024944733828306
173,mean,combined_l48_r08_m02,combined,48.0,0.8,0.2,4,target:173:combined_l48_r08_m02:4:1253123002,0.006610493175685406,0.99951171875,0.0006758287781849504
173,mean_degree,combined_l48_r08_m02,combined,48.0,0.8,0.2,4,target:173:combined_l48_r08_m02:4:1253123002,0.011772914789617062,0.9970703125,0.00252287439070642
173,sum,combined_l48_r08_m02,combined,48.0,0.8,0.2,4,target:173:combined_l48_r08_m02:4:1253123002,0.0004757699789479375,0.999755859375,0.0001656653912505135
173,pna,combined_l48_r08_m02,combined,48.0,0.8,0.2,4,target:173:combined_l48_r08_m02:4:1253123002,0.0780421644449234,0.9794921875,0.019039709120988846
173,mean,combined_l48_r08_m02,combined,48.0,0.8,0.2,5,target:173:combined_l48_r08_m02:5:371570517,0.0028963065706193447,1.0,0.00020883401157334447
173,mean_degree,combined_l48_r08_m02,combined,48.0,0.8,0.2,5,target:173:combined_l48_r08_m02:5:371570517,0.0001559610100230202,1.0,6.066993591957726e-06
173,sum,combined_l48_r08_m02,combined,48.0,0.8,0.2,5,target:173:combined_l48_r08_m02:5:371570517,0.0015581120969727635,0.99951171875,0.0004193653876427561
173,pna,combined_l48_r08_m02,combined,48.0,0.8,0.2,5,target:173:combined_l48_r08_m02:5:371570517,0.015617454424500465,0.998046875,0.0021718814969062805
173,mean,combined_l48_r08_m02,combined,48.0,0.8,0.2,6,target:173:combined_l48_r08_m02:6:1751712495,0.0015844755107536912,1.0,3.113338607363403e-05
173,mean_degree,combined_l48_r08_m02,combined,48.0,0.8,0.2,6,target:173:combined_l48_r08_m02:6:1751712495,0.0011664375197142363,1.0,8.256352157332003e-05
173,sum,combined_l48_r08_m02,combined,48.0,0.8,0.2,6,target:173:combined_l48_r08_m02:6:1751712495,2.0637148736568633e-06,1.0,7.039983263013028e-09
173,pna,combined_l48_r08_m02,combined,48.0,0.8,0.2,6,target:173:combined_l48_r08_m02:6:1751712495,0.03975386172533035,0.994140625,0.007187693379819393
173,mean,combined_l48_r08_m02,combined,48.0,0.8,0.2,7,target:173:combined_l48_r08_m02:7:2035310861,0.002073949668556452,1.0,4.137734867981635e-05
173,mean_degree,combined_l48_r08_m02,combined,48.0,0.8,0.2,7,target:173:combined_l48_r08_m02:7:2035310861,0.0009613115689717233,1.0,6.06935063842684e-05
173,sum,combined_l48_r08_m02,combined,48.0,0.8,0.2,7,target:173:combined_l48_r08_m02:7:2035310861,8.61318676470546e-06,1.0,2.8763798809450236e-07
173,pna,combined_l48_r08_m02,combined,48.0,0.8,0.2,7,target:173:combined_l48_r08_m02:7:2035310861,0.03642280399799347,0.9951171875,0.0064229415729641914
173,mean,combined_l48_r08_m05,combined,48.0,0.8,0.5,0,target:173:combined_l48_r08_m05:0:1152037905,7.352391548920423e-07,1.0,1.11768788668698e-10
173,mean_degree,combined_l48_r08_m05,combined,48.0,0.8,0.5,0,target:173:combined_l48_r08_m05:0:1152037905,2.6499847649574804e-08,1.0,1.4031079900375665e-12
173,sum,combined_l48_r08_m05,combined,48.0,0.8,0.5,0,target:173:combined_l48_r08_m05:0:1152037905,1.5904093111460696e-16,1.0,8.724022729644876e-36
173,pna,combined_l48_r08_m05,combined,48.0,0.8,0.5,0,target:173:combined_l48_r08_m05:0:1152037905,0.00015855985111556947,1.0,3.8816568803667906e-07
173,mean,combined_l48_r08_m05,combined,48.0,0.8,0.5,1,target:173:combined_l48_r08_m05:1:1256291562,2.453217859965662e-07,1.0,6.515705076176603e-12
173,mean_degree,combined_l48_r08_m05,combined,48.0,0.8,0.5,1,target:173:combined_l48_r08_m05:1:1256291562,2.467333004574357e-09,1.0,4.488768094745334e-15
173,sum,combined_l48_r08_m05,combined,48.0,0.8,0.5,1,target:173:combined_l48_r08_m05:1:1256291562,6.600920478763372e-17,1.0,2.7238029063532053e-32
173,pna,combined_l48_r08_m05,combined,48.0,0.8,0.5,1,target:173:combined_l48_r08_m05:1:1256291562,0.00011003385588992387,1.0,3.4098999890375126e-07
173,mean,combined_l48_r08_m05,combined,48.0,0.8,0.5,2,target:173:combined_l48_r08_m05:2:314987373,1.1409316584831686e-06,1.0,2.443798774454109e-10
173,mean_degree,combined_l48_r08_m05,combined,48.0,0.8,0.5,2,target:173:combined_l48_r08_m05:2:314987373,6.173956990096485e-08,1.0,4.677536136199478e-12
173,sum,combined_l48_r08_m05,combined,48.0,0.8,0.5,2,target:173:combined_l48_r08_m05:2:314987373,2.4097618834285895e-16,1.0,6.368660626201404e-30
173,pna,combined_l48_r08_m05,combined,48.0,0.8,0.5,2,target:173:combined_l48_r08_m05:2:314987373,0.00034559157211333513,1.0,7.682884643145371e-06
173,mean,combined_l48_r08_m05,combined,48.0,0.8,0.5,3,target:173:combined_l48_r08_m05:3:2088322554,1.9668566437758273e-06,1.0,5.37841271519568e-10
173,mean_degree,combined_l48_r08_m05,combined,48.0,0.8,0.5,3,target:173:combined_l48_r08_m05:3:2088322554,1.0825821306070793e-07,1.0,8.187301531181745e-12
173,sum,combined_l48_r08_m05,combined,48.0,0.8,0.5,3,target:173:combined_l48_r08_m05:3:2088322554,1.792017446273578e-16,1.0,4.18688272113442e-27
173,pna,combined_l48_r08_m05,combined,48.0,0.8,0.5,3,target:173:combined_l48_r08_m05:3:2088322554,0.0009436655091121793,0.999755859375,0.0002024340647039935
173,mean,combined_l48_r08_m05,combined,48.0,0.8,0.5,4,target:173:combined_l48_r08_m05:4:1434120190,4.770239456775016e-07,1.0,3.087718136729478e-10
173,mean_degree,combined_l48_r08_m05,combined,48.0,0.8,0.5,4,target:173:combined_l48_r08_m05:4:1434120190,2.692944089943694e-09,1.0,1.6505460193050325e-14
173,sum,combined_l48_r08_m05,combined,48.0,0.8,0.5,4,target:173:combined_l48_r08_m05:4:1434120190,1.6521623275749832e-14,1.0,4.1032246046212475e-35
173,pna,combined_l48_r08_m05,combined,48.0,0.8,0.5,4,target:173:combined_l48_r08_m05:4:1434120190,8.313305443152785e-05,1.0,1.3261146136755997e-07
173,mean,combined_l48_r08_m05,combined,48.0,0.8,0.5,5,target:173:combined_l48_r08_m05:5:240876445,2.810133423736261e-07,1.0,2.3575259799901715e-11
173,mean_degree,combined_l48_r08_m05,combined,48.0,0.8,0.5,5,target:173:combined_l48_r08_m05:5:240876445,7.635959642371404e-10,1.0,7.4139332741334895e-16
173,sum,combined_l48_r08_m05,combined,48.0,0.8,0.5,5,target:173:combined_l48_r08_m05:5:240876445,6.413024615911829e-16,1.0,0.0
173,pna,combined_l48_r08_m05,combined,48.0,0.8,0.5,5,target:173:combined_l48_r08_m05:5:240876445,0.00010089341958519071,1.0,1.0004533379515124e-07
173,mean,combined_l48_r08_m05,combined,48.0,0.8,0.5,6,target:173:combined_l48_r08_m05:6:584676012,6.53592792332347e-07,1.0,4.241136955518421e-11
173,mean_degree,combined_l48_r08_m05,combined,48.0,0.8,0.5,6,target:173:combined_l48_r08_m05:6:584676012,1.1088129525660406e-08,1.0,1.1278964009509354e-13
173,sum,combined_l48_r08_m05,combined,48.0,0.8,0.5,6,target:173:combined_l48_r08_m05:6:584676012,1.2267157834983957e-15,1.0,9.202942333851812e-33
173,pna,combined_l48_r08_m05,combined,48.0,0.8,0.5,6,target:173:combined_l48_r08_m05:6:584676012,0.0002037167432717979,1.0,1.418775013917184e-06
173,mean,combined_l48_r08_m05,combined,48.0,0.8,0.5,7,target:173:combined_l48_r08_m05:7:992699388,4.158629565154115e-07,1.0,4.7123246277314124e-11
173,mean_degree,combined_l48_r08_m05,combined,48.0,0.8,0.5,7,target:173:combined_l48_r08_m05:7:992699388,2.1233006464171922e-08,1.0,1.3477368093067765e-12
173,sum,combined_l48_r08_m05,combined,48.0,0.8,0.5,7,target:173:combined_l48_r08_m05:7:992699388,2.108621727355117e-18,1.0,1.2244065767204548e-30
173,pna,combined_l48_r08_m05,combined,48.0,0.8,0.5,7,target:173:combined_l48_r08_m05:7:992699388,0.00013583406689576805,1.0,3.741780005839246e-07
211,mean,source,source,24.0,0.6,0.35,0,target:211:source:0:1141471622,0.03339886665344238,0.989990234375,0.008654764853417873
211,mean_degree,source,source,24.0,0.6,0.35,0,target:211:source:0:1141471622,0.03265083581209183,0.990234375,0.008683869615197182
211,sum,source,source,24.0,0.6,0.35,0,target:211:source:0:1141471622,0.03578139841556549,0.989990234375,0.00939181074500084
211,pna,source,source,24.0,0.6,0.35,0,target:211:source:0:1141471622,0.05938929319381714,0.97998046875,0.01619332656264305
211,mean,source,source,24.0,0.6,0.35,1,target:211:source:1:782159492,0.044871702790260315,0.98388671875,0.01217992976307869
211,mean_degree,source,source,24.0,0.6,0.35,1,target:211:source:1:782159492,0.043935708701610565,0.98486328125,0.01178102195262909
211,sum,source,source,24.0,0.6,0.35,1,target:211:source:1:782159492,0.04895399510860443,0.982177734375,0.013205649331212044
211,pna,source,source,24.0,0.6,0.35,1,target:211:source:1:782159492,0.06691849231719971,0.977294921875,0.01812049001455307
211,mean,source,source,24.0,0.6,0.35,2,target:211:source:2:525768204,0.03429941087961197,0.98681640625,0.009528623893857002
211,mean_degree,source,source,24.0,0.6,0.35,2,target:211:source:2:525768204,0.032142799347639084,0.9873046875,0.00916815735399723
211,sum,source,source,24.0,0.6,0.35,2,target:211:source:2:525768204,0.03702858090400696,0.984619140625,0.010457092896103859
211,pna,source,source,24.0,0.6,0.35,2,target:211:source:2:525768204,0.06009966880083084,0.978759765625,0.016677919775247574
211,mean,source,source,24.0,0.6,0.35,3,target:211:source:3:1744836847,0.03348585590720177,0.988037109375,0.009225751273334026
211,mean_degree,source,source,24.0,0.6,0.35,3,target:211:source:3:1744836847,0.03225095570087433,0.987060546875,0.00925601925700903
211,sum,source,source,24.0,0.6,0.35,3,target:211:source:3:1744836847,0.04119645059108734,0.984619140625,0.011774527840316296
211,pna,source,source,24.0,0.6,0.35,3,target:211:source:3:1744836847,0.0513097420334816,0.981689453125,0.013845343142747879
211,mean,source,source,24.0,0.6,0.35,4,target:211:source:4:1550011033,0.028063327074050903,0.988525390625,0.008073483593761921
211,mean_degree,source,source,24.0,0.6,0.35,4,target:211:source:4:1550011033,0.026177331805229187,0.9892578125,0.007671210914850235
211,sum,source,source,24.0,0.6,0.35,4,target:211:source:4:1550011033,0.031650371849536896,0.987548828125,0.009026538580656052
211,pna,source,source,24.0,0.6,0.35,4,target:211:source:4:1550011033,0.037643708288669586,0.986083984375,0.010203654877841473
211,mean,source,source,24.0,0.6,0.35,5,target:211:source:5:218809573,0.04159105569124222,0.985595703125,0.011349383741617203
211,mean_degree,source,source,24.0,0.6,0.35,5,target:211:source:5:218809573,0.03982865810394287,0.98486328125,0.011282725259661674
211,sum,source,source,24.0,0.6,0.35,5,target:211:source:5:218809573,0.04383037984371185,0.983154296875,0.012671968899667263
211,pna,source,source,24.0,0.6,0.35,5,target:211:source:5:218809573,0.06501349806785583,0.97705078125,0.017979521304368973
211,mean,source,source,24.0,0.6,0.35,6,target:211:source:6:1554470059,0.04087625443935394,0.985595703125,0.011339832097291946
211,mean_degree,source,source,24.0,0.6,0.35,6,target:211:source:6:1554470059,0.03905592858791351,0.986572265625,0.010745178908109665
211,sum,source,source,24.0,0.6,0.35,6,target:211:source:6:1554470059,0.04227742552757263,0.982177734375,0.012386884540319443
211,pna,source,source,24.0,0.6,0.35,6,target:211:source:6:1554470059,0.06368671357631683,0.97509765625,0.017670124769210815
211,mean,source,source,24.0,0.6,0.35,7,target:211:source:7:1096556794,0.06791475415229797,0.974365234375,0.01914200931787491
211,mean_degree,source,source,24.0,0.6,0.35,7,target:211:source:7:1096556794,0.06597431004047394,0.975830078125,0.018903516232967377
211,sum,source,source,24.0,0.6,0.35,7,target:211:source:7:1096556794,0.07419320940971375,0.97412109375,0.020565517246723175
211,pna,source,source,24.0,0.6,0.35,7,target:211:source:7:1096556794,0.09995738416910172,0.9619140625,0.028826076537370682
211,mean,lambda_low,degree,12.0,0.6,0.35,0,target:211:lambda_low:0:1351187337,0.3644559383392334,0.9111328125,0.07354498654603958
211,mean_degree,lambda_low,degree,12.0,0.6,0.35,0,target:211:lambda_low:0:1351187337,0.22772803902626038,0.91650390625,0.06329435110092163
211,sum,lambda_low,degree,12.0,0.6,0.35,0,target:211:lambda_low:0:1351187337,0.2322254627943039,0.907958984375,0.06946778297424316
211,pna,lambda_low,degree,12.0,0.6,0.35,0,target:211:lambda_low:0:1351187337,0.32890743017196655,0.905517578125,0.07831946015357971
211,mean,lambda_low,degree,12.0,0.6,0.35,1,target:211:lambda_low:1:2126291557,0.38301968574523926,0.90478515625,0.07890408486127853
211,mean_degree,lambda_low,degree,12.0,0.6,0.35,1,target:211:lambda_low:1:2126291557,0.23482486605644226,0.91259765625,0.06495015323162079
211,sum,lambda_low,degree,12.0,0.6,0.35,1,target:211:lambda_low:1:2126291557,0.27043479681015015,0.885498046875,0.08277343213558197
211,pna,lambda_low,degree,12.0,0.6,0.35,1,target:211:lambda_low:1:2126291557,0.36407676339149475,0.892333984375,0.0865224227309227
211,mean,lambda_low,degree,12.0,0.6,0.35,2,target:211:lambda_low:2:2097704807,0.34675300121307373,0.912109375,0.07365895807743073
211,mean_degree,lambda_low,degree,12.0,0.6,0.35,2,target:211:lambda_low:2:2097704807,0.21585196256637573,0.91162109375,0.06291283667087555
211,sum,lambda_low,degree,12.0,0.6,0.35,2,target:211:lambda_low:2:2097704807,0.23983821272850037,0.90283203125,0.07279302179813385
211,pna,lambda_low,degree,12.0,0.6,0.35,2,target:211:lambda_low:2:2097704807,0.33979928493499756,0.898193359375,0.08155911415815353
211,mean,lambda_low,degree,12.0,0.6,0.35,3,target:211:lambda_low:3:374738662,0.38999485969543457,0.901611328125,0.08081666380167007
211,mean_degree,lambda_low,degree,12.0,0.6,0.35,3,target:211:lambda_low:3:374738662,0.24155914783477783,0.909912109375,0.06835116446018219
211,sum,lambda_low,degree,12.0,0.6,0.35,3,target:211:lambda_low:3:374738662,0.2686839997768402,0.885009765625,0.08231951296329498
211,pna,lambda_low,degree,12.0,0.6,0.35,3,target:211:lambda_low:3:374738662,0.3686891198158264,0.892333984375,0.08819149434566498
211,mean,lambda_low,degree,12.0,0.6,0.35,4,target:211:lambda_low:4:150021249,0.3889942467212677,0.8935546875,0.08640237152576447
211,mean_degree,lambda_low,degree,12.0,0.6,0.35,4,target:211:lambda_low:4:150021249,0.23194479942321777,0.9091796875,0.06840234249830246
211,sum,lambda_low,degree,12.0,0.6,0.35,4,target:211:lambda_low:4:150021249,0.27125847339630127,0.883544921875,0.08390490710735321
211,pna,lambda_low,degree,12.0,0.6,0.35,4,target:211:lambda_low:4:150021249,0.3828047215938568,0.880126953125,0.09635993838310242
211,mean,lambda_low,degree,12.0,0.6,0.35,5,target:211:lambda_low:5:679080697,0.3870317339897156,0.90283203125,0.08321554958820343
211,mean_degree,lambda_low,degree,12.0,0.6,0.35,5,target:211:lambda_low:5:679080697,0.24573180079460144,0.906005859375,0.07051069289445877
211,sum,lambda_low,degree,12.0,0.6,0.35,5,target:211:lambda_low:5:679080697,0.2759607136249542,0.8798828125,0.08620728552341461
211,pna,lambda_low,degree,12.0,0.6,0.35,5,target:211:lambda_low:5:679080697,0.3831668496131897,0.88427734375,0.09490473568439484
211,mean,lambda_low,degree,12.0,0.6,0.35,6,target:211:lambda_low:6:1679051499,0.48212727904319763,0.8837890625,0.09649379551410675
211,mean_degree,lambda_low,degree,12.0,0.6,0.35,6,target:211:lambda_low:6:1679051499,0.27102094888687134,0.89501953125,0.07796379923820496
211,sum,lambda_low,degree,12.0,0.6,0.35,6,target:211:lambda_low:6:1679051499,0.29253897070884705,0.87109375,0.09110722690820694
211,pna,lambda_low,degree,12.0,0.6,0.35,6,target:211:lambda_low:6:1679051499,0.5298941135406494,0.851318359375,0.12124785780906677
211,mean,lambda_low,degree,12.0,0.6,0.35,7,target:211:lambda_low:7:2144792842,0.3724063038825989,0.90185546875,0.08220235258340836
211,mean_degree,lambda_low,degree,12.0,0.6,0.35,7,target:211:lambda_low:7:2144792842,0.22942596673965454,0.908203125,0.06780692934989929
211,sum,lambda_low,degree,12.0,0.6,0.35,7,target:211:lambda_low:7:2144792842,0.27178096771240234,0.883544921875,0.08324997127056122
211,pna,lambda_low,degree,12.0,0.6,0.35,7,target:211:lambda_low:7:2144792842,0.3842116892337799,0.875732421875,0.09676724672317505
211,mean,lambda_high,degree,48.0,0.6,0.35,0,target:211:lambda_high:0:201948688,0.003391579259186983,0.999755859375,0.0003947072837036103
211,mean_degree,lambda_high,degree,48.0,0.6,0.35,0,target:211:lambda_high:0:201948688,0.0008127555483952165,1.0,0.00013495738676283509
211,sum,lambda_high,degree,48.0,0.6,0.35,0,target:211:lambda_high:0:201948688,0.002668936736881733,0.999267578125,0.0006473130197264254
211,pna,lambda_high,degree,48.0,0.6,0.35,0,target:211:lambda_high:0:201948688,0.008393239229917526,0.999267578125,0.0009379974799230695
211,mean,lambda_high,degree,48.0,0.6,0.35,1,target:211:lambda_high:1:1108192256,0.0031463736668229103,1.0,0.00023861872614361346
211,mean_degree,lambda_high,degree,48.0,0.6,0.35,1,target:211:lambda_high:1:1108192256,0.0009156531887128949,1.0,0.00010394120909040794
211,sum,lambda_high,degree,48.0,0.6,0.35,1,target:211:lambda_high:1:1108192256,0.0013049584813416004,0.999755859375,0.00024180748732760549
211,pna,lambda_high,degree,48.0,0.6,0.35,1,target:211:lambda_high:1:1108192256,0.010741041973233223,0.999267578125,0.0013799064327031374
211,mean,lambda_high,degree,48.0,0.6,0.35,2,target:211:lambda_high:2:1617356947,0.00453841220587492,0.999755859375,0.0006075946148484945
211,mean_degree,lambda_high,degree,48.0,0.6,0.35,2,target:211:lambda_high:2:1617356947,0.0008995464304462075,0.999755859375,0.0001462460495531559
211,sum,lambda_high,degree,48.0,0.6,0.35,2,target:211:lambda_high:2:1617356947,0.001970800571143627,0.999267578125,0.0005226218490861356
211,pna,lambda_high,degree,48.0,0.6,0.35,2,target:211:lambda_high:2:1617356947,0.009181644767522812,0.99951171875,0.0009005494648590684
211,mean,lambda_high,degree,48.0,0.6,0.35,3,target:211:lambda_high:3:1282079581,0.022538553923368454,0.994384765625,0.005062188487499952
211,mean_degree,lambda_high,degree,48.0,0.6,0.35,3,target:211:lambda_high:3:1282079581,0.021269872784614563,0.99267578125,0.00588357076048851
211,sum,lambda_high,degree,48.0,0.6,0.35,3,target:211:lambda_high:3:1282079581,0.015388334169983864,0.99609375,0.0033290539868175983
211,pna,lambda_high,degree,48.0,0.6,0.35,3,target:211:lambda_high:3:1282079581,0.02885134145617485,0.99365234375,0.005934088956564665
211,mean,lambda_high,degree,48.0,0.6,0.35,4,target:211:lambda_high:4:113784019,0.010816333815455437,0.998291015625,0.0018534127157181501
211,mean_degree,lambda_high,degree,48.0,0.6,0.35,4,target:211:lambda_high:4:113784019,0.008537783287465572,0.998046875,0.002002597087994218
211,sum,lambda_high,degree,48.0,0.6,0.35,4,target:211:lambda_high:4:113784019,0.006289314944297075,0.9990234375,0.0010208478197455406
211,pna,lambda_high,degree,48.0,0.6,0.35,4,target:211:lambda_high:4:113784019,0.02116531692445278,0.99609375,0.003979028668254614
211,mean,lambda_high,degree,48.0,0.6,0.35,5,target:211:lambda_high:5:404362610,0.013872778043150902,0.9970703125,0.0027476344257593155
211,mean_degree,lambda_high,degree,48.0,0.6,0.35,5,target:211:lambda_high:5:404362610,0.011541155166924,0.99560546875,0.003259240882471204
211,sum,lambda_high,degree,48.0,0.6,0.35,5,target:211:lambda_high:5:404362610,0.016699500381946564,0.996826171875,0.0026837277691811323
211,pna,lambda_high,degree,48.0,0.6,0.35,5,target:211:lambda_high:5:404362610,0.022179890424013138,0.99609375,0.004002884961664677
211,mean,lambda_high,degree,48.0,0.6,0.35,6,target:211:lambda_high:6:121308776,0.010135283693671227,0.9990234375,0.0015237904153764248
211,mean_degree,lambda_high,degree,48.0,0.6,0.35,6,target:211:lambda_high:6:121308776,0.0058832839131355286,0.998291015625,0.0013643710408359766
211,sum,lambda_high,degree,48.0,0.6,0.35,6,target:211:lambda_high:6:121308776,0.002141328062862158,0.999755859375,0.00031815364491194487
211,pna,lambda_high,degree,48.0,0.6,0.35,6,target:211:lambda_high:6:121308776,0.01832033321261406,0.996826171875,0.0029490464366972446
211,mean,lambda_high,degree,48.0,0.6,0.35,7,target:211:lambda_high:7:486829694,0.008886506780982018,0.998046875,0.0015317879151552916
211,mean_degree,lambda_high,degree,48.0,0.6,0.35,7,target:211:lambda_high:7:486829694,0.0064875902608036995,0.997802734375,0.0017101113917306066
211,sum,lambda_high,degree,48.0,0.6,0.35,7,target:211:lambda_high:7:486829694,0.005915369838476181,0.998779296875,0.0011363457888364792
211,pna,lambda_high,degree,48.0,0.6,0.35,7,target:211:lambda_high:7:486829694,0.015555381774902344,0.998046875,0.0024682695511728525
211,mean,rho_low,homophily,24.0,0.3,0.35,0,target:211:rho_low:0:1805833886,0.5766391754150391,0.778076171875,0.1666630357503891
211,mean_degree,rho_low,homophily,24.0,0.3,0.35,0,target:211:rho_low:0:1805833886,0.581641674041748,0.77880859375,0.16704636812210083
211,sum,rho_low,homophily,24.0,0.3,0.35,0,target:211:rho_low:0:1805833886,0.6591892242431641,0.776611328125,0.17332105338573456
211,pna,rho_low,homophily,24.0,0.3,0.35,0,target:211:rho_low:0:1805833886,0.5613480806350708,0.77490234375,0.1683775633573532
211,mean,rho_low,homophily,24.0,0.3,0.35,1,target:211:rho_low:1:1318085795,0.6181063055992126,0.762939453125,0.17585033178329468
211,mean_degree,rho_low,homophily,24.0,0.3,0.35,1,target:211:rho_low:1:1318085795,0.6148048639297485,0.7646484375,0.1756087839603424
211,sum,rho_low,homophily,24.0,0.3,0.35,1,target:211:rho_low:1:1318085795,0.6932021975517273,0.77099609375,0.18041343986988068
211,pna,rho_low,homophily,24.0,0.3,0.35,1,target:211:rho_low:1:1318085795,0.6127954721450806,0.750732421875,0.1854190230369568
211,mean,rho_low,homophily,24.0,0.3,0.35,2,target:211:rho_low:2:1152655872,0.5439475178718567,0.781494140625,0.15939664840698242
211,mean_degree,rho_low,homophily,24.0,0.3,0.35,2,target:211:rho_low:2:1152655872,0.5426690578460693,0.78857421875,0.15831351280212402
211,sum,rho_low,homophily,24.0,0.3,0.35,2,target:211:rho_low:2:1152655872,0.6392577886581421,0.786865234375,0.16558347642421722
211,pna,rho_low,homophily,24.0,0.3,0.35,2,target:211:rho_low:2:1152655872,0.5481226444244385,0.76806640625,0.167566180229187
211,mean,rho_low,homophily,24.0,0.3,0.35,3,target:211:rho_low:3:1249782175,0.5334925651550293,0.784423828125,0.1591091752052307
211,mean_degree,rho_low,homophily,24.0,0.3,0.35,3,target:211:rho_low:3:1249782175,0.5365720987319946,0.784912109375,0.1603703498840332
211,sum,rho_low,homophily,24.0,0.3,0.35,3,target:211:rho_low:3:1249782175,0.6151894330978394,0.787841796875,0.16471019387245178
211,pna,rho_low,homophily,24.0,0.3,0.35,3,target:211:rho_low:3:1249782175,0.5382958650588989,0.769287109375,0.16743159294128418
211,mean,rho_low,homophily,24.0,0.3,0.35,4,target:211:rho_low:4:463140018,0.6162741184234619,0.767578125,0.1758086383342743
211,mean_degree,rho_low,homophily,24.0,0.3,0.35,4,target:211:rho_low:4:463140018,0.6279493570327759,0.76416015625,0.17871029675006866
211,sum,rho_low,homophily,24.0,0.3,0.35,4,target:211:rho_low:4:463140018,0.7095004320144653,0.767333984375,0.18263892829418182
211,pna,rho_low,homophily,24.0,0.3,0.35,4,target:211:rho_low:4:463140018,0.6791372895240784,0.7265625,0.20167703926563263
211,mean,rho_low,homophily,24.0,0.3,0.35,5,target:211:rho_low:5:1990184011,0.515407383441925,0.79541015625,0.15091834962368011
211,mean_degree,rho_low,homophily,24.0,0.3,0.35,5,target:211:rho_low:5:1990184011,0.5108685493469238,0.796630859375,0.14923085272312164
211,sum,rho_low,homophily,24.0,0.3,0.35,5,target:211:rho_low:5:1990184011,0.5944463014602661,0.7978515625,0.15808507800102234
211,pna,rho_low,homophily,24.0,0.3,0.35,5,target:211:rho_low:5:1990184011,0.5021123290061951,0.78515625,0.1560797393321991
211,mean,rho_low,homophily,24.0,0.3,0.35,6,target:211:rho_low:6:965079786,0.688460111618042,0.756103515625,0.18663623929023743
211,mean_degree,rho_low,homophily,24.0,0.3,0.35,6,target:211:rho_low:6:965079786,0.6901146173477173,0.75537109375,0.18836334347724915
211,sum,rho_low,homophily,24.0,0.3,0.35,6,target:211:rho_low:6:965079786,0.7394793629646301,0.76171875,0.1880527287721634
211,pna,rho_low,homophily,24.0,0.3,0.35,6,target:211:rho_low:6:965079786,0.6744734048843384,0.741455078125,0.19476518034934998
211,mean,rho_low,homophily,24.0,0.3,0.35,7,target:211:rho_low:7:183122617,0.713392436504364,0.73779296875,0.20055881142616272
211,mean_degree,rho_low,homophily,24.0,0.3,0.35,7,target:211:rho_low:7:183122617,0.7099650502204895,0.747314453125,0.1977619081735611
211,sum,rho_low,homophily,24.0,0.3,0.35,7,target:211:rho_low:7:183122617,0.8844842910766602,0.741943359375,0.2112789750099182
211,pna,rho_low,homophily,24.0,0.3,0.35,7,target:211:rho_low:7:183122617,0.6397328972816467,0.734130859375,0.19423212110996246
211,mean,rho_high,homophily,24.0,0.8,0.35,0,target:211:rho_high:0:1381459236,0.0006264285184442997,0.99951171875,0.00015781071851961315
211,mean_degree,rho_high,homophily,24.0,0.8,0.35,0,target:211:rho_high:0:1381459236,0.0007255422533489764,0.99951171875,0.00020399814820848405
211,sum,rho_high,homophily,24.0,0.8,0.35,0,target:211:rho_high:0:1381459236,0.0005919264513067901,1.0,0.0001125554772443138
211,pna,rho_high,homophily,24.0,0.8,0.35,0,target:211:rho_high:0:1381459236,0.001521665370091796,1.0,0.00018771449686028063
211,mean,rho_high,homophily,24.0,0.8,0.35,1,target:211:rho_high:1:1000911892,0.004089798778295517,0.998291015625,0.001179018523544073
211,mean_degree,rho_high,homophily,24.0,0.8,0.35,1,target:211:rho_high:1:1000911892,0.003984098322689533,0.998291015625,0.0011688857339322567
211,sum,rho_high,homophily,24.0,0.8,0.35,1,target:211:rho_high:1:1000911892,0.004428698681294918,0.998046875,0.001295718946494162
211,pna,rho_high,homophily,24.0,0.8,0.35,1,target:211:rho_high:1:1000911892,0.010090594179928303,0.99755859375,0.002436745911836624
211,mean,rho_high,homophily,24.0,0.8,0.35,2,target:211:rho_high:2:1511600717,0.0017788168042898178,0.999755859375,0.0003194586024619639
211,mean_degree,rho_high,homophily,24.0,0.8,0.35,2,target:211:rho_high:2:1511600717,0.0016619780799373984,0.999755859375,0.0003207264526281506
211,sum,rho_high,homophily,24.0,0.8,0.35,2,target:211:rho_high:2:1511600717,0.0017142667202278972,0.99951171875,0.00033993046963587403
211,pna,rho_high,homophily,24.0,0.8,0.35,2,target:211:rho_high:2:1511600717,0.0063722999766469,0.99853515625,0.0014433588366955519
211,mean,rho_high,homophily,24.0,0.8,0.35,3,target:211:rho_high:3:552467518,0.0013055673334747553,0.9990234375,0.00038085313281044364
211,mean_degree,rho_high,homophily,24.0,0.8,0.35,3,target:211:rho_high:3:552467518,0.0011091280030086637,0.99951171875,0.00028351566288620234
211,sum,rho_high,homophily,24.0,0.8,0.35,3,target:211:rho_high:3:552467518,0.0013348589418455958,0.999267578125,0.00038548855809494853
211,pna,rho_high,homophily,24.0,0.8,0.35,3,target:211:rho_high:3:552467518,0.003765191650018096,0.9990234375,0.0008865824202075601
211,mean,rho_high,homophily,24.0,0.8,0.35,4,target:211:rho_high:4:12906772,0.0005855417693965137,0.999755859375,8.810558938421309e-05
211,mean_degree,rho_high,homophily,24.0,0.8,0.35,4,target:211:rho_high:4:12906772,0.0005825727712363005,0.999755859375,0.00010775648843264207
211,sum,rho_high,homophily,24.0,0.8,0.35,4,target:211:rho_high:4:12906772,0.0008045993745326996,0.999755859375,0.00019356387201696634
211,pna,rho_high,homophily,24.0,0.8,0.35,4,target:211:rho_high:4:12906772,0.004006728995591402,0.998779296875,0.0008719387114979327
211,mean,rho_high,homophily,24.0,0.8,0.35,5,target:211:rho_high:5:1850231876,0.0012190593406558037,0.999267578125,0.0003482427273411304
211,mean_degree,rho_high,homophily,24.0,0.8,0.35,5,target:211:rho_high:5:1850231876,0.0013465727679431438,0.999267578125,0.00041065068216994405
211,sum,rho_high,homophily,24.0,0.8,0.35,5,target:211:rho_high:5:1850231876,0.0017449207371100783,0.999267578125,0.0005147618940100074
211,pna,rho_high,homophily,24.0,0.8,0.35,5,target:211:rho_high:5:1850231876,0.0034820283763110638,0.99951171875,0.0006826400058344007
211,mean,rho_high,homophily,24.0,0.8,0.35,6,target:211:rho_high:6:417982237,0.0005113166989758611,1.0,2.6401732611702755e-05
211,mean_degree,rho_high,homophily,24.0,0.8,0.35,6,target:211:rho_high:6:417982237,0.0004880365449935198,1.0,2.3087530280463398e-05
211,sum,rho_high,homophily,24.0,0.8,0.35,6,target:211:rho_high:6:417982237,0.0005405546398833394,1.0,3.1804236641619354e-05
211,pna,rho_high,homophily,24.0,0.8,0.35,6,target:211:rho_high:6:417982237,0.003779693739488721,0.998779296875,0.0007833746494725347
211,mean,rho_high,homophily,24.0,0.8,0.35,7,target:211:rho_high:7:385880450,0.00024663686053827405,1.0,1.3902254067943431e-05
211,mean_degree,rho_high,homophily,24.0,0.8,0.35,7,target:211:rho_high:7:385880450,0.00027795531786978245,1.0,1.5759311281726696e-05
211,sum,rho_high,homophily,24.0,0.8,0.35,7,target:211:rho_high:7:385880450,0.0007969532744027674,0.999755859375,0.00019530169083736837
211,pna,rho_high,homophily,24.0,0.8,0.35,7,target:211:rho_high:7:385880450,0.0016301252180710435,0.999755859375,0.00022604316473007202
211,mean,mu_low,feature_signal,24.0,0.6,0.2,0,target:211:mu_low:0:2132694618,0.1730378270149231,0.931640625,0.050304166972637177
211,mean_degree,mu_low,feature_signal,24.0,0.6,0.2,0,target:211:mu_low:0:2132694618,0.17025500535964966,0.932373046875,0.049881093204021454
211,sum,mu_low,feature_signal,24.0,0.6,0.2,0,target:211:mu_low:0:2132694618,0.1887873113155365,0.930908203125,0.0530129075050354
211,pna,mu_low,feature_signal,24.0,0.6,0.2,0,target:211:mu_low:0:2132694618,0.2563929259777069,0.890380859375,0.07820408046245575
211,mean,mu_low,feature_signal,24.0,0.6,0.2,1,target:211:mu_low:1:1250684367,0.1971054971218109,0.921875,0.0582076758146286
211,mean_degree,mu_low,feature_signal,24.0,0.6,0.2,1,target:211:mu_low:1:1250684367,0.1950165033340454,0.921875,0.058154888451099396
211,sum,mu_low,feature_signal,24.0,0.6,0.2,1,target:211:mu_low:1:1250684367,0.21349720656871796,0.919189453125,0.06059420853853226
211,pna,mu_low,feature_signal,24.0,0.6,0.2,1,target:211:mu_low:1:1250684367,0.2301979809999466,0.909423828125,0.06917741149663925
211,mean,mu_low,feature_signal,24.0,0.6,0.2,2,target:211:mu_low:2:706796977,0.18289217352867126,0.927001953125,0.053278904408216476
211,mean_degree,mu_low,feature_signal,24.0,0.6,0.2,2,target:211:mu_low:2:706796977,0.17739880084991455,0.930419921875,0.05207011103630066
211,sum,mu_low,feature_signal,24.0,0.6,0.2,2,target:211:mu_low:2:706796977,0.20717424154281616,0.921142578125,0.05936136096715927
211,pna,mu_low,feature_signal,24.0,0.6,0.2,2,target:211:mu_low:2:706796977,0.2698095738887787,0.89111328125,0.08084385097026825
211,mean,mu_low,feature_signal,24.0,0.6,0.2,3,target:211:mu_low:3:2006093670,0.16704551875591278,0.931396484375,0.0489964634180069
211,mean_degree,mu_low,feature_signal,24.0,0.6,0.2,3,target:211:mu_low:3:2006093670,0.1625971794128418,0.93359375,0.0481487512588501
211,sum,mu_low,feature_signal,24.0,0.6,0.2,3,target:211:mu_low:3:2006093670,0.19401630759239197,0.9287109375,0.05419772490859032
211,pna,mu_low,feature_signal,24.0,0.6,0.2,3,target:211:mu_low:3:2006093670,0.19920417666435242,0.921875,0.058541059494018555
211,mean,mu_low,feature_signal,24.0,0.6,0.2,4,target:211:mu_low:4:1915211132,0.1805911660194397,0.927001953125,0.05272235348820686
211,mean_degree,mu_low,feature_signal,24.0,0.6,0.2,4,target:211:mu_low:4:1915211132,0.17713771760463715,0.92822265625,0.052013006061315536
211,sum,mu_low,feature_signal,24.0,0.6,0.2,4,target:211:mu_low:4:1915211132,0.1952836811542511,0.92919921875,0.05493396148085594
211,pna,mu_low,feature_signal,24.0,0.6,0.2,4,target:211:mu_low:4:1915211132,0.24464574456214905,0.89404296875,0.074327751994133
211,mean,mu_low,feature_signal,24.0,0.6,0.2,5,target:211:mu_low:5:702439317,0.19089609384536743,0.923583984375,0.056872785091400146
211,mean_degree,mu_low,feature_signal,24.0,0.6,0.2,5,target:211:mu_low:5:702439317,0.19479191303253174,0.921142578125,0.058190107345581055
211,sum,mu_low,feature_signal,24.0,0.6,0.2,5,target:211:mu_low:5:702439317,0.22758620977401733,0.9140625,0.06335736811161041
211,pna,mu_low,feature_signal,24.0,0.6,0.2,5,target:211:mu_low:5:702439317,0.24117136001586914,0.89404296875,0.07411085069179535
211,mean,mu_low,feature_signal,24.0,0.6,0.2,6,target:211:mu_low:6:90865643,0.2022804617881775,0.91796875,0.06090940535068512
211,mean_degree,mu_low,feature_signal,24.0,0.6,0.2,6,target:211:mu_low:6:90865643,0.19606295228004456,0.917724609375,0.05921326205134392
211,sum,mu_low,feature_signal,24.0,0.6,0.2,6,target:211:mu_low:6:90865643,0.247116357088089,0.908935546875,0.06845755875110626
211,pna,mu_low,feature_signal,24.0,0.6,0.2,6,target:211:mu_low:6:90865643,0.25437986850738525,0.89453125,0.07682159543037415
211,mean,mu_low,feature_signal,24.0,0.6,0.2,7,target:211:mu_low:7:1897227430,0.12454071640968323,0.951904296875,0.035450734198093414
211,mean_degree,mu_low,feature_signal,24.0,0.6,0.2,7,target:211:mu_low:7:1897227430,0.12066586315631866,0.95166015625,0.03504759818315506
211,sum,mu_low,feature_signal,24.0,0.6,0.2,7,target:211:mu_low:7:1897227430,0.13431648910045624,0.949462890625,0.03827359527349472
211,pna,mu_low,feature_signal,24.0,0.6,0.2,7,target:211:mu_low:7:1897227430,0.1674714982509613,0.9306640625,0.049461111426353455
211,mean,mu_high,feature_signal,24.0,0.6,0.5,0,target:211:mu_high:0:2121756692,0.033004894852638245,0.98779296875,0.00913155172020197
211,mean_degree,mu_high,feature_signal,24.0,0.6,0.5,0,target:211:mu_high:0:2121756692,0.031103629618883133,0.987548828125,0.008753553964197636
211,sum,mu_high,feature_signal,24.0,0.6,0.5,0,target:211:mu_high:0:2121756692,0.03590083867311478,0.98779296875,0.010022789239883423
211,pna,mu_high,feature_signal,24.0,0.6,0.5,0,target:211:mu_high:0:2121756692,0.05226422846317291,0.980224609375,0.014811261557042599
211,mean,mu_high,feature_signal,24.0,0.6,0.5,1,target:211:mu_high:1:1382601244,0.029095325618982315,0.9892578125,0.008045727387070656
211,mean_degree,mu_high,feature_signal,24.0,0.6,0.5,1,target:211:mu_high:1:1382601244,0.029290903359651566,0.98779296875,0.00856834277510643
211,sum,mu_high,feature_signal,24.0,0.6,0.5,1,target:211:mu_high:1:1382601244,0.03350862115621567,0.987548828125,0.009746008552610874
211,pna,mu_high,feature_signal,24.0,0.6,0.5,1,target:211:mu_high:1:1382601244,0.04736674949526787,0.981689453125,0.01346547994762659
211,mean,mu_high,feature_signal,24.0,0.6,0.5,2,target:211:mu_high:2:1437805647,0.018565500155091286,0.99365234375,0.004992233589291573
211,mean_degree,mu_high,feature_signal,24.0,0.6,0.5,2,target:211:mu_high:2:1437805647,0.0163800660520792,0.994140625,0.00442954245954752
211,sum,mu_high,feature_signal,24.0,0.6,0.5,2,target:211:mu_high:2:1437805647,0.016793053597211838,0.9931640625,0.004919020459055901
211,pna,mu_high,feature_signal,24.0,0.6,0.5,2,target:211:mu_high:2:1437805647,0.02815154753625393,0.9892578125,0.007768436335027218
211,mean,mu_high,feature_signal,24.0,0.6,0.5,3,target:211:mu_high:3:1611752478,0.024425771087408066,0.989990234375,0.0070744045078754425
211,mean_degree,mu_high,feature_signal,24.0,0.6,0.5,3,target:211:mu_high:3:1611752478,0.022677410393953323,0.9912109375,0.00660230265930295
211,sum,mu_high,feature_signal,24.0,0.6,0.5,3,target:211:mu_high:3:1611752478,0.02730138599872589,0.990234375,0.007670696824789047
211,pna,mu_high,feature_signal,24.0,0.6,0.5,3,target:211:mu_high:3:1611752478,0.042812786996364594,0.984619140625,0.012262504547834396
211,mean,mu_high,feature_signal,24.0,0.6,0.5,4,target:211:mu_high:4:1025525488,0.020792046561837196,0.991943359375,0.005657244473695755
211,mean_degree,mu_high,feature_signal,24.0,0.6,0.5,4,target:211:mu_high:4:1025525488,0.02064845897257328,0.992431640625,0.0056394352577626705
211,sum,mu_high,feature_signal,24.0,0.6,0.5,4,target:211:mu_high:4:1025525488,0.02653384767472744,0.990234375,0.007469089701771736
211,pna,mu_high,feature_signal,24.0,0.6,0.5,4,target:211:mu_high:4:1025525488,0.04344463348388672,0.985107421875,0.01162315346300602
211,mean,mu_high,feature_signal,24.0,0.6,0.5,5,target:211:mu_high:5:91834285,0.01414470374584198,0.9951171875,0.003904768731445074
211,mean_degree,mu_high,feature_signal,24.0,0.6,0.5,5,target:211:mu_high:5:91834285,0.013388721272349358,0.99560546875,0.0037113334983587265
211,sum,mu_high,feature_signal,24.0,0.6,0.5,5,target:211:mu_high:5:91834285,0.014188604429364204,0.9951171875,0.004123955499380827
211,pna,mu_high,feature_signal,24.0,0.6,0.5,5,target:211:mu_high:5:91834285,0.0231730118393898,0.991943359375,0.006175081245601177
211,mean,mu_high,feature_signal,24.0,0.6,0.5,6,target:211:mu_high:6:1084260192,0.01489918865263462,0.994384765625,0.003968153148889542
211,mean_degree,mu_high,feature_signal,24.0,0.6,0.5,6,target:211:mu_high:6:1084260192,0.014715839177370071,0.994384765625,0.004171999637037516
211,sum,mu_high,feature_signal,24.0,0.6,0.5,6,target:211:mu_high:6:1084260192,0.018259679898619652,0.992919921875,0.0053126513957977295
211,pna,mu_high,feature_signal,24.0,0.6,0.5,6,target:211:mu_high:6:1084260192,0.03484208881855011,0.987060546875,0.00970729161053896
211,mean,mu_high,feature_signal,24.0,0.6,0.5,7,target:211:mu_high:7:706302448,0.022801566869020462,0.99267578125,0.006029721815139055
211,mean_degree,mu_high,feature_signal,24.0,0.6,0.5,7,target:211:mu_high:7:706302448,0.02277292124927044,0.9931640625,0.006134877912700176
211,sum,mu_high,feature_signal,24.0,0.6,0.5,7,target:211:mu_high:7:706302448,0.025382649153470993,0.990966796875,0.006917925085872412
211,pna,mu_high,feature_signal,24.0,0.6,0.5,7,target:211:mu_high:7:706302448,0.035718515515327454,0.988037109375,0.009566348977386951
211,mean,combined_l12_r03_m02,combined,12.0,0.3,0.2,0,target:211:combined_l12_r03_m02:0:342684408,1.7085957527160645,0.63623046875,0.31522220373153687
211,mean_degree,combined_l12_r03_m02,combined,12.0,0.3,0.2,0,target:211:combined_l12_r03_m02:0:342684408,1.004227638244629,0.63134765625,0.2806288003921509
211,sum,combined_l12_r03_m02,combined,12.0,0.3,0.2,0,target:211:combined_l12_r03_m02:0:342684408,0.7923569679260254,0.601318359375,0.2668524384498596
211,pna,combined_l12_r03_m02,combined,12.0,0.3,0.2,0,target:211:combined_l12_r03_m02:0:342684408,1.379239797592163,0.62451171875,0.3117961883544922
211,mean,combined_l12_r03_m02,combined,12.0,0.3,0.2,1,target:211:combined_l12_r03_m02:1:342833069,1.6967509984970093,0.632568359375,0.31488674879074097
211,mean_degree,combined_l12_r03_m02,combined,12.0,0.3,0.2,1,target:211:combined_l12_r03_m02:1:342833069,0.9729094505310059,0.638427734375,0.2748425602912903
211,sum,combined_l12_r03_m02,combined,12.0,0.3,0.2,1,target:211:combined_l12_r03_m02:1:342833069,0.7694352865219116,0.607666015625,0.26130855083465576
211,pna,combined_l12_r03_m02,combined,12.0,0.3,0.2,1,target:211:combined_l12_r03_m02:1:342833069,1.3881527185440063,0.625,0.3112215995788574
211,mean,combined_l12_r03_m02,combined,12.0,0.3,0.2,2,target:211:combined_l12_r03_m02:2:1535937421,1.713301420211792,0.6044921875,0.3327042758464813
211,mean_degree,combined_l12_r03_m02,combined,12.0,0.3,0.2,2,target:211:combined_l12_r03_m02:2:1535937421,1.0187625885009766,0.61279296875,0.2921992540359497
211,sum,combined_l12_r03_m02,combined,12.0,0.3,0.2,2,target:211:combined_l12_r03_m02:2:1535937421,0.8123537302017212,0.5830078125,0.2750830054283142
211,pna,combined_l12_r03_m02,combined,12.0,0.3,0.2,2,target:211:combined_l12_r03_m02:2:1535937421,1.430051326751709,0.605712890625,0.32561421394348145
211,mean,combined_l12_r03_m02,combined,12.0,0.3,0.2,3,target:211:combined_l12_r03_m02:3:1391550019,1.7488867044448853,0.622314453125,0.325640469789505
211,mean_degree,combined_l12_r03_m02,combined,12.0,0.3,0.2,3,target:211:combined_l12_r03_m02:3:1391550019,1.0055186748504639,0.62646484375,0.28422021865844727
211,sum,combined_l12_r03_m02,combined,12.0,0.3,0.2,3,target:211:combined_l12_r03_m02:3:1391550019,0.7971738576889038,0.59423828125,0.2699524164199829
211,pna,combined_l12_r03_m02,combined,12.0,0.3,0.2,3,target:211:combined_l12_r03_m02:3:1391550019,1.4276984930038452,0.615966796875,0.3193783760070801
211,mean,combined_l12_r03_m02,combined,12.0,0.3,0.2,4,target:211:combined_l12_r03_m02:4:920763096,1.6536580324172974,0.630859375,0.3159884810447693
211,mean_degree,combined_l12_r03_m02,combined,12.0,0.3,0.2,4,target:211:combined_l12_r03_m02:4:920763096,0.9567873477935791,0.62744140625,0.2751997709274292
211,sum,combined_l12_r03_m02,combined,12.0,0.3,0.2,4,target:211:combined_l12_r03_m02:4:920763096,0.776094377040863,0.603271484375,0.26247450709342957
211,pna,combined_l12_r03_m02,combined,12.0,0.3,0.2,4,target:211:combined_l12_r03_m02:4:920763096,1.3550297021865845,0.634033203125,0.30638861656188965
211,mean,combined_l12_r03_m02,combined,12.0,0.3,0.2,5,target:211:combined_l12_r03_m02:5:56921060,1.6881937980651855,0.635498046875,0.31096509099006653
211,mean_degree,combined_l12_r03_m02,combined,12.0,0.3,0.2,5,target:211:combined_l12_r03_m02:5:56921060,1.0135139226913452,0.634765625,0.27964484691619873
211,sum,combined_l12_r03_m02,combined,12.0,0.3,0.2,5,target:211:combined_l12_r03_m02:5:56921060,0.7950315475463867,0.6015625,0.2675495743751526
211,pna,combined_l12_r03_m02,combined,12.0,0.3,0.2,5,target:211:combined_l12_r03_m02:5:56921060,1.3537571430206299,0.63720703125,0.30311399698257446
211,mean,combined_l12_r03_m02,combined,12.0,0.3,0.2,6,target:211:combined_l12_r03_m02:6:112853221,1.657177448272705,0.635986328125,0.3084160387516022
211,mean_degree,combined_l12_r03_m02,combined,12.0,0.3,0.2,6,target:211:combined_l12_r03_m02:6:112853221,0.9532482624053955,0.639404296875,0.26917797327041626
211,sum,combined_l12_r03_m02,combined,12.0,0.3,0.2,6,target:211:combined_l12_r03_m02:6:112853221,0.7585638761520386,0.611083984375,0.2570365071296692
211,pna,combined_l12_r03_m02,combined,12.0,0.3,0.2,6,target:211:combined_l12_r03_m02:6:112853221,1.354396104812622,0.623291015625,0.3100284934043884
211,mean,combined_l12_r03_m02,combined,12.0,0.3,0.2,7,target:211:combined_l12_r03_m02:7:1411201752,1.7510511875152588,0.60791015625,0.332916259765625
211,mean_degree,combined_l12_r03_m02,combined,12.0,0.3,0.2,7,target:211:combined_l12_r03_m02:7:1411201752,1.0057153701782227,0.617919921875,0.2889642119407654
211,sum,combined_l12_r03_m02,combined,12.0,0.3,0.2,7,target:211:combined_l12_r03_m02:7:1411201752,0.8016929626464844,0.5888671875,0.2731602191925049
211,pna,combined_l12_r03_m02,combined,12.0,0.3,0.2,7,target:211:combined_l12_r03_m02:7:1411201752,1.4743783473968506,0.60009765625,0.331244558095932
211,mean,combined_l12_r03_m05,combined,12.0,0.3,0.5,0,target:211:combined_l12_r03_m05:0:1685107925,1.2281583547592163,0.74462890625,0.21954882144927979
211,mean_degree,combined_l12_r03_m05,combined,12.0,0.3,0.5,0,target:211:combined_l12_r03_m05:0:1685107925,0.7155750393867493,0.74658203125,0.19253848493099213
211,sum,combined_l12_r03_m05,combined,12.0,0.3,0.5,0,target:211:combined_l12_r03_m05:0:1685107925,0.6538139581680298,0.68994140625,0.21351677179336548
211,pna,combined_l12_r03_m05,combined,12.0,0.3,0.5,0,target:211:combined_l12_r03_m05:0:1685107925,1.0096049308776855,0.739990234375,0.21902966499328613
211,mean,combined_l12_r03_m05,combined,12.0,0.3,0.5,1,target:211:combined_l12_r03_m05:1:226245821,1.3165209293365479,0.740234375,0.2258276492357254
211,mean_degree,combined_l12_r03_m05,combined,12.0,0.3,0.5,1,target:211:combined_l12_r03_m05:1:226245821,0.7279143929481506,0.743896484375,0.19769710302352905
211,sum,combined_l12_r03_m05,combined,12.0,0.3,0.5,1,target:211:combined_l12_r03_m05:1:226245821,0.667288064956665,0.690185546875,0.21608275175094604
211,pna,combined_l12_r03_m05,combined,12.0,0.3,0.5,1,target:211:combined_l12_r03_m05:1:226245821,1.1322014331817627,0.72314453125,0.23623833060264587
211,mean,combined_l12_r03_m05,combined,12.0,0.3,0.5,2,target:211:combined_l12_r03_m05:2:314540143,1.1227660179138184,0.7451171875,0.21486790478229523
211,mean_degree,combined_l12_r03_m05,combined,12.0,0.3,0.5,2,target:211:combined_l12_r03_m05:2:314540143,0.6613629460334778,0.74755859375,0.1886509656906128
211,sum,combined_l12_r03_m05,combined,12.0,0.3,0.5,2,target:211:combined_l12_r03_m05:2:314540143,0.6482865810394287,0.686767578125,0.21407963335514069
211,pna,combined_l12_r03_m05,combined,12.0,0.3,0.5,2,target:211:combined_l12_r03_m05:2:314540143,1.0007264614105225,0.72900390625,0.22145208716392517
211,mean,combined_l12_r03_m05,combined,12.0,0.3,0.5,3,target:211:combined_l12_r03_m05:3:1887398524,1.2158435583114624,0.743896484375,0.21981269121170044
211,mean_degree,combined_l12_r03_m05,combined,12.0,0.3,0.5,3,target:211:combined_l12_r03_m05:3:1887398524,0.6916434168815613,0.752197265625,0.19085097312927246
211,sum,combined_l12_r03_m05,combined,12.0,0.3,0.5,3,target:211:combined_l12_r03_m05:3:1887398524,0.6411532163619995,0.69580078125,0.21089603006839752
211,pna,combined_l12_r03_m05,combined,12.0,0.3,0.5,3,target:211:combined_l12_r03_m05:3:1887398524,1.0392533540725708,0.73291015625,0.22529621422290802
211,mean,combined_l12_r03_m05,combined,12.0,0.3,0.5,4,target:211:combined_l12_r03_m05:4:883864040,1.0910334587097168,0.757568359375,0.2080429196357727
211,mean_degree,combined_l12_r03_m05,combined,12.0,0.3,0.5,4,target:211:combined_l12_r03_m05:4:883864040,0.655074954032898,0.760009765625,0.18321576714515686
211,sum,combined_l12_r03_m05,combined,12.0,0.3,0.5,4,target:211:combined_l12_r03_m05:4:883864040,0.6290439367294312,0.696044921875,0.20701856911182404
211,pna,combined_l12_r03_m05,combined,12.0,0.3,0.5,4,target:211:combined_l12_r03_m05:4:883864040,0.9075046181678772,0.744140625,0.2100420594215393
211,mean,combined_l12_r03_m05,combined,12.0,0.3,0.5,5,target:211:combined_l12_r03_m05:5:631431017,1.1069916486740112,0.7587890625,0.2055647075176239
211,mean_degree,combined_l12_r03_m05,combined,12.0,0.3,0.5,5,target:211:combined_l12_r03_m05:5:631431017,0.6537966132164001,0.7587890625,0.18283286690711975
211,sum,combined_l12_r03_m05,combined,12.0,0.3,0.5,5,target:211:combined_l12_r03_m05:5:631431017,0.629318118095398,0.70166015625,0.2070736438035965
211,pna,combined_l12_r03_m05,combined,12.0,0.3,0.5,5,target:211:combined_l12_r03_m05:5:631431017,0.9307331442832947,0.74951171875,0.2093084156513214
211,mean,combined_l12_r03_m05,combined,12.0,0.3,0.5,6,target:211:combined_l12_r03_m05:6:382483968,1.0326533317565918,0.763671875,0.20086437463760376
211,mean_degree,combined_l12_r03_m05,combined,12.0,0.3,0.5,6,target:211:combined_l12_r03_m05:6:382483968,0.6435145139694214,0.76220703125,0.17935636639595032
211,sum,combined_l12_r03_m05,combined,12.0,0.3,0.5,6,target:211:combined_l12_r03_m05:6:382483968,0.6209689378738403,0.705078125,0.20439082384109497
211,pna,combined_l12_r03_m05,combined,12.0,0.3,0.5,6,target:211:combined_l12_r03_m05:6:382483968,0.820781946182251,0.761474609375,0.19343000650405884
211,mean,combined_l12_r03_m05,combined,12.0,0.3,0.5,7,target:211:combined_l12_r03_m05:7:1613112301,1.197521448135376,0.75048828125,0.21424809098243713
211,mean_degree,combined_l12_r03_m05,combined,12.0,0.3,0.5,7,target:211:combined_l12_r03_m05:7:1613112301,0.70771324634552,0.752685546875,0.18995831906795502
211,sum,combined_l12_r03_m05,combined,12.0,0.3,0.5,7,target:211:combined_l12_r03_m05:7:1613112301,0.6474519968032837,0.695556640625,0.21165399253368378
211,pna,combined_l12_r03_m05,combined,12.0,0.3,0.5,7,target:211:combined_l12_r03_m05:7:1613112301,1.0161875486373901,0.734619140625,0.2217848300933838
211,mean,combined_l12_r08_m02,combined,12.0,0.8,0.2,0,target:211:combined_l12_r08_m02:0:375226153,0.24141466617584229,0.927001953125,0.057533714920282364
211,mean_degree,combined_l12_r08_m02,combined,12.0,0.8,0.2,0,target:211:combined_l12_r08_m02:0:375226153,0.14944475889205933,0.93994140625,0.04453200101852417
211,sum,combined_l12_r08_m02,combined,12.0,0.8,0.2,0,target:211:combined_l12_r08_m02:0:375226153,0.19780895113945007,0.927734375,0.056115712970495224
211,pna,combined_l12_r08_m02,combined,12.0,0.8,0.2,0,target:211:combined_l12_r08_m02:0:375226153,0.2786421775817871,0.905517578125,0.07365532219409943
211,mean,combined_l12_r08_m02,combined,12.0,0.8,0.2,1,target:211:combined_l12_r08_m02:1:396502930,0.33062368631362915,0.91259765625,0.07211491465568542
211,mean_degree,combined_l12_r08_m02,combined,12.0,0.8,0.2,1,target:211:combined_l12_r08_m02:1:396502930,0.20256651937961578,0.924072265625,0.05990764498710632
211,sum,combined_l12_r08_m02,combined,12.0,0.8,0.2,1,target:211:combined_l12_r08_m02:1:396502930,0.22914165258407593,0.908935546875,0.06795795261859894
211,pna,combined_l12_r08_m02,combined,12.0,0.8,0.2,1,target:211:combined_l12_r08_m02:1:396502930,0.3909684717655182,0.875732421875,0.0981181189417839
211,mean,combined_l12_r08_m02,combined,12.0,0.8,0.2,2,target:211:combined_l12_r08_m02:2:1826317557,0.38156846165657043,0.904296875,0.0808246061205864
211,mean_degree,combined_l12_r08_m02,combined,12.0,0.8,0.2,2,target:211:combined_l12_r08_m02:2:1826317557,0.22232958674430847,0.911376953125,0.06510475277900696
211,sum,combined_l12_r08_m02,combined,12.0,0.8,0.2,2,target:211:combined_l12_r08_m02:2:1826317557,0.24107280373573303,0.901611328125,0.07240449637174606
211,pna,combined_l12_r08_m02,combined,12.0,0.8,0.2,2,target:211:combined_l12_r08_m02:2:1826317557,0.393720805644989,0.879638671875,0.09595233201980591
211,mean,combined_l12_r08_m02,combined,12.0,0.8,0.2,3,target:211:combined_l12_r08_m02:3:2088556533,0.3091341257095337,0.91455078125,0.06915929913520813
211,mean_degree,combined_l12_r08_m02,combined,12.0,0.8,0.2,3,target:211:combined_l12_r08_m02:3:2088556533,0.20737606287002563,0.921875,0.05928201228380203
211,sum,combined_l12_r08_m02,combined,12.0,0.8,0.2,3,target:211:combined_l12_r08_m02:3:2088556533,0.22690564393997192,0.916015625,0.06618569046258926
211,pna,combined_l12_r08_m02,combined,12.0,0.8,0.2,3,target:211:combined_l12_r08_m02:3:2088556533,0.25805050134658813,0.920654296875,0.06546148657798767
211,mean,combined_l12_r08_m02,combined,12.0,0.8,0.2,4,target:211:combined_l12_r08_m02:4:1719155055,0.3515283167362213,0.901611328125,0.07870388776063919
211,mean_degree,combined_l12_r08_m02,combined,12.0,0.8,0.2,4,target:211:combined_l12_r08_m02:4:1719155055,0.2382652759552002,0.907958984375,0.06976085156202316
211,sum,combined_l12_r08_m02,combined,12.0,0.8,0.2,4,target:211:combined_l12_r08_m02:4:1719155055,0.23459437489509583,0.90966796875,0.06893613934516907
211,pna,combined_l12_r08_m02,combined,12.0,0.8,0.2,4,target:211:combined_l12_r08_m02:4:1719155055,0.3470427989959717,0.88525390625,0.0899394154548645
211,mean,combined_l12_r08_m02,combined,12.0,0.8,0.2,5,target:211:combined_l12_r08_m02:5:409448114,0.47283706068992615,0.866455078125,0.10586047172546387
211,mean_degree,combined_l12_r08_m02,combined,12.0,0.8,0.2,5,target:211:combined_l12_r08_m02:5:409448114,0.3249432444572449,0.870361328125,0.09612846374511719
211,sum,combined_l12_r08_m02,combined,12.0,0.8,0.2,5,target:211:combined_l12_r08_m02:5:409448114,0.3151172995567322,0.86181640625,0.09763423353433609
211,pna,combined_l12_r08_m02,combined,12.0,0.8,0.2,5,target:211:combined_l12_r08_m02:5:409448114,0.4700206518173218,0.85302734375,0.11754277348518372
211,mean,combined_l12_r08_m02,combined,12.0,0.8,0.2,6,target:211:combined_l12_r08_m02:6:61933732,0.3441859483718872,0.90625,0.07663090527057648
211,mean_degree,combined_l12_r08_m02,combined,12.0,0.8,0.2,6,target:211:combined_l12_r08_m02:6:61933732,0.23333740234375,0.909912109375,0.0675891786813736
211,sum,combined_l12_r08_m02,combined,12.0,0.8,0.2,6,target:211:combined_l12_r08_m02:6:61933732,0.24165958166122437,0.902587890625,0.07180722802877426
211,pna,combined_l12_r08_m02,combined,12.0,0.8,0.2,6,target:211:combined_l12_r08_m02:6:61933732,0.31287819147109985,0.900634765625,0.07927638292312622
211,mean,combined_l12_r08_m02,combined,12.0,0.8,0.2,7,target:211:combined_l12_r08_m02:7:1066928474,0.3604987859725952,0.897216796875,0.08168033510446548
211,mean_degree,combined_l12_r08_m02,combined,12.0,0.8,0.2,7,target:211:combined_l12_r08_m02:7:1066928474,0.22550062835216522,0.912353515625,0.06589435786008835
211,sum,combined_l12_r08_m02,combined,12.0,0.8,0.2,7,target:211:combined_l12_r08_m02:7:1066928474,0.24679312109947205,0.90185546875,0.07284506410360336
211,pna,combined_l12_r08_m02,combined,12.0,0.8,0.2,7,target:211:combined_l12_r08_m02:7:1066928474,0.34172576665878296,0.888427734375,0.08723516762256622
211,mean,combined_l12_r08_m05,combined,12.0,0.8,0.5,0,target:211:combined_l12_r08_m05:0:230222061,0.014622071757912636,0.994384765625,0.003918522968888283
211,mean_degree,combined_l12_r08_m05,combined,12.0,0.8,0.5,0,target:211:combined_l12_r08_m05:0:230222061,0.01148679293692112,0.994873046875,0.003230517264455557
211,sum,combined_l12_r08_m05,combined,12.0,0.8,0.5,0,target:211:combined_l12_r08_m05:0:230222061,0.034659553319215775,0.989013671875,0.008193311281502247
211,pna,combined_l12_r08_m05,combined,12.0,0.8,0.5,0,target:211:combined_l12_r08_m05:0:230222061,0.028255967423319817,0.99072265625,0.007523555774241686
211,mean,combined_l12_r08_m05,combined,12.0,0.8,0.5,1,target:211:combined_l12_r08_m05:1:1125561997,0.024026494473218918,0.99462890625,0.004359098616987467
211,mean_degree,combined_l12_r08_m05,combined,12.0,0.8,0.5,1,target:211:combined_l12_r08_m05:1:1125561997,0.01714058220386505,0.99462890625,0.004331241361796856
211,sum,combined_l12_r08_m05,combined,12.0,0.8,0.5,1,target:211:combined_l12_r08_m05:1:1125561997,0.04111458361148834,0.988037109375,0.009721154347062111
211,pna,combined_l12_r08_m05,combined,12.0,0.8,0.5,1,target:211:combined_l12_r08_m05:1:1125561997,0.025911735370755196,0.9912109375,0.006558028049767017
211,mean,combined_l12_r08_m05,combined,12.0,0.8,0.5,2,target:211:combined_l12_r08_m05:2:1881193692,0.030876385048031807,0.9931640625,0.005669986363500357
211,mean_degree,combined_l12_r08_m05,combined,12.0,0.8,0.5,2,target:211:combined_l12_r08_m05:2:1881193692,0.02176283858716488,0.99365234375,0.005304154008626938
211,sum,combined_l12_r08_m05,combined,12.0,0.8,0.5,2,target:211:combined_l12_r08_m05:2:1881193692,0.04493049532175064,0.987548828125,0.010744532570242882
211,pna,combined_l12_r08_m05,combined,12.0,0.8,0.5,2,target:211:combined_l12_r08_m05:2:1881193692,0.04348348453640938,0.988037109375,0.010035221464931965
211,mean,combined_l12_r08_m05,combined,12.0,0.8,0.5,3,target:211:combined_l12_r08_m05:3:1729503617,0.02663036808371544,0.9921875,0.0063295732252299786
211,mean_degree,combined_l12_r08_m05,combined,12.0,0.8,0.5,3,target:211:combined_l12_r08_m05:3:1729503617,0.01780357025563717,0.993896484375,0.005027183331549168
211,sum,combined_l12_r08_m05,combined,12.0,0.8,0.5,3,target:211:combined_l12_r08_m05:3:1729503617,0.046312034130096436,0.98583984375,0.01137207355350256
211,pna,combined_l12_r08_m05,combined,12.0,0.8,0.5,3,target:211:combined_l12_r08_m05:3:1729503617,0.042607106268405914,0.98779296875,0.010519526898860931
211,mean,combined_l12_r08_m05,combined,12.0,0.8,0.5,4,target:211:combined_l12_r08_m05:4:137664922,0.026769451797008514,0.992919921875,0.005466944072395563
211,mean_degree,combined_l12_r08_m05,combined,12.0,0.8,0.5,4,target:211:combined_l12_r08_m05:4:137664922,0.016631197184324265,0.994873046875,0.004437547642737627
211,sum,combined_l12_r08_m05,combined,12.0,0.8,0.5,4,target:211:combined_l12_r08_m05:4:137664922,0.03968954086303711,0.98876953125,0.009433730505406857
211,pna,combined_l12_r08_m05,combined,12.0,0.8,0.5,4,target:211:combined_l12_r08_m05:4:137664922,0.030811050906777382,0.989990234375,0.007727482356131077
211,mean,combined_l12_r08_m05,combined,12.0,0.8,0.5,5,target:211:combined_l12_r08_m05:5:1459291902,0.03008607216179371,0.99169921875,0.006776937283575535
211,mean_degree,combined_l12_r08_m05,combined,12.0,0.8,0.5,5,target:211:combined_l12_r08_m05:5:1459291902,0.018797937780618668,0.9931640625,0.005334792658686638
211,sum,combined_l12_r08_m05,combined,12.0,0.8,0.5,5,target:211:combined_l12_r08_m05:5:1459291902,0.04283497482538223,0.9873046875,0.010517023503780365
211,pna,combined_l12_r08_m05,combined,12.0,0.8,0.5,5,target:211:combined_l12_r08_m05:5:1459291902,0.045471303164958954,0.986328125,0.011349694803357124
211,mean,combined_l12_r08_m05,combined,12.0,0.8,0.5,6,target:211:combined_l12_r08_m05:6:1420891373,0.018091604113578796,0.995361328125,0.0039779976941645145
211,mean_degree,combined_l12_r08_m05,combined,12.0,0.8,0.5,6,target:211:combined_l12_r08_m05:6:1420891373,0.012905439361929893,0.994873046875,0.00367831252515316
211,sum,combined_l12_r08_m05,combined,12.0,0.8,0.5,6,target:211:combined_l12_r08_m05:6:1420891373,0.03327440842986107,0.98876953125,0.008158509619534016
211,pna,combined_l12_r08_m05,combined,12.0,0.8,0.5,6,target:211:combined_l12_r08_m05:6:1420891373,0.026957575231790543,0.990966796875,0.006860127206891775
211,mean,combined_l12_r08_m05,combined,12.0,0.8,0.5,7,target:211:combined_l12_r08_m05:7:1602511230,0.028620094060897827,0.993408203125,0.0052108196541666985
211,mean_degree,combined_l12_r08_m05,combined,12.0,0.8,0.5,7,target:211:combined_l12_r08_m05:7:1602511230,0.019766760990023613,0.994140625,0.004699429497122765
211,sum,combined_l12_r08_m05,combined,12.0,0.8,0.5,7,target:211:combined_l12_r08_m05:7:1602511230,0.04443662241101265,0.987060546875,0.01058097556233406
211,pna,combined_l12_r08_m05,combined,12.0,0.8,0.5,7,target:211:combined_l12_r08_m05:7:1602511230,0.027769682928919792,0.99267578125,0.006008501630276442
211,mean,combined_l48_r03_m02,combined,48.0,0.3,0.2,0,target:211:combined_l48_r03_m02:0:1989949602,0.5233244895935059,0.745849609375,0.17254237830638885
211,mean_degree,combined_l48_r03_m02,combined,48.0,0.3,0.2,0,target:211:combined_l48_r03_m02:0:1989949602,0.537896990776062,0.762451171875,0.1686335951089859
211,sum,combined_l48_r03_m02,combined,48.0,0.3,0.2,0,target:211:combined_l48_r03_m02:0:1989949602,1.5471669435501099,0.761962890625,0.21544939279556274
211,pna,combined_l48_r03_m02,combined,48.0,0.3,0.2,0,target:211:combined_l48_r03_m02:0:1989949602,0.5247882008552551,0.74951171875,0.1741195023059845
211,mean,combined_l48_r03_m02,combined,48.0,0.3,0.2,1,target:211:combined_l48_r03_m02:1:42864435,0.7892715930938721,0.6318359375,0.25829845666885376
211,mean_degree,combined_l48_r03_m02,combined,48.0,0.3,0.2,1,target:211:combined_l48_r03_m02:1:42864435,1.1776907444000244,0.60791015625,0.31430286169052124
211,sum,combined_l48_r03_m02,combined,48.0,0.3,0.2,1,target:211:combined_l48_r03_m02:1:42864435,2.1868507862091064,0.682373046875,0.288807213306427
211,pna,combined_l48_r03_m02,combined,48.0,0.3,0.2,1,target:211:combined_l48_r03_m02:1:42864435,0.783927857875824,0.623779296875,0.2618102431297302
211,mean,combined_l48_r03_m02,combined,48.0,0.3,0.2,2,target:211:combined_l48_r03_m02:2:1609992375,0.5273188948631287,0.738037109375,0.17522338032722473
211,mean_degree,combined_l48_r03_m02,combined,48.0,0.3,0.2,2,target:211:combined_l48_r03_m02:2:1609992375,0.691865086555481,0.71875,0.20978742837905884
211,sum,combined_l48_r03_m02,combined,48.0,0.3,0.2,2,target:211:combined_l48_r03_m02:2:1609992375,1.2283358573913574,0.774658203125,0.19739560782909393
211,pna,combined_l48_r03_m02,combined,48.0,0.3,0.2,2,target:211:combined_l48_r03_m02:2:1609992375,0.5766048431396484,0.714599609375,0.1939961314201355
211,mean,combined_l48_r03_m02,combined,48.0,0.3,0.2,3,target:211:combined_l48_r03_m02:3:1184285198,0.5106213688850403,0.75048828125,0.16800175607204437
211,mean_degree,combined_l48_r03_m02,combined,48.0,0.3,0.2,3,target:211:combined_l48_r03_m02:3:1184285198,0.7067097425460815,0.72119140625,0.2106514871120453
211,sum,combined_l48_r03_m02,combined,48.0,0.3,0.2,3,target:211:combined_l48_r03_m02:3:1184285198,1.1909211874008179,0.782470703125,0.18580541014671326
211,pna,combined_l48_r03_m02,combined,48.0,0.3,0.2,3,target:211:combined_l48_r03_m02:3:1184285198,0.5802640318870544,0.72021484375,0.19179195165634155
211,mean,combined_l48_r03_m02,combined,48.0,0.3,0.2,4,target:211:combined_l48_r03_m02:4:806820674,0.6175931096076965,0.7021484375,0.2029055655002594
211,mean_degree,combined_l48_r03_m02,combined,48.0,0.3,0.2,4,target:211:combined_l48_r03_m02:4:806820674,0.8686367273330688,0.6748046875,0.24830323457717896
211,sum,combined_l48_r03_m02,combined,48.0,0.3,0.2,4,target:211:combined_l48_r03_m02:4:806820674,1.5864980220794678,0.734375,0.23611897230148315
211,pna,combined_l48_r03_m02,combined,48.0,0.3,0.2,4,target:211:combined_l48_r03_m02:4:806820674,0.5610083937644958,0.726806640625,0.18629083037376404
211,mean,combined_l48_r03_m02,combined,48.0,0.3,0.2,5,target:211:combined_l48_r03_m02:5:806111233,0.4788270592689514,0.776611328125,0.15588179230690002
211,mean_degree,combined_l48_r03_m02,combined,48.0,0.3,0.2,5,target:211:combined_l48_r03_m02:5:806111233,0.6313518285751343,0.74560546875,0.19039766490459442
211,sum,combined_l48_r03_m02,combined,48.0,0.3,0.2,5,target:211:combined_l48_r03_m02:5:806111233,1.0986802577972412,0.7998046875,0.1755084991455078
211,pna,combined_l48_r03_m02,combined,48.0,0.3,0.2,5,target:211:combined_l48_r03_m02:5:806111233,0.4592851996421814,0.779541015625,0.1501259207725525
211,mean,combined_l48_r03_m02,combined,48.0,0.3,0.2,6,target:211:combined_l48_r03_m02:6:705463705,0.6043041944503784,0.717041015625,0.19831377267837524
211,mean_degree,combined_l48_r03_m02,combined,48.0,0.3,0.2,6,target:211:combined_l48_r03_m02:6:705463705,0.9187263250350952,0.668701171875,0.2558867931365967
211,sum,combined_l48_r03_m02,combined,48.0,0.3,0.2,6,target:211:combined_l48_r03_m02:6:705463705,1.7888582944869995,0.74169921875,0.23513418436050415
211,pna,combined_l48_r03_m02,combined,48.0,0.3,0.2,6,target:211:combined_l48_r03_m02:6:705463705,0.5666223764419556,0.734130859375,0.1874934583902359
211,mean,combined_l48_r03_m02,combined,48.0,0.3,0.2,7,target:211:combined_l48_r03_m02:7:1043299591,0.6039361953735352,0.7109375,0.19987310469150543
211,mean_degree,combined_l48_r03_m02,combined,48.0,0.3,0.2,7,target:211:combined_l48_r03_m02:7:1043299591,0.8662493228912354,0.674072265625,0.2484334111213684
211,sum,combined_l48_r03_m02,combined,48.0,0.3,0.2,7,target:211:combined_l48_r03_m02:7:1043299591,1.680158019065857,0.74560546875,0.22985264658927917
211,pna,combined_l48_r03_m02,combined,48.0,0.3,0.2,7,target:211:combined_l48_r03_m02:7:1043299591,0.6195884943008423,0.69775390625,0.2051118016242981
211,mean,combined_l48_r03_m05,combined,48.0,0.3,0.5,0,target:211:combined_l48_r03_m05:0:243980514,0.23628398776054382,0.90576171875,0.06944940239191055
211,mean_degree,combined_l48_r03_m05,combined,48.0,0.3,0.5,0,target:211:combined_l48_r03_m05:0:243980514,0.25531625747680664,0.901611328125,0.07202627509832382
211,sum,combined_l48_r03_m05,combined,48.0,0.3,0.5,0,target:211:combined_l48_r03_m05:0:243980514,0.30409175157546997,0.9345703125,0.055104322731494904
211,pna,combined_l48_r03_m05,combined,48.0,0.3,0.5,0,target:211:combined_l48_r03_m05:0:243980514,0.2634162902832031,0.891357421875,0.07961565256118774
211,mean,combined_l48_r03_m05,combined,48.0,0.3,0.5,1,target:211:combined_l48_r03_m05:1:1893546761,0.2709383964538574,0.8837890625,0.08415934443473816
211,mean_degree,combined_l48_r03_m05,combined,48.0,0.3,0.5,1,target:211:combined_l48_r03_m05:1:1893546761,0.3617631793022156,0.860107421875,0.10423590242862701
211,sum,combined_l48_r03_m05,combined,48.0,0.3,0.5,1,target:211:combined_l48_r03_m05:1:1893546761,0.47866785526275635,0.9140625,0.07593970000743866
211,pna,combined_l48_r03_m05,combined,48.0,0.3,0.5,1,target:211:combined_l48_r03_m05:1:1893546761,0.24915681779384613,0.89306640625,0.07608721405267715
211,mean,combined_l48_r03_m05,combined,48.0,0.3,0.5,2,target:211:combined_l48_r03_m05:2:31707353,0.2776761054992676,0.880859375,0.08516170084476471
211,mean_degree,combined_l48_r03_m05,combined,48.0,0.3,0.5,2,target:211:combined_l48_r03_m05:2:31707353,0.25496673583984375,0.8974609375,0.07538026571273804
211,sum,combined_l48_r03_m05,combined,48.0,0.3,0.5,2,target:211:combined_l48_r03_m05:2:31707353,0.5268993973731995,0.906005859375,0.08224646002054214
211,pna,combined_l48_r03_m05,combined,48.0,0.3,0.5,2,target:211:combined_l48_r03_m05:2:31707353,0.30977848172187805,0.864013671875,0.09670744836330414
211,mean,combined_l48_r03_m05,combined,48.0,0.3,0.5,3,target:211:combined_l48_r03_m05:3:1157952033,0.23783671855926514,0.906005859375,0.07071440666913986
211,mean_degree,combined_l48_r03_m05,combined,48.0,0.3,0.5,3,target:211:combined_l48_r03_m05:3:1157952033,0.2628480792045593,0.898681640625,0.07547155022621155
211,sum,combined_l48_r03_m05,combined,48.0,0.3,0.5,3,target:211:combined_l48_r03_m05:3:1157952033,0.3784753978252411,0.9287109375,0.06105640530586243
211,pna,combined_l48_r03_m05,combined,48.0,0.3,0.5,3,target:211:combined_l48_r03_m05:3:1157952033,0.2546643912792206,0.8955078125,0.07600845396518707
211,mean,combined_l48_r03_m05,combined,48.0,0.3,0.5,4,target:211:combined_l48_r03_m05:4:662513613,0.2630138397216797,0.888916015625,0.08010927587747574
211,mean_degree,combined_l48_r03_m05,combined,48.0,0.3,0.5,4,target:211:combined_l48_r03_m05:4:662513613,0.33248186111450195,0.875,0.09469324350357056
211,sum,combined_l48_r03_m05,combined,48.0,0.3,0.5,4,target:211:combined_l48_r03_m05:4:662513613,0.42724305391311646,0.921875,0.06874245405197144
211,pna,combined_l48_r03_m05,combined,48.0,0.3,0.5,4,target:211:combined_l48_r03_m05:4:662513613,0.2399604618549347,0.900146484375,0.07201853394508362
211,mean,combined_l48_r03_m05,combined,48.0,0.3,0.5,5,target:211:combined_l48_r03_m05:5:1666967600,0.23577597737312317,0.904541015625,0.07068371772766113
211,mean_degree,combined_l48_r03_m05,combined,48.0,0.3,0.5,5,target:211:combined_l48_r03_m05:5:1666967600,0.2805229723453522,0.893310546875,0.08071129769086838
211,sum,combined_l48_r03_m05,combined,48.0,0.3,0.5,5,target:211:combined_l48_r03_m05:5:1666967600,0.3625694513320923,0.932373046875,0.058866459876298904
211,pna,combined_l48_r03_m05,combined,48.0,0.3,0.5,5,target:211:combined_l48_r03_m05:5:1666967600,0.2392473667860031,0.90673828125,0.07105761021375656
211,mean,combined_l48_r03_m05,combined,48.0,0.3,0.5,6,target:211:combined_l48_r03_m05:6:2075318350,0.22606465220451355,0.912353515625,0.0670316219329834
211,mean_degree,combined_l48_r03_m05,combined,48.0,0.3,0.5,6,target:211:combined_l48_r03_m05:6:2075318350,0.2551378309726715,0.907470703125,0.07216420024633408
211,sum,combined_l48_r03_m05,combined,48.0,0.3,0.5,6,target:211:combined_l48_r03_m05:6:2075318350,0.336653470993042,0.941162109375,0.052108876407146454
211,pna,combined_l48_r03_m05,combined,48.0,0.3,0.5,6,target:211:combined_l48_r03_m05:6:2075318350,0.24517807364463806,0.901611328125,0.07282198965549469
211,mean,combined_l48_r03_m05,combined,48.0,0.3,0.5,7,target:211:combined_l48_r03_m05:7:1187432860,0.2310515195131302,0.907958984375,0.0690525472164154
211,mean_degree,combined_l48_r03_m05,combined,48.0,0.3,0.5,7,target:211:combined_l48_r03_m05:7:1187432860,0.2745991349220276,0.89208984375,0.08080048859119415
211,sum,combined_l48_r03_m05,combined,48.0,0.3,0.5,7,target:211:combined_l48_r03_m05:7:1187432860,0.37332212924957275,0.92919921875,0.06022140011191368
211,pna,combined_l48_r03_m05,combined,48.0,0.3,0.5,7,target:211:combined_l48_r03_m05:7:1187432860,0.253224641084671,0.89599609375,0.075896255671978
211,mean,combined_l48_r08_m02,combined,48.0,0.8,0.2,0,target:211:combined_l48_r08_m02:0:2030221570,0.00163985975086689,1.0,3.1236566428560764e-05
211,mean_degree,combined_l48_r08_m02,combined,48.0,0.8,0.2,0,target:211:combined_l48_r08_m02:0:2030221570,0.00014637134154327214,1.0,7.608342002640711e-06
211,sum,combined_l48_r08_m02,combined,48.0,0.8,0.2,0,target:211:combined_l48_r08_m02:0:2030221570,7.864003237045836e-06,1.0,9.59534887101654e-08
211,pna,combined_l48_r08_m02,combined,48.0,0.8,0.2,0,target:211:combined_l48_r08_m02:0:2030221570,0.007341842167079449,1.0,0.00035765900975093246
211,mean,combined_l48_r08_m02,combined,48.0,0.8,0.2,1,target:211:combined_l48_r08_m02:1:2125131546,0.0027818605303764343,1.0,0.0001369187084492296
211,mean_degree,combined_l48_r08_m02,combined,48.0,0.8,0.2,1,target:211:combined_l48_r08_m02:1:2125131546,0.0004707484331447631,1.0,6.316010694717988e-05
211,sum,combined_l48_r08_m02,combined,48.0,0.8,0.2,1,target:211:combined_l48_r08_m02:1:2125131546,3.266389830969274e-05,1.0,2.0049410522915423e-06
211,pna,combined_l48_r08_m02,combined,48.0,0.8,0.2,1,target:211:combined_l48_r08_m02:1:2125131546,0.007899587973952293,0.999755859375,0.0004249196208547801
211,mean,combined_l48_r08_m02,combined,48.0,0.8,0.2,2,target:211:combined_l48_r08_m02:2:1000918460,0.007978794164955616,1.0,0.0006455766269937158
211,mean_degree,combined_l48_r08_m02,combined,48.0,0.8,0.2,2,target:211:combined_l48_r08_m02:2:1000918460,0.0010494391899555922,1.0,7.390746031887829e-05
211,sum,combined_l48_r08_m02,combined,48.0,0.8,0.2,2,target:211:combined_l48_r08_m02:2:1000918460,0.0009265894768759608,0.99951171875,0.0003252979659009725
211,pna,combined_l48_r08_m02,combined,48.0,0.8,0.2,2,target:211:combined_l48_r08_m02:2:1000918460,0.017699118703603745,0.99951171875,0.0016448788810521364
211,mean,combined_l48_r08_m02,combined,48.0,0.8,0.2,3,target:211:combined_l48_r08_m02:3:1754343426,0.006468081846833229,0.99951171875,0.0006347954040393233
211,mean_degree,combined_l48_r08_m02,combined,48.0,0.8,0.2,3,target:211:combined_l48_r08_m02:3:1754343426,0.0023590619675815105,0.999755859375,0.0004126809653826058
211,sum,combined_l48_r08_m02,combined,48.0,0.8,0.2,3,target:211:combined_l48_r08_m02:3:1754343426,0.0006825714372098446,0.99951171875,0.0002527179603930563
211,pna,combined_l48_r08_m02,combined,48.0,0.8,0.2,3,target:211:combined_l48_r08_m02:3:1754343426,0.023785989731550217,0.997802734375,0.0037361334543675184
211,mean,combined_l48_r08_m02,combined,48.0,0.8,0.2,4,target:211:combined_l48_r08_m02:4:1447493422,0.01380623783916235,0.998046875,0.0021895160898566246
211,mean_degree,combined_l48_r08_m02,combined,48.0,0.8,0.2,4,target:211:combined_l48_r08_m02:4:1447493422,0.007759388070553541,0.997314453125,0.0018656507600098848
211,sum,combined_l48_r08_m02,combined,48.0,0.8,0.2,4,target:211:combined_l48_r08_m02:4:1447493422,0.005306532606482506,0.99853515625,0.0012077768333256245
211,pna,combined_l48_r08_m02,combined,48.0,0.8,0.2,4,target:211:combined_l48_r08_m02:4:1447493422,0.0292007178068161,0.99609375,0.005223806016147137
211,mean,combined_l48_r08_m02,combined,48.0,0.8,0.2,5,target:211:combined_l48_r08_m02:5:985409585,0.00188207789324224,1.0,4.396420263219625e-05
211,mean_degree,combined_l48_r08_m02,combined,48.0,0.8,0.2,5,target:211:combined_l48_r08_m02:5:985409585,0.00023596116807311773,1.0,1.638060530240182e-05
211,sum,combined_l48_r08_m02,combined,48.0,0.8,0.2,5,target:211:combined_l48_r08_m02:5:985409585,5.3300616855267435e-05,1.0,8.08304685051553e-06
211,pna,combined_l48_r08_m02,combined,48.0,0.8,0.2,5,target:211:combined_l48_r08_m02:5:985409585,0.005031905137002468,0.999755859375,0.0003111627302132547
211,mean,combined_l48_r08_m02,combined,48.0,0.8,0.2,6,target:211:combined_l48_r08_m02:6:1256732122,0.0025078309699892998,1.0,4.725385224446654e-05
211,mean_degree,combined_l48_r08_m02,combined,48.0,0.8,0.2,6,target:211:combined_l48_r08_m02:6:1256732122,0.00024087211932055652,1.0,3.014217782038031e-06
211,sum,combined_l48_r08_m02,combined,48.0,0.8,0.2,6,target:211:combined_l48_r08_m02:6:1256732122,3.2136665595317027e-07,1.0,1.7797754936488275e-10
211,pna,combined_l48_r08_m02,combined,48.0,0.8,0.2,6,target:211:combined_l48_r08_m02:6:1256732122,0.00864973571151495,1.0,0.0004390064859762788
211,mean,combined_l48_r08_m02,combined,48.0,0.8,0.2,7,target:211:combined_l48_r08_m02:7:624086727,0.0026336354203522205,1.0,0.0001542778918519616
211,mean_degree,combined_l48_r08_m02,combined,48.0,0.8,0.2,7,target:211:combined_l48_r08_m02:7:624086727,0.00016860268078744411,1.0,3.1136548841459444e-06
211,sum,combined_l48_r08_m02,combined,48.0,0.8,0.2,7,target:211:combined_l48_r08_m02:7:624086727,1.1972167612839257e-06,1.0,2.5059423425233263e-09
211,pna,combined_l48_r08_m02,combined,48.0,0.8,0.2,7,target:211:combined_l48_r08_m02:7:624086727,0.008930385112762451,1.0,0.0006588331889361143
211,mean,combined_l48_r08_m05,combined,48.0,0.8,0.5,0,target:211:combined_l48_r08_m05:0:1938053514,1.3470308601881698e-07,1.0,2.2878678118676277e-11
211,mean_degree,combined_l48_r08_m05,combined,48.0,0.8,0.5,0,target:211:combined_l48_r08_m05:0:1938053514,1.3798823195187992e-09,1.0,7.345108035520815e-15
211,sum,combined_l48_r08_m05,combined,48.0,0.8,0.5,0,target:211:combined_l48_r08_m05:0:1938053514,3.488968983096537e-20,1.0,1.3998229835860762e-34
211,pna,combined_l48_r08_m05,combined,48.0,0.8,0.5,0,target:211:combined_l48_r08_m05:0:1938053514,1.039510425471235e-05,1.0,3.481475996380823e-09
211,mean,combined_l48_r08_m05,combined,48.0,0.8,0.5,1,target:211:combined_l48_r08_m05:1:527315654,2.3873224108683644e-07,1.0,4.484486133132792e-12
211,mean_degree,combined_l48_r08_m05,combined,48.0,0.8,0.5,1,target:211:combined_l48_r08_m05:1:527315654,2.793709985571269e-10,1.0,3.493199277806952e-17
211,sum,combined_l48_r08_m05,combined,48.0,0.8,0.5,1,target:211:combined_l48_r08_m05:1:527315654,9.06946879792435e-18,1.0,1.1285965343282938e-33
211,pna,combined_l48_r08_m05,combined,48.0,0.8,0.5,1,target:211:combined_l48_r08_m05:1:527315654,2.2440694010583684e-05,1.0,8.508505011661782e-09
211,mean,combined_l48_r08_m05,combined,48.0,0.8,0.5,2,target:211:combined_l48_r08_m05:2:17465726,1.9424723518568499e-07,1.0,9.90167409870013e-12
211,mean_degree,combined_l48_r08_m05,combined,48.0,0.8,0.5,2,target:211:combined_l48_r08_m05:2:17465726,3.521107849735472e-10,1.0,2.6604682833436934e-16
211,sum,combined_l48_r08_m05,combined,48.0,0.8,0.5,2,target:211:combined_l48_r08_m05:2:17465726,2.0717237334697524e-19,1.0,1.456693053140683e-31
211,pna,combined_l48_r08_m05,combined,48.0,0.8,0.5,2,target:211:combined_l48_r08_m05:2:17465726,1.6555897673242725e-05,1.0,4.764974192994487e-09
211,mean,combined_l48_r08_m05,combined,48.0,0.8,0.5,3,target:211:combined_l48_r08_m05:3:1123591459,2.475602798313048e-07,1.0,1.2857650708020252e-11
211,mean_degree,combined_l48_r08_m05,combined,48.0,0.8,0.5,3,target:211:combined_l48_r08_m05:3:1123591459,3.082835930978689e-10,1.0,2.86735581601276e-16
211,sum,combined_l48_r08_m05,combined,48.0,0.8,0.5,3,target:211:combined_l48_r08_m05:3:1123591459,5.140277071636962e-20,1.0,8.992992749104157e-26
211,pna,combined_l48_r08_m05,combined,48.0,0.8,0.5,3,target:211:combined_l48_r08_m05:3:1123591459,1.9487175450194627e-05,1.0,7.027094461875549e-09
211,mean,combined_l48_r08_m05,combined,48.0,0.8,0.5,4,target:211:combined_l48_r08_m05:4:1199285220,1.1732824987120694e-06,1.0,1.4682408622235243e-09
211,mean_degree,combined_l48_r08_m05,combined,48.0,0.8,0.5,4,target:211:combined_l48_r08_m05:4:1199285220,3.274127280405992e-08,1.0,3.687571949184676e-12
211,sum,combined_l48_r08_m05,combined,48.0,0.8,0.5,4,target:211:combined_l48_r08_m05:4:1199285220,1.8273602930444577e-16,1.0,5.5420191186321126e-39
211,pna,combined_l48_r08_m05,combined,48.0,0.8,0.5,4,target:211:combined_l48_r08_m05:4:1199285220,2.402328755124472e-05,1.0,2.2303074942442436e-08
211,mean,combined_l48_r08_m05,combined,48.0,0.8,0.5,5,target:211:combined_l48_r08_m05:5:1316726357,2.7656841439238633e-07,1.0,3.5516544566460695e-11
211,mean_degree,combined_l48_r08_m05,combined,48.0,0.8,0.5,5,target:211:combined_l48_r08_m05:5:1316726357,2.021603551227713e-09,1.0,8.194855723371065e-15
211,sum,combined_l48_r08_m05,combined,48.0,0.8,0.5,5,target:211:combined_l48_r08_m05:5:1316726357,1.0774740921781512e-19,1.0,3.127085098689656e-36
211,pna,combined_l48_r08_m05,combined,48.0,0.8,0.5,5,target:211:combined_l48_r08_m05:5:1316726357,1.3088364539726172e-05,1.0,6.42912922899086e-09
211,mean,combined_l48_r08_m05,combined,48.0,0.8,0.5,6,target:211:combined_l48_r08_m05:6:251362016,1.376662339680479e-07,1.0,1.0790489595596808e-12
211,mean_degree,combined_l48_r08_m05,combined,48.0,0.8,0.5,6,target:211:combined_l48_r08_m05:6:251362016,2.7300484789494206e-11,1.0,7.914980054814449e-19
211,sum,combined_l48_r08_m05,combined,48.0,0.8,0.5,6,target:211:combined_l48_r08_m05:6:251362016,6.904121749655841e-22,1.0,1.5211801479277557e-33
211,pna,combined_l48_r08_m05,combined,48.0,0.8,0.5,6,target:211:combined_l48_r08_m05:6:251362016,1.5171402992564254e-05,1.0,5.555749638119778e-09
211,mean,combined_l48_r08_m05,combined,48.0,0.8,0.5,7,target:211:combined_l48_r08_m05:7:254428581,8.377278248872244e-08,1.0,3.487036505898933e-13
211,mean_degree,combined_l48_r08_m05,combined,48.0,0.8,0.5,7,target:211:combined_l48_r08_m05:7:254428581,3.243204663161414e-11,1.0,7.284257164188238e-20
211,sum,combined_l48_r08_m05,combined,48.0,0.8,0.5,7,target:211:combined_l48_r08_m05:7:254428581,5.5086731049886766e-21,1.0,6.081635335169706e-43
211,pna,combined_l48_r08_m05,combined,48.0,0.8,0.5,7,target:211:combined_l48_r08_m05:7:254428581,1.4963531612011138e-05,1.0,2.555799127890168e-09
